2025-05-19 09:33:36,602 [INFO] Activator:176 - 


2025-05-19 09:33:36,607 [INFO] Activator:177 - !SESSION log4j initialized
2025-05-19 09:33:45,529 [INFO] LogOutputStream:77 - [STDOUT_REDIRECT] 
2025-05-19 09:33:48,821 [INFO] ApplicationProperties:184 - Using Application install path: C:\ST\STM32CubeIDE_1.17.0\STM32CubeIDE\plugins\com.st.stm32cube.common.mx_6.13.0.202411220809
2025-05-19 09:33:48,859 [INFO] DbMcusXml:78 - Set database path to: C:\ST\STM32CubeIDE_1.17.0\STM32CubeIDE\plugins\com.st.stm32cube.common.mx_6.13.0.202411220809\\db\/mcu/
2025-05-19 09:33:48,859 [INFO] ApiDb:274 - Set plugin database path to: C:\ST\STM32CubeIDE_1.17.0\STM32CubeIDE\plugins\com.st.stm32cube.common.mx_6.13.0.202411220809\\db\/plugins/boardmanager/
2025-05-19 09:33:48,859 [WARN] ApiDb:259 - Overriding images path with different value:  => C:\ST\STM32CubeIDE_1.17.0\STM32CubeIDE\plugins\com.st.stm32cube.common.mx_6.13.0.202411220809\\db\/plugins/mcufinder/images/
2025-05-19 09:33:48,875 [INFO] ApiDb:250 - Set database path to: C:\Users\Flori\.stmcufinder\plugins\mcufinder//mcu/
2025-05-19 09:33:48,875 [INFO] DbMcusAds:125 - Set database path to: C:\Users\Flori\.stmcufinder\plugins\mcufinder//mcu/
2025-05-19 09:33:48,881 [INFO] CrossReferenceDbSqlite:203 - Set database path to: C:\Users\Flori\.stmcufinder\plugins\mcufinder//mcu/cs/
2025-05-19 09:33:49,066 [INFO] RulesReader:64 - Compatibility file has been processed (297 Rules)
2025-05-19 09:33:49,219 [INFO] DbMcusXml:78 - Set database path to: C:\ST\STM32CubeIDE_1.17.0\STM32CubeIDE\plugins\com.st.stm32cube.common.mx_6.13.0.202411220809\\db\/mcu/
2025-05-19 09:33:49,219 [INFO] ApiDb:274 - Set plugin database path to: C:\ST\STM32CubeIDE_1.17.0\STM32CubeIDE\plugins\com.st.stm32cube.common.mx_6.13.0.202411220809\\db\/plugins/boardmanager/
2025-05-19 09:33:49,219 [INFO] ApiDb:261 - Set plugin images path to: C:\ST\STM32CubeIDE_1.17.0\STM32CubeIDE\plugins\com.st.stm32cube.common.mx_6.13.0.202411220809\\db\/plugins/mcufinder/images/
2025-05-19 09:33:49,219 [WARN] DbFile:41 - Overriding database path with different value: C:\Users\Flori\.stmcufinder\plugins\mcufinder/ => C:\Users\Flori\.stmcufinder\plugins\mcufinder
2025-05-19 09:33:49,219 [INFO] ApiDb:250 - Set database path to: C:\Users\Flori\.stmcufinder\plugins\mcufinder//mcu/
2025-05-19 09:33:49,219 [WARN] DbFile:41 - Overriding database path with different value: C:\Users\Flori\.stmcufinder\plugins\mcufinder/ => C:\Users\Flori\.stmcufinder\plugins\mcufinder
2025-05-19 09:33:49,219 [INFO] DbMcusAds:125 - Set database path to: C:\Users\Flori\.stmcufinder\plugins\mcufinder//mcu/
2025-05-19 09:33:49,219 [WARN] DbFile:41 - Overriding database path with different value: C:\Users\Flori\.stmcufinder\plugins\mcufinder/ => C:\Users\Flori\.stmcufinder\plugins\mcufinder
2025-05-19 09:33:49,219 [WARN] DbFile:41 - Overriding database path with different value: C:\Users\Flori\.stmcufinder\plugins\mcufinder/ => C:\Users\Flori\.stmcufinder\plugins\mcufinder
2025-05-19 09:33:49,219 [INFO] CrossReferenceDbSqlite:203 - Set database path to: C:\Users\Flori\.stmcufinder\plugins\mcufinder//mcu/cs/
2025-05-19 09:33:49,371 [INFO] MainPanel:272 - HeapMemory: 268435456
2025-05-19 09:33:49,540 [INFO] DbMcusXml:78 - Set database path to: C:\ST\STM32CubeIDE_1.17.0\STM32CubeIDE\plugins\com.st.stm32cube.common.mx_6.13.0.202411220809\\db\/mcu/
2025-05-19 09:33:49,542 [INFO] ApiDb:274 - Set plugin database path to: C:\ST\STM32CubeIDE_1.17.0\STM32CubeIDE\plugins\com.st.stm32cube.common.mx_6.13.0.202411220809\\db\/plugins/boardmanager/
2025-05-19 09:33:49,542 [INFO] ApiDb:261 - Set plugin images path to: C:\ST\STM32CubeIDE_1.17.0\STM32CubeIDE\plugins\com.st.stm32cube.common.mx_6.13.0.202411220809\\db\/plugins/mcufinder/images/
2025-05-19 09:33:49,542 [WARN] DbFile:41 - Overriding database path with different value: C:\Users\Flori\.stmcufinder\plugins\mcufinder/ => C:\Users\Flori\.stmcufinder\plugins\mcufinder
2025-05-19 09:33:49,542 [INFO] ApiDb:250 - Set database path to: C:\Users\Flori\.stmcufinder\plugins\mcufinder//mcu/
2025-05-19 09:33:49,542 [WARN] DbFile:41 - Overriding database path with different value: C:\Users\Flori\.stmcufinder\plugins\mcufinder/ => C:\Users\Flori\.stmcufinder\plugins\mcufinder
2025-05-19 09:33:49,542 [INFO] DbMcusAds:125 - Set database path to: C:\Users\Flori\.stmcufinder\plugins\mcufinder//mcu/
2025-05-19 09:33:49,542 [WARN] DbFile:41 - Overriding database path with different value: C:\Users\Flori\.stmcufinder\plugins\mcufinder/ => C:\Users\Flori\.stmcufinder\plugins\mcufinder
2025-05-19 09:33:49,542 [WARN] DbFile:41 - Overriding database path with different value: C:\Users\Flori\.stmcufinder\plugins\mcufinder/ => C:\Users\Flori\.stmcufinder\plugins\mcufinder
2025-05-19 09:33:49,542 [INFO] CrossReferenceDbSqlite:203 - Set database path to: C:\Users\Flori\.stmcufinder\plugins\mcufinder//mcu/cs/
2025-05-19 09:33:49,571 [INFO] ApplicationProperties:184 - Using Application install path: C:\ST\STM32CubeIDE_1.17.0\STM32CubeIDE\plugins\com.st.stm32cube.common.mx_6.13.0.202411220809
2025-05-19 09:33:49,571 [INFO] PluginManage:196 - Search for loadable plugins [exclusion list=, ]
2025-05-19 09:33:49,571 [INFO] PluginManage:310 - Check plugin analytics
2025-05-19 09:33:49,833 [INFO] AnalyticsPlugin:253 - Accepted Software Licenses: 
2025-05-19 09:33:49,833 [INFO] AnalyticsPlugin:255 - Accepted CMSIS Pack Licenses: 
2025-05-19 09:33:49,833 [INFO] AnalyticsPlugin:257 - Accepted Firmware Licenses: FW.F4.1.28.0
2025-05-19 09:33:49,842 [INFO] PluginManage:359 - Loaded plugin analytics (category:tool,tabindex:-1)
2025-05-19 09:33:49,842 [INFO] PluginManage:310 - Check plugin cadmodel
2025-05-19 09:33:49,868 [INFO] CADModel:105 - Init CAD model plugin
2025-05-19 09:33:49,868 [INFO] PluginManage:359 - Loaded plugin cadmodel (category:power,tabindex:5)
2025-05-19 09:33:49,868 [INFO] PluginManage:310 - Check plugin clock
2025-05-19 09:33:49,908 [INFO] PluginManage:359 - Loaded plugin clock (category:base,tabindex:2)
2025-05-19 09:33:49,908 [INFO] PluginManage:310 - Check plugin ddr
2025-05-19 09:33:49,912 [INFO] PluginManage:359 - Loaded plugin ddr (category:tool,tabindex:6)
2025-05-19 09:33:49,912 [INFO] PluginManage:310 - Check plugin filemanager
2025-05-19 09:33:50,179 [INFO] PluginManage:359 - Loaded plugin filemanager (category:base,tabindex:10)
2025-05-19 09:33:50,179 [INFO] PluginManage:310 - Check plugin ipmanager
2025-05-19 09:33:50,194 [INFO] PluginManage:359 - Loaded plugin ipmanager (category:base,tabindex:5)
2025-05-19 09:33:50,194 [INFO] PluginManage:310 - Check plugin lpbam
2025-05-19 09:33:50,227 [INFO] PluginManage:359 - Loaded plugin lpbam (category:base,tabindex:0)
2025-05-19 09:33:50,227 [INFO] PluginManage:310 - Check plugin memorymap
2025-05-19 09:33:50,266 [INFO] PluginManage:359 - Loaded plugin memorymap (category:base,tabindex:4)
2025-05-19 09:33:50,266 [INFO] PluginManage:310 - Check plugin pinoutandconfiguration
2025-05-19 09:33:50,319 [INFO] PluginManage:359 - Loaded plugin pinoutandconfiguration (category:base,tabindex:1)
2025-05-19 09:33:50,319 [INFO] PluginManage:310 - Check plugin pinoutconfig
2025-05-19 09:33:50,501 [WARN] SupportedApi:132 - Cannot load RTOS API schema: s4s-elt-must-match.1: The content of 'definitions' must match (annotation?, (simpleType | complexType)?, (unique | key | keyref)*)). A problem was found starting at: attribute.
2025-05-19 09:33:50,753 [INFO] PluginManage:359 - Loaded plugin pinoutconfig (category:base,tabindex:0)
2025-05-19 09:33:50,753 [INFO] PluginManage:310 - Check plugin power
2025-05-19 09:33:50,798 [INFO] PluginManage:359 - Loaded plugin power (category:power,tabindex:4)
2025-05-19 09:33:50,798 [INFO] PluginManage:310 - Check plugin projectmanager
2025-05-19 09:33:50,826 [INFO] PluginManage:359 - Loaded plugin projectmanager (category:projectmanager,tabindex:4)
2025-05-19 09:33:50,826 [INFO] PluginManage:310 - Check plugin rif
2025-05-19 09:33:50,851 [INFO] PluginManage:359 - Loaded plugin rif (category:base,tabindex:3)
2025-05-19 09:33:50,851 [INFO] PluginManage:310 - Check plugin thirdparty
2025-05-19 09:33:51,418 [WARN] IntegrityCheckThread:84 - waiting for thirdparty lock release [integrity check]
2025-05-19 09:33:51,419 [INFO] PluginManage:359 - Loaded plugin thirdparty (category:base,tabindex:-1)
2025-05-19 09:33:51,419 [INFO] IntegrityCheckThread:86 - entering critical section [integrity check]
2025-05-19 09:33:51,419 [INFO] PluginManage:310 - Check plugin tools
2025-05-19 09:33:51,419 [INFO] ThirdPartyUpdaterWithRetryManager:70 - Updater plugin not ready yet. [1/15]
2025-05-19 09:33:51,486 [INFO] PluginManage:359 - Loaded plugin tools (category:base,tabindex:7)
2025-05-19 09:33:51,486 [INFO] PluginManage:310 - Check plugin tutovideos
2025-05-19 09:33:51,842 [INFO] PluginManage:359 - Loaded plugin tutovideos (category:base,tabindex:-1)
2025-05-19 09:33:51,842 [INFO] PluginManage:310 - Check plugin updater
2025-05-19 09:33:51,890 [INFO] PluginManage:359 - Loaded plugin updater (category:base,tabindex:12)
2025-05-19 09:33:51,890 [INFO] PluginManage:310 - Check plugin userauth
2025-05-19 09:33:51,896 [INFO] UserAuth:118 - Init User Auth plugin
2025-05-19 09:33:51,896 [INFO] PluginManage:359 - Loaded plugin userauth (category:base,tabindex:14)
2025-05-19 09:33:51,896 [INFO] PluginManage:283 - PluginManage : Loaded plugins [18]
2025-05-19 09:33:52,261 [INFO] PinOutPanel:1589 - setPackage(No Configuration,No Configuration)
2025-05-19 09:33:52,436 [INFO] CADModel:165 - CPN selected for project level
2025-05-19 09:33:52,436 [INFO] CADModel:114 - Register for checkConnection events
2025-05-19 09:33:52,473 [INFO] IPUIPlugin:80 - create IPUIPlugin
2025-05-19 09:33:52,473 [INFO] PluginManager:220 - loadIPPluginJar : add adc
2025-05-19 09:33:52,538 [INFO] IPUIPlugin:80 - create IPUIPlugin
2025-05-19 09:33:52,538 [INFO] PluginManager:220 - loadIPPluginJar : add aes
2025-05-19 09:33:52,621 [INFO] IPUIPlugin:80 - create IPUIPlugin
2025-05-19 09:33:52,621 [INFO] PluginManager:220 - loadIPPluginJar : add can
2025-05-19 09:33:52,679 [INFO] IPUIPlugin:80 - create IPUIPlugin
2025-05-19 09:33:52,679 [INFO] PluginManager:220 - loadIPPluginJar : add comp
2025-05-19 09:33:52,738 [INFO] IPUIPlugin:80 - create IPUIPlugin
2025-05-19 09:33:52,738 [INFO] PluginManager:220 - loadIPPluginJar : add cryp
2025-05-19 09:33:52,759 [INFO] IPUIPlugin:80 - create IPUIPlugin
2025-05-19 09:33:52,762 [INFO] PluginManager:220 - loadIPPluginJar : add ddr_ctrl_phy
2025-05-19 09:33:52,841 [INFO] IPUIPlugin:80 - create IPUIPlugin
2025-05-19 09:33:52,841 [INFO] PluginManager:220 - loadIPPluginJar : add dfsdm
2025-05-19 09:33:52,870 [INFO] IPUIPlugin:80 - create IPUIPlugin
2025-05-19 09:33:52,872 [INFO] PluginManager:220 - loadIPPluginJar : add dma
2025-05-19 09:33:52,954 [INFO] IPUIPlugin:80 - create IPUIPlugin
2025-05-19 09:33:52,954 [INFO] PluginManager:220 - loadIPPluginJar : add dma3
2025-05-19 09:33:53,056 [INFO] IPUIPlugin:80 - create IPUIPlugin
2025-05-19 09:33:53,056 [INFO] PluginManager:220 - loadIPPluginJar : add extmemmanager
2025-05-19 09:33:53,113 [INFO] IPUIPlugin:80 - create IPUIPlugin
2025-05-19 09:33:53,113 [INFO] PluginManager:220 - loadIPPluginJar : add fatfs
2025-05-19 09:33:53,224 [INFO] IPUIPlugin:80 - create IPUIPlugin
2025-05-19 09:33:53,224 [INFO] PluginManager:220 - loadIPPluginJar : add fmc
2025-05-19 09:33:53,253 [INFO] IPUIPlugin:80 - create IPUIPlugin
2025-05-19 09:33:53,253 [INFO] PluginManager:220 - loadIPPluginJar : add freertos
2025-05-19 09:33:53,304 [INFO] IPUIPlugin:80 - create IPUIPlugin
2025-05-19 09:33:53,304 [INFO] PluginManager:220 - loadIPPluginJar : add genericplugin
2025-05-19 09:33:53,520 [INFO] IPUIPlugin:80 - create IPUIPlugin
2025-05-19 09:33:53,520 [INFO] PluginManager:220 - loadIPPluginJar : add gfxmmu
2025-05-19 09:33:53,798 [INFO] IPUIPlugin:80 - create IPUIPlugin
2025-05-19 09:33:53,798 [INFO] PluginManager:220 - loadIPPluginJar : add gic
2025-05-19 09:33:53,822 [INFO] IPUIPlugin:80 - create IPUIPlugin
2025-05-19 09:33:53,822 [INFO] PluginManager:220 - loadIPPluginJar : add gpio
2025-05-19 09:33:54,007 [INFO] IPUIPlugin:80 - create IPUIPlugin
2025-05-19 09:33:54,010 [INFO] PluginManager:220 - loadIPPluginJar : add gtzc
2025-05-19 09:33:54,080 [INFO] IPUIPlugin:80 - create IPUIPlugin
2025-05-19 09:33:54,080 [INFO] PluginManager:220 - loadIPPluginJar : add hash
2025-05-19 09:33:54,178 [INFO] IPUIPlugin:80 - create IPUIPlugin
2025-05-19 09:33:54,178 [INFO] PluginManager:220 - loadIPPluginJar : add i2c
2025-05-19 09:33:54,273 [INFO] IPUIPlugin:80 - create IPUIPlugin
2025-05-19 09:33:54,273 [INFO] PluginManager:220 - loadIPPluginJar : add i2s
2025-05-19 09:33:54,356 [INFO] IPUIPlugin:80 - create IPUIPlugin
2025-05-19 09:33:54,356 [INFO] PluginManager:220 - loadIPPluginJar : add i3c
2025-05-19 09:33:54,421 [INFO] ThirdPartyUpdaterWithRetryManager:70 - Updater plugin not ready yet. [2/15]
2025-05-19 09:33:54,559 [INFO] IPUIPlugin:80 - create IPUIPlugin
2025-05-19 09:33:54,561 [INFO] PluginManager:220 - loadIPPluginJar : add ipddr
2025-05-19 09:33:54,731 [INFO] IPUIPlugin:80 - create IPUIPlugin
2025-05-19 09:33:54,731 [INFO] PluginManager:220 - loadIPPluginJar : add linkedlist
2025-05-19 09:33:54,801 [INFO] IPUIPlugin:80 - create IPUIPlugin
2025-05-19 09:33:54,801 [INFO] PluginManager:220 - loadIPPluginJar : add lorawan
2025-05-19 09:33:54,872 [INFO] IPUIPlugin:80 - create IPUIPlugin
2025-05-19 09:33:54,872 [INFO] PluginManager:220 - loadIPPluginJar : add ltdc
2025-05-19 09:33:54,902 [INFO] IPUIPlugin:80 - create IPUIPlugin
2025-05-19 09:33:54,902 [INFO] PluginManager:220 - loadIPPluginJar : add mdma
2025-05-19 09:33:54,926 [INFO] IPUIPlugin:80 - create IPUIPlugin
2025-05-19 09:33:54,926 [INFO] PluginManager:220 - loadIPPluginJar : add nvic
2025-05-19 09:33:55,023 [INFO] IPUIPlugin:80 - create IPUIPlugin
2025-05-19 09:33:55,031 [INFO] PluginManager:220 - loadIPPluginJar : add opamp
2025-05-19 09:33:55,149 [INFO] IPUIPlugin:80 - create IPUIPlugin
2025-05-19 09:33:55,149 [INFO] PluginManager:220 - loadIPPluginJar : add openamp
2025-05-19 09:33:55,234 [INFO] IPUIPlugin:80 - create IPUIPlugin
2025-05-19 09:33:55,234 [INFO] PluginManager:220 - loadIPPluginJar : add pdm2pcm
2025-05-19 09:33:55,257 [INFO] IPUIPlugin:80 - create IPUIPlugin
2025-05-19 09:33:55,265 [INFO] PluginManager:220 - loadIPPluginJar : add plateformsettings
2025-05-19 09:33:55,301 [INFO] IPUIPlugin:80 - create IPUIPlugin
2025-05-19 09:33:55,301 [INFO] PluginManager:220 - loadIPPluginJar : add quadspi
2025-05-19 09:33:55,340 [INFO] IPUIPlugin:80 - create IPUIPlugin
2025-05-19 09:33:55,340 [INFO] PluginManager:220 - loadIPPluginJar : add radio
2025-05-19 09:33:55,377 [INFO] IPUIPlugin:80 - create IPUIPlugin
2025-05-19 09:33:55,379 [INFO] PluginManager:220 - loadIPPluginJar : add resmgrutility
2025-05-19 09:33:55,474 [INFO] IPUIPlugin:80 - create IPUIPlugin
2025-05-19 09:33:55,474 [INFO] PluginManager:220 - loadIPPluginJar : add sai
2025-05-19 09:33:55,538 [INFO] IPUIPlugin:80 - create IPUIPlugin
2025-05-19 09:33:55,539 [INFO] PluginManager:220 - loadIPPluginJar : add spi
2025-05-19 09:33:55,690 [INFO] IPUIPlugin:80 - create IPUIPlugin
2025-05-19 09:33:55,690 [INFO] PluginManager:220 - loadIPPluginJar : add stm32_wpan
2025-05-19 09:33:55,741 [INFO] IPUIPlugin:80 - create IPUIPlugin
2025-05-19 09:33:55,741 [INFO] PluginManager:220 - loadIPPluginJar : add tim
2025-05-19 09:33:55,891 [INFO] IPUIPlugin:80 - create IPUIPlugin
2025-05-19 09:33:55,891 [INFO] PluginManager:220 - loadIPPluginJar : add touchsensing
2025-05-19 09:33:55,939 [INFO] IPUIPlugin:80 - create IPUIPlugin
2025-05-19 09:33:55,940 [INFO] PluginManager:220 - loadIPPluginJar : add tracer_emb
2025-05-19 09:33:55,983 [INFO] IPUIPlugin:80 - create IPUIPlugin
2025-05-19 09:33:55,983 [INFO] PluginManager:220 - loadIPPluginJar : add ts
2025-05-19 09:33:56,014 [INFO] IPUIPlugin:80 - create IPUIPlugin
2025-05-19 09:33:56,014 [INFO] PluginManager:220 - loadIPPluginJar : add tsc
2025-05-19 09:33:56,051 [INFO] IPUIPlugin:80 - create IPUIPlugin
2025-05-19 09:33:56,051 [INFO] PluginManager:220 - loadIPPluginJar : add ucpd
2025-05-19 09:33:56,131 [INFO] IPUIPlugin:80 - create IPUIPlugin
2025-05-19 09:33:56,131 [INFO] PluginManager:220 - loadIPPluginJar : add usart
2025-05-19 09:33:56,190 [INFO] IPUIPlugin:80 - create IPUIPlugin
2025-05-19 09:33:56,190 [INFO] PluginManager:220 - loadIPPluginJar : add usbx
2025-05-19 09:33:56,341 [FATAL] Updater:351 - Updater called before beeing initialized
2025-05-19 09:33:56,390 [INFO] RulesReader:64 - Compatibility file has been processed (297 Rules)
2025-05-19 09:33:56,424 [INFO] RulesReader:64 - Compatibility file has been processed (297 Rules)
2025-05-19 09:33:56,441 [INFO] CADModel:165 - CPN selected for project level
2025-05-19 09:33:56,441 [INFO] CADModel:114 - Register for checkConnection events
2025-05-19 09:33:56,441 [FATAL] Updater:351 - Updater called before beeing initialized
2025-05-19 09:33:56,441 [ERROR] CADModel:125 - Updater not yet initialized, retry later 
2025-05-19 09:33:56,716 [FATAL] Updater:351 - Updater called before beeing initialized
2025-05-19 09:33:56,716 [INFO] CADModel:165 - CPN selected for project level
2025-05-19 09:33:56,716 [INFO] CADModel:114 - Register for checkConnection events
2025-05-19 09:33:56,716 [FATAL] Updater:351 - Updater called before beeing initialized
2025-05-19 09:33:56,716 [ERROR] CADModel:125 - Updater not yet initialized, retry later 
2025-05-19 09:33:56,730 [FATAL] Updater:351 - Updater called before beeing initialized
2025-05-19 09:33:56,947 [FATAL] Updater:351 - Updater called before beeing initialized
2025-05-19 09:33:56,965 [INFO] DbMcusAds:53 - JSON generation date=Thu Mar 06 15:54:22 CET 2025 (1741272862204)
2025-05-19 09:33:56,965 [FATAL] Updater:351 - Updater called before beeing initialized
2025-05-19 09:33:57,008 [WARN] DetailPanel:346 - Failed to get advertising image, set to default
2025-05-19 09:33:57,259 [FATAL] Updater:351 - Updater called before beeing initialized
2025-05-19 09:33:57,274 [FATAL] Updater:351 - Updater called before beeing initialized
2025-05-19 09:33:57,274 [FATAL] Updater:351 - Updater called before beeing initialized
2025-05-19 09:33:57,274 [WARN] DetailPanel:346 - Failed to get advertising image, set to default
2025-05-19 09:33:57,274 [FATAL] Updater:351 - Updater called before beeing initialized
2025-05-19 09:33:57,346 [ERROR] Updater:1198 - MainUpdater not yet initialized. External WinMGr cannot be set.
2025-05-19 09:33:57,367 [INFO] Updater:1134 - Updater Version found : 6.13.0
2025-05-19 09:33:57,395 [INFO] ApplicationProperties:184 - Using Application install path: C:\ST\STM32CubeIDE_1.17.0\STM32CubeIDE\plugins\com.st.stm32cube.common.mx_6.13.0.202411220809
2025-05-19 09:33:57,423 [INFO] ThirdPartyUpdaterWithRetryManager:70 - Updater plugin not ready yet. [3/15]
2025-05-19 09:33:59,003 [ERROR] LogOutputStream:75 - [STDERR_REDIRECT] May 19, 2025 9:33:58 AM java.util.prefs.WindowsPreferences <init>
2025-05-19 09:33:59,007 [ERROR] LogOutputStream:75 - [STDERR_REDIRECT] WARNING: Could not open/create prefs root node Software\JavaSoft\Prefs at root 0xffffffff80000002. Windows RegCreateKeyEx(...) returned error code 5.
2025-05-19 09:33:59,007 [ERROR] LogOutputStream:75 - [STDERR_REDIRECT] 
2025-05-19 09:33:59,436 [INFO] MainUpdater:2872 - connection check result : 10
2025-05-19 09:33:59,436 [INFO] MainUpdater:289 - Updater Check For Update Now.
2025-05-19 09:33:59,436 [INFO] MicroXplorer:498 - Change Database Version : DB.6.0.130
2025-05-19 09:33:59,466 [INFO] McuFinderGlobals:63 - Set McuFinder mode to 2 (CubeIDE integrated)
2025-05-19 09:33:59,478 [INFO] UserAuth:486 - Internet connection configuration mode: 1
2025-05-19 09:33:59,527 [INFO] JxBrowserEngine:152 - Initiate JxBrowser Engine with user profile folder
2025-05-19 09:33:59,710 [INFO] CheckServerUpdateThread:120 - End of CheckServer Thread
2025-05-19 09:34:00,785 [WARN] PackLoader:240 - Cannot read IP mode file for STMicroelectronics.FP-SNS-MOTENVWB1.1.4.0
2025-05-19 09:34:00,818 [WARN] PackLoader:240 - Cannot read IP mode file for STMicroelectronics.FP-ATR-ASTRA1.2.0.2
2025-05-19 09:34:00,855 [WARN] PackLoader:240 - Cannot read IP mode file for STMicroelectronics.X-CUBE-SMBUS.2.1.0
2025-05-19 09:34:00,883 [WARN] PackLoader:240 - Cannot read IP mode file for STMicroelectronics.X-CUBE-WB05N.1.1.0
2025-05-19 09:34:00,959 [WARN] PackLoader:240 - Cannot read IP mode file for STMicroelectronics.X-CUBE-AZRTOS-F7.1.1.0
2025-05-19 09:34:00,988 [WARN] PackLoader:240 - Cannot read IP mode file for STMicroelectronics.FP-SNS-FLIGHT1.5.0.2
2025-05-19 09:34:01,044 [WARN] PackLoader:240 - Cannot read IP mode file for Infineon.AIROC-Wi-Fi-Bluetooth-STM32.1.7.0
2025-05-19 09:34:01,087 [WARN] PackLoader:240 - Cannot read IP mode file for STMicroelectronics.X-CUBE-DISPLAY.3.0.0
2025-05-19 09:34:01,119 [WARN] PackLoader:240 - Cannot read IP mode file for STMicroelectronics.X-CUBE-BLE1.7.0.0
2025-05-19 09:34:01,126 [INFO] WebApp:168 - Instantiating new browser for Auth
2025-05-19 09:34:01,146 [WARN] PackLoader:240 - Cannot read IP mode file for STMicroelectronics.X-CUBE-NFC10.1.0.0
2025-05-19 09:34:01,179 [WARN] PackLoader:240 - Cannot read IP mode file for STMicroelectronics.X-CUBE-BLEMGR.4.0.0
2025-05-19 09:34:01,211 [WARN] PackLoader:240 - Cannot read IP mode file for emotas.I-CUBE-CANOPEN.1.3.0
2025-05-19 09:34:01,234 [WARN] PackLoader:240 - Cannot read IP mode file for STMicroelectronics.X-CUBE-AI.10.0.0
2025-05-19 09:34:01,256 [WARN] PackLoader:240 - Cannot read IP mode file for STMicroelectronics.FP-SNS-SMARTAG2.1.2.0
2025-05-19 09:34:01,277 [WARN] PackLoader:240 - Cannot read IP mode file for STMicroelectronics.FP-SNS-FLIGHT1.5.1.0
2025-05-19 09:34:01,412 [WARN] PackLoader:240 - Cannot read IP mode file for STMicroelectronics.X-CUBE-MEMS1.11.1.0
2025-05-19 09:34:01,742 [INFO] LogOutputStream:77 - [STDOUT_REDIRECT] 1 : Invalid condition id : UX_CORESTACK_Condition cause : null
2025-05-19 09:34:01,742 [INFO] LogOutputStream:77 - [STDOUT_REDIRECT] 1 : Invalid condition id : UX_CORESTACK_Condition cause : null
2025-05-19 09:34:01,744 [INFO] LogOutputStream:77 - [STDOUT_REDIRECT] 1 : Invalid condition id : UX_CORESTACK_Condition cause : null
2025-05-19 09:34:01,746 [INFO] LogOutputStream:77 - [STDOUT_REDIRECT] 1 : Invalid condition id : UX_CORESTACK_Condition cause : null
2025-05-19 09:34:01,749 [INFO] LogOutputStream:77 - [STDOUT_REDIRECT] 1 : Invalid condition id : UX_CORESTACK_Condition cause : null
2025-05-19 09:34:01,759 [WARN] PackLoader:240 - Cannot read IP mode file for STMicroelectronics.X-CUBE-AZRTOS-WL.2.0.0
2025-05-19 09:34:01,785 [WARN] PackLoader:240 - Cannot read IP mode file for STMicroelectronics.FP-SNS-MOTENV1.5.0.0
2025-05-19 09:34:01,812 [WARN] PackLoader:240 - Cannot read IP mode file for WES.I-CUBE-Cesium.1.3.0
2025-05-19 09:34:01,836 [WARN] PackLoader:240 - Cannot read IP mode file for STMicroelectronics.X-CUBE-BLE2.3.3.0
2025-05-19 09:34:01,860 [WARN] PackLoader:240 - Cannot read IP mode file for STMicroelectronics.X-CUBE-NFC9.1.0.0
2025-05-19 09:34:01,882 [WARN] PackLoader:240 - Cannot read IP mode file for STMicroelectronics.X-CUBE-BLE1.7.1.0
2025-05-19 09:34:01,904 [WARN] PackLoader:240 - Cannot read IP mode file for wolfSSL.I-CUBE-wolfMQTT.1.19.2
2025-05-19 09:34:01,989 [WARN] PackLoader:240 - Cannot read IP mode file for STMicroelectronics.X-CUBE-MEMS1.11.2.0
2025-05-19 09:34:02,150 [WARN] PackLoader:240 - Cannot read IP mode file for STMicroelectronics.X-CUBE-AZRTOS-G0.1.1.0
2025-05-19 09:34:02,179 [WARN] PackLoader:240 - Cannot read IP mode file for STMicroelectronics.X-CUBE-SAFEA1.1.2.2
2025-05-19 09:34:02,211 [WARN] PackLoader:240 - Cannot read IP mode file for STMicroelectronics.X-CUBE-NFC4.3.0.0
2025-05-19 09:34:02,246 [WARN] PackLoader:240 - Cannot read IP mode file for EmbeddedOffice.I-CUBE-FS-RTOS.1.0.1
2025-05-19 09:34:02,270 [WARN] PackLoader:240 - Cannot read IP mode file for STMicroelectronics.X-CUBE-WB05N.2.0.0
2025-05-19 09:34:02,291 [WARN] PackLoader:240 - Cannot read IP mode file for wolfSSL.I-CUBE-wolfTPM.3.8.0
2025-05-19 09:34:02,316 [WARN] PackLoader:240 - Cannot read IP mode file for STMicroelectronics.X-CUBE-TCPP.4.2.0
2025-05-19 09:34:02,344 [WARN] PackLoader:240 - Cannot read IP mode file for RealThread.X-CUBE-RT-Thread_Nano.4.1.1
2025-05-19 09:34:02,371 [WARN] PackLoader:240 - Cannot read IP mode file for STMicroelectronics.FP-ATR-SIGFOX1.3.2.0
2025-05-19 09:34:02,395 [WARN] ConditionMgr:438 - getConditionDescription Invalid condition id : Cortex-A Device cause : null
2025-05-19 09:34:02,429 [WARN] ConditionMgr:1044 - genDependencies : Invalid condition id : Cortex-A Device cause : null
2025-05-19 09:34:02,429 [WARN] ConditionMgr:1044 - genDependencies : Invalid condition id : Cortex-A Device cause : null
2025-05-19 09:34:02,429 [WARN] ConditionMgr:1044 - genDependencies : Invalid condition id : Cortex-A Device cause : null
2025-05-19 09:34:02,445 [WARN] PackLoader:240 - Cannot read IP mode file for STMicroelectronics.X-CUBE-EEPRMA1.5.1.0
2025-05-19 09:34:02,464 [WARN] PackLoader:240 - Cannot read IP mode file for wolfSSL.I-CUBE-wolfSSL.5.7.6
2025-05-19 09:34:02,488 [WARN] PackLoader:240 - Cannot read IP mode file for ITTIA_DB.I-CUBE-ITTIADB.8.9.0
2025-05-19 09:34:02,531 [WARN] PackLoader:240 - Cannot read IP mode file for SEGGER.I-CUBE-embOS.1.3.1
2025-05-19 09:34:02,569 [WARN] PackLoader:240 - Cannot read IP mode file for STMicroelectronics.X-CUBE-ALGOBUILD.1.4.0
2025-05-19 09:34:02,609 [WARN] PackLoader:240 - Cannot read IP mode file for STMicroelectronics.X-CUBE-AZRTOS-F4.1.1.0
2025-05-19 09:34:02,633 [WARN] PackLoader:240 - Cannot read IP mode file for Avnet-IotConnect.X-CUBE-IoTC-DA16k-PMOD.1.0.0
2025-05-19 09:34:02,656 [WARN] PackLoader:240 - Cannot read IP mode file for STMicroelectronics.X-CUBE-ISPU.2.1.0
2025-05-19 09:34:02,705 [WARN] PackLoader:240 - Cannot read IP mode file for STMicroelectronics.X-CUBE-AZRTOS-L5.2.0.0
2025-05-19 09:34:02,737 [WARN] PackLoader:240 - Cannot read IP mode file for STMicroelectronics.X-CUBE-NFC6.3.1.0
2025-05-19 09:34:02,763 [WARN] PackLoader:240 - Cannot read IP mode file for STMicroelectronics.X-CUBE-DPower.1.2.0
2025-05-19 09:34:02,790 [WARN] PackLoader:240 - Cannot read IP mode file for STMicroelectronics.X-CUBE-FREERTOS.1.3.1
2025-05-19 09:34:02,815 [WARN] PackLoader:240 - Cannot read IP mode file for STMicroelectronics.X-CUBE-FREERTOS.1.3.0
2025-05-19 09:34:02,838 [WARN] PackLoader:240 - Cannot read IP mode file for STMicroelectronics.X-CUBE-NFC7.1.0.1
2025-05-19 09:34:02,868 [WARN] PackLoader:240 - Cannot read IP mode file for STMicroelectronics.X-CUBE-DPower.1.3.0
2025-05-19 09:34:02,922 [WARN] ConditionMgr:438 - getConditionDescription Invalid condition id : LAN8742 Phy interface Condition cause : null
2025-05-19 09:34:02,923 [WARN] PackLoader:240 - Cannot read IP mode file for STMicroelectronics.X-CUBE-AZRTOS-L4.2.0.0
2025-05-19 09:34:02,925 [WARN] ConditionMgr:1044 - genDependencies : Invalid condition id : LAN8742 Phy interface Condition cause : null
2025-05-19 09:34:02,925 [WARN] ConditionMgr:1044 - genDependencies : Invalid condition id : LAN8742 Phy interface Condition cause : null
2025-05-19 09:34:02,926 [WARN] ConditionMgr:1044 - genDependencies : Invalid condition id : LAN8742 Phy interface Condition cause : null
2025-05-19 09:34:02,958 [WARN] PackLoader:240 - Cannot read IP mode file for STMicroelectronics.X-CUBE-SFXS2LP1.4.0.0
2025-05-19 09:34:03,029 [WARN] PackLoader:240 - Cannot read IP mode file for STMicroelectronics.X-CUBE-AZRTOS-H7.3.3.0
2025-05-19 09:34:03,079 [WARN] ConditionMgr:438 - getConditionDescription Invalid condition id : UX DEVICE CLASS RTOS Condition cause : null
2025-05-19 09:34:03,079 [WARN] ConditionMgr:438 - getConditionDescription Invalid condition id : UX DEVICE CLASS RTOS Condition cause : null
2025-05-19 09:34:03,083 [WARN] PackLoader:240 - Cannot read IP mode file for STMicroelectronics.X-CUBE-AZRTOS-WB.2.0.0
2025-05-19 09:34:03,084 [WARN] ConditionMgr:1044 - genDependencies : Invalid condition id : UX DEVICE CLASS RTOS Condition cause : null
2025-05-19 09:34:03,084 [WARN] ConditionMgr:1044 - genDependencies : Invalid condition id : UX DEVICE CLASS RTOS Condition cause : null
2025-05-19 09:34:03,085 [WARN] ConditionMgr:1044 - genDependencies : Invalid condition id : UX DEVICE CLASS RTOS Condition cause : null
2025-05-19 09:34:03,085 [WARN] ConditionMgr:1044 - genDependencies : Invalid condition id : UX DEVICE CLASS RTOS Condition cause : null
2025-05-19 09:34:03,085 [WARN] ConditionMgr:1044 - genDependencies : Invalid condition id : UX DEVICE CLASS RTOS Condition cause : null
2025-05-19 09:34:03,111 [WARN] PackLoader:240 - Cannot read IP mode file for STMicroelectronics.X-CUBE-GNSS1.7.0.1
2025-05-19 09:34:03,138 [WARN] PackLoader:240 - Cannot read IP mode file for STMicroelectronics.X-CUBE-TOUCHGFX.4.25.0
2025-05-19 09:34:03,183 [WARN] PackLoader:240 - Cannot read IP mode file for STMicroelectronics.FP-SNS-STBOX1.2.0.0
2025-05-19 09:34:03,216 [WARN] PackLoader:240 - Cannot read IP mode file for STMicroelectronics.X-CUBE-SUBG2.5.0.0
2025-05-19 09:34:03,269 [WARN] PackLoader:240 - Cannot read IP mode file for STMicroelectronics.X-CUBE-AZRTOS-H7RS.1.1.0
2025-05-19 09:34:03,279 [INFO] WebApp:449 - Apply proxy settings
2025-05-19 09:34:03,280 [INFO] WebApp:534 - Chromium requires no authentication
2025-05-19 09:34:03,295 [WARN] PackLoader:240 - Cannot read IP mode file for Cesanta.I-CUBE-Mongoose.7.13.0
2025-05-19 09:34:03,300 [INFO] WebApp:477 - Direct internet connection detected
2025-05-19 09:34:03,334 [WARN] PackLoader:240 - Cannot read IP mode file for STMicroelectronics.X-CUBE-AZRTOS-G4.2.0.0
2025-05-19 09:34:03,348 [INFO] WebApp:880 - Register for checkConnection events
2025-05-19 09:34:03,348 [INFO] WebApp:449 - Apply proxy settings
2025-05-19 09:34:03,348 [INFO] WebApp:534 - Chromium requires no authentication
2025-05-19 09:34:03,349 [INFO] WebApp:477 - Direct internet connection detected
2025-05-19 09:34:03,354 [WARN] PackLoader:240 - Cannot read IP mode file for wolfSSL.I-CUBE-wolfSSH.1.4.20
2025-05-19 09:34:03,376 [WARN] PackLoader:240 - Cannot read IP mode file for STMicroelectronics.X-CUBE-NFC7.2.0.0
2025-05-19 09:34:03,408 [WARN] PackLoader:240 - Cannot read IP mode file for STMicroelectronics.X-CUBE-IPS.3.1.0
2025-05-19 09:34:03,432 [WARN] PackLoader:240 - Cannot read IP mode file for STMicroelectronics.X-CUBE-ALS.1.0.2
2025-05-19 09:34:03,447 [WARN] PackLoader:240 - Cannot read IP mode file for STMicroelectronics.X-CUBE-TOUCHGFX.4.24.2
2025-05-19 09:34:03,474 [WARN] PackLoader:240 - Cannot read IP mode file for portGmbH.I-Cube-SoM-uGOAL.1.1.0
2025-05-19 09:34:03,509 [INFO] WebApp:187 - Connection restablished
2025-05-19 09:34:03,520 [WARN] PackLoader:240 - Cannot read IP mode file for STMicroelectronics.X-CUBE-AZRTOS-H7RS.1.0.0
2025-05-19 09:34:03,555 [WARN] PackLoader:240 - Cannot read IP mode file for STMicroelectronics.X-CUBE-TOF1.3.4.2
2025-05-19 09:34:03,602 [WARN] PackLoader:240 - Cannot read IP mode file for STMicroelectronics.X-CUBE-TOF1.3.4.3
2025-05-19 09:34:03,618 [INFO] ThirdParty:978 - Integrity check success = true
2025-05-19 09:34:03,618 [INFO] IntegrityCheckThread:100 - exiting critical section [integrity check]
2025-05-19 09:34:03,618 [INFO] IntegrityCheckThread:103 - End integrity checks thread
2025-05-19 09:34:03,817 [INFO] WebApp:221 - Starting web application
2025-05-19 09:34:03,817 [INFO] WebApp:579 - Web application path used C:\ST\STM32CubeIDE_1.17.0\STM32CubeIDE\plugins\com.st.stm32cube.common.mx_6.13.0.202411220809\db\plugins\mcufinder\reactClient1\index.html
2025-05-19 09:34:04,061 [INFO] UserAuth:486 - Internet connection configuration mode: 1
2025-05-19 09:41:53,371 [ERROR] LogOutputStream:75 - [STDERR_REDIRECT] 
2025-05-19 11:17:56,092 [INFO] Activator:176 - 


2025-05-19 11:17:56,097 [INFO] Activator:177 - !SESSION log4j initialized
2025-05-19 11:18:03,212 [INFO] LogOutputStream:77 - [STDOUT_REDIRECT] 
2025-05-19 11:18:04,699 [INFO] ApplicationProperties:184 - Using Application install path: C:\ST\STM32CubeIDE_1.17.0\STM32CubeIDE\plugins\com.st.stm32cube.common.mx_6.13.0.202411220809
2025-05-19 11:18:04,721 [INFO] DbMcusXml:78 - Set database path to: C:\ST\STM32CubeIDE_1.17.0\STM32CubeIDE\plugins\com.st.stm32cube.common.mx_6.13.0.202411220809\\db\/mcu/
2025-05-19 11:18:04,721 [INFO] ApiDb:274 - Set plugin database path to: C:\ST\STM32CubeIDE_1.17.0\STM32CubeIDE\plugins\com.st.stm32cube.common.mx_6.13.0.202411220809\\db\/plugins/boardmanager/
2025-05-19 11:18:04,721 [WARN] ApiDb:259 - Overriding images path with different value:  => C:\ST\STM32CubeIDE_1.17.0\STM32CubeIDE\plugins\com.st.stm32cube.common.mx_6.13.0.202411220809\\db\/plugins/mcufinder/images/
2025-05-19 11:18:04,731 [INFO] ApiDb:250 - Set database path to: C:\Users\Flori\.stmcufinder\plugins\mcufinder//mcu/
2025-05-19 11:18:04,737 [INFO] DbMcusAds:125 - Set database path to: C:\Users\Flori\.stmcufinder\plugins\mcufinder//mcu/
2025-05-19 11:18:04,737 [INFO] CrossReferenceDbSqlite:203 - Set database path to: C:\Users\Flori\.stmcufinder\plugins\mcufinder//mcu/cs/
2025-05-19 11:18:04,888 [INFO] RulesReader:64 - Compatibility file has been processed (297 Rules)
2025-05-19 11:18:05,024 [INFO] DbMcusXml:78 - Set database path to: C:\ST\STM32CubeIDE_1.17.0\STM32CubeIDE\plugins\com.st.stm32cube.common.mx_6.13.0.202411220809\\db\/mcu/
2025-05-19 11:18:05,024 [INFO] ApiDb:274 - Set plugin database path to: C:\ST\STM32CubeIDE_1.17.0\STM32CubeIDE\plugins\com.st.stm32cube.common.mx_6.13.0.202411220809\\db\/plugins/boardmanager/
2025-05-19 11:18:05,024 [INFO] ApiDb:261 - Set plugin images path to: C:\ST\STM32CubeIDE_1.17.0\STM32CubeIDE\plugins\com.st.stm32cube.common.mx_6.13.0.202411220809\\db\/plugins/mcufinder/images/
2025-05-19 11:18:05,024 [WARN] DbFile:41 - Overriding database path with different value: C:\Users\Flori\.stmcufinder\plugins\mcufinder/ => C:\Users\Flori\.stmcufinder\plugins\mcufinder
2025-05-19 11:18:05,024 [INFO] ApiDb:250 - Set database path to: C:\Users\Flori\.stmcufinder\plugins\mcufinder//mcu/
2025-05-19 11:18:05,024 [WARN] DbFile:41 - Overriding database path with different value: C:\Users\Flori\.stmcufinder\plugins\mcufinder/ => C:\Users\Flori\.stmcufinder\plugins\mcufinder
2025-05-19 11:18:05,024 [INFO] DbMcusAds:125 - Set database path to: C:\Users\Flori\.stmcufinder\plugins\mcufinder//mcu/
2025-05-19 11:18:05,024 [WARN] DbFile:41 - Overriding database path with different value: C:\Users\Flori\.stmcufinder\plugins\mcufinder/ => C:\Users\Flori\.stmcufinder\plugins\mcufinder
2025-05-19 11:18:05,024 [WARN] DbFile:41 - Overriding database path with different value: C:\Users\Flori\.stmcufinder\plugins\mcufinder/ => C:\Users\Flori\.stmcufinder\plugins\mcufinder
2025-05-19 11:18:05,024 [INFO] CrossReferenceDbSqlite:203 - Set database path to: C:\Users\Flori\.stmcufinder\plugins\mcufinder//mcu/cs/
2025-05-19 11:18:05,142 [INFO] MainPanel:272 - HeapMemory: 268435456
2025-05-19 11:18:05,272 [INFO] DbMcusXml:78 - Set database path to: C:\ST\STM32CubeIDE_1.17.0\STM32CubeIDE\plugins\com.st.stm32cube.common.mx_6.13.0.202411220809\\db\/mcu/
2025-05-19 11:18:05,272 [INFO] ApiDb:274 - Set plugin database path to: C:\ST\STM32CubeIDE_1.17.0\STM32CubeIDE\plugins\com.st.stm32cube.common.mx_6.13.0.202411220809\\db\/plugins/boardmanager/
2025-05-19 11:18:05,272 [INFO] ApiDb:261 - Set plugin images path to: C:\ST\STM32CubeIDE_1.17.0\STM32CubeIDE\plugins\com.st.stm32cube.common.mx_6.13.0.202411220809\\db\/plugins/mcufinder/images/
2025-05-19 11:18:05,272 [WARN] DbFile:41 - Overriding database path with different value: C:\Users\Flori\.stmcufinder\plugins\mcufinder/ => C:\Users\Flori\.stmcufinder\plugins\mcufinder
2025-05-19 11:18:05,272 [INFO] ApiDb:250 - Set database path to: C:\Users\Flori\.stmcufinder\plugins\mcufinder//mcu/
2025-05-19 11:18:05,272 [WARN] DbFile:41 - Overriding database path with different value: C:\Users\Flori\.stmcufinder\plugins\mcufinder/ => C:\Users\Flori\.stmcufinder\plugins\mcufinder
2025-05-19 11:18:05,272 [INFO] DbMcusAds:125 - Set database path to: C:\Users\Flori\.stmcufinder\plugins\mcufinder//mcu/
2025-05-19 11:18:05,272 [WARN] DbFile:41 - Overriding database path with different value: C:\Users\Flori\.stmcufinder\plugins\mcufinder/ => C:\Users\Flori\.stmcufinder\plugins\mcufinder
2025-05-19 11:18:05,272 [WARN] DbFile:41 - Overriding database path with different value: C:\Users\Flori\.stmcufinder\plugins\mcufinder/ => C:\Users\Flori\.stmcufinder\plugins\mcufinder
2025-05-19 11:18:05,272 [INFO] CrossReferenceDbSqlite:203 - Set database path to: C:\Users\Flori\.stmcufinder\plugins\mcufinder//mcu/cs/
2025-05-19 11:18:05,297 [INFO] ApplicationProperties:184 - Using Application install path: C:\ST\STM32CubeIDE_1.17.0\STM32CubeIDE\plugins\com.st.stm32cube.common.mx_6.13.0.202411220809
2025-05-19 11:18:05,297 [INFO] PluginManage:196 - Search for loadable plugins [exclusion list=, ]
2025-05-19 11:18:05,297 [INFO] PluginManage:310 - Check plugin analytics
2025-05-19 11:18:05,515 [INFO] AnalyticsPlugin:253 - Accepted Software Licenses: 
2025-05-19 11:18:05,515 [INFO] AnalyticsPlugin:255 - Accepted CMSIS Pack Licenses: 
2025-05-19 11:18:05,515 [INFO] AnalyticsPlugin:257 - Accepted Firmware Licenses: FW.F4.1.28.0
2025-05-19 11:18:05,531 [INFO] PluginManage:359 - Loaded plugin analytics (category:tool,tabindex:-1)
2025-05-19 11:18:05,531 [INFO] PluginManage:310 - Check plugin cadmodel
2025-05-19 11:18:05,543 [INFO] CADModel:105 - Init CAD model plugin
2025-05-19 11:18:05,543 [INFO] PluginManage:359 - Loaded plugin cadmodel (category:power,tabindex:5)
2025-05-19 11:18:05,543 [INFO] PluginManage:310 - Check plugin clock
2025-05-19 11:18:05,563 [INFO] PluginManage:359 - Loaded plugin clock (category:base,tabindex:2)
2025-05-19 11:18:05,563 [INFO] PluginManage:310 - Check plugin ddr
2025-05-19 11:18:05,567 [INFO] PluginManage:359 - Loaded plugin ddr (category:tool,tabindex:6)
2025-05-19 11:18:05,567 [INFO] PluginManage:310 - Check plugin filemanager
2025-05-19 11:18:05,753 [INFO] PluginManage:359 - Loaded plugin filemanager (category:base,tabindex:10)
2025-05-19 11:18:05,753 [INFO] PluginManage:310 - Check plugin ipmanager
2025-05-19 11:18:05,769 [INFO] PluginManage:359 - Loaded plugin ipmanager (category:base,tabindex:5)
2025-05-19 11:18:05,769 [INFO] PluginManage:310 - Check plugin lpbam
2025-05-19 11:18:05,769 [INFO] PluginManage:359 - Loaded plugin lpbam (category:base,tabindex:0)
2025-05-19 11:18:05,769 [INFO] PluginManage:310 - Check plugin memorymap
2025-05-19 11:18:05,799 [INFO] PluginManage:359 - Loaded plugin memorymap (category:base,tabindex:4)
2025-05-19 11:18:05,799 [INFO] PluginManage:310 - Check plugin pinoutandconfiguration
2025-05-19 11:18:05,807 [INFO] PluginManage:359 - Loaded plugin pinoutandconfiguration (category:base,tabindex:1)
2025-05-19 11:18:05,807 [INFO] PluginManage:310 - Check plugin pinoutconfig
2025-05-19 11:18:05,899 [WARN] SupportedApi:132 - Cannot load RTOS API schema: s4s-elt-must-match.1: The content of 'definitions' must match (annotation?, (simpleType | complexType)?, (unique | key | keyref)*)). A problem was found starting at: attribute.
2025-05-19 11:18:06,107 [INFO] PluginManage:359 - Loaded plugin pinoutconfig (category:base,tabindex:0)
2025-05-19 11:18:06,107 [INFO] PluginManage:310 - Check plugin power
2025-05-19 11:18:06,123 [INFO] PluginManage:359 - Loaded plugin power (category:power,tabindex:4)
2025-05-19 11:18:06,123 [INFO] PluginManage:310 - Check plugin projectmanager
2025-05-19 11:18:06,148 [INFO] PluginManage:359 - Loaded plugin projectmanager (category:projectmanager,tabindex:4)
2025-05-19 11:18:06,148 [INFO] PluginManage:310 - Check plugin rif
2025-05-19 11:18:06,161 [INFO] PluginManage:359 - Loaded plugin rif (category:base,tabindex:3)
2025-05-19 11:18:06,163 [INFO] PluginManage:310 - Check plugin thirdparty
2025-05-19 11:18:06,382 [WARN] IntegrityCheckThread:84 - waiting for thirdparty lock release [integrity check]
2025-05-19 11:18:06,382 [INFO] IntegrityCheckThread:86 - entering critical section [integrity check]
2025-05-19 11:18:06,382 [INFO] ThirdPartyUpdaterWithRetryManager:70 - Updater plugin not ready yet. [1/15]
2025-05-19 11:18:06,382 [INFO] PluginManage:359 - Loaded plugin thirdparty (category:base,tabindex:-1)
2025-05-19 11:18:06,382 [INFO] PluginManage:310 - Check plugin tools
2025-05-19 11:18:06,388 [INFO] PluginManage:359 - Loaded plugin tools (category:base,tabindex:7)
2025-05-19 11:18:06,388 [INFO] PluginManage:310 - Check plugin tutovideos
2025-05-19 11:18:06,596 [INFO] PluginManage:359 - Loaded plugin tutovideos (category:base,tabindex:-1)
2025-05-19 11:18:06,596 [INFO] PluginManage:310 - Check plugin updater
2025-05-19 11:18:06,621 [INFO] PluginManage:359 - Loaded plugin updater (category:base,tabindex:12)
2025-05-19 11:18:06,621 [INFO] PluginManage:310 - Check plugin userauth
2025-05-19 11:18:06,632 [INFO] UserAuth:118 - Init User Auth plugin
2025-05-19 11:18:06,634 [INFO] PluginManage:359 - Loaded plugin userauth (category:base,tabindex:14)
2025-05-19 11:18:06,634 [INFO] PluginManage:283 - PluginManage : Loaded plugins [18]
2025-05-19 11:18:06,931 [INFO] PinOutPanel:1589 - setPackage(No Configuration,No Configuration)
2025-05-19 11:18:07,039 [INFO] CADModel:165 - CPN selected for project level
2025-05-19 11:18:07,039 [INFO] CADModel:114 - Register for checkConnection events
2025-05-19 11:18:07,063 [INFO] IPUIPlugin:80 - create IPUIPlugin
2025-05-19 11:18:07,063 [INFO] PluginManager:220 - loadIPPluginJar : add adc
2025-05-19 11:18:07,071 [INFO] IPUIPlugin:80 - create IPUIPlugin
2025-05-19 11:18:07,071 [INFO] PluginManager:220 - loadIPPluginJar : add aes
2025-05-19 11:18:07,075 [INFO] IPUIPlugin:80 - create IPUIPlugin
2025-05-19 11:18:07,075 [INFO] PluginManager:220 - loadIPPluginJar : add can
2025-05-19 11:18:07,079 [INFO] IPUIPlugin:80 - create IPUIPlugin
2025-05-19 11:18:07,079 [INFO] PluginManager:220 - loadIPPluginJar : add comp
2025-05-19 11:18:07,079 [INFO] IPUIPlugin:80 - create IPUIPlugin
2025-05-19 11:18:07,079 [INFO] PluginManager:220 - loadIPPluginJar : add cryp
2025-05-19 11:18:07,087 [INFO] IPUIPlugin:80 - create IPUIPlugin
2025-05-19 11:18:07,087 [INFO] PluginManager:220 - loadIPPluginJar : add ddr_ctrl_phy
2025-05-19 11:18:07,087 [INFO] IPUIPlugin:80 - create IPUIPlugin
2025-05-19 11:18:07,087 [INFO] PluginManager:220 - loadIPPluginJar : add dfsdm
2025-05-19 11:18:07,095 [INFO] IPUIPlugin:80 - create IPUIPlugin
2025-05-19 11:18:07,095 [INFO] PluginManager:220 - loadIPPluginJar : add dma
2025-05-19 11:18:07,100 [INFO] IPUIPlugin:80 - create IPUIPlugin
2025-05-19 11:18:07,103 [INFO] PluginManager:220 - loadIPPluginJar : add dma3
2025-05-19 11:18:07,104 [INFO] IPUIPlugin:80 - create IPUIPlugin
2025-05-19 11:18:07,104 [INFO] PluginManager:220 - loadIPPluginJar : add extmemmanager
2025-05-19 11:18:07,104 [INFO] IPUIPlugin:80 - create IPUIPlugin
2025-05-19 11:18:07,104 [INFO] PluginManager:220 - loadIPPluginJar : add fatfs
2025-05-19 11:18:07,112 [INFO] IPUIPlugin:80 - create IPUIPlugin
2025-05-19 11:18:07,112 [INFO] PluginManager:220 - loadIPPluginJar : add fmc
2025-05-19 11:18:07,120 [INFO] IPUIPlugin:80 - create IPUIPlugin
2025-05-19 11:18:07,120 [INFO] PluginManager:220 - loadIPPluginJar : add freertos
2025-05-19 11:18:07,120 [INFO] IPUIPlugin:80 - create IPUIPlugin
2025-05-19 11:18:07,120 [INFO] PluginManager:220 - loadIPPluginJar : add genericplugin
2025-05-19 11:18:07,129 [INFO] IPUIPlugin:80 - create IPUIPlugin
2025-05-19 11:18:07,129 [INFO] PluginManager:220 - loadIPPluginJar : add gfxmmu
2025-05-19 11:18:07,135 [INFO] IPUIPlugin:80 - create IPUIPlugin
2025-05-19 11:18:07,136 [INFO] PluginManager:220 - loadIPPluginJar : add gic
2025-05-19 11:18:07,139 [INFO] IPUIPlugin:80 - create IPUIPlugin
2025-05-19 11:18:07,139 [INFO] PluginManager:220 - loadIPPluginJar : add gpio
2025-05-19 11:18:07,143 [INFO] IPUIPlugin:80 - create IPUIPlugin
2025-05-19 11:18:07,143 [INFO] PluginManager:220 - loadIPPluginJar : add gtzc
2025-05-19 11:18:07,145 [INFO] IPUIPlugin:80 - create IPUIPlugin
2025-05-19 11:18:07,145 [INFO] PluginManager:220 - loadIPPluginJar : add hash
2025-05-19 11:18:07,149 [INFO] IPUIPlugin:80 - create IPUIPlugin
2025-05-19 11:18:07,149 [INFO] PluginManager:220 - loadIPPluginJar : add i2c
2025-05-19 11:18:07,153 [INFO] IPUIPlugin:80 - create IPUIPlugin
2025-05-19 11:18:07,153 [INFO] PluginManager:220 - loadIPPluginJar : add i2s
2025-05-19 11:18:07,153 [INFO] IPUIPlugin:80 - create IPUIPlugin
2025-05-19 11:18:07,153 [INFO] PluginManager:220 - loadIPPluginJar : add i3c
2025-05-19 11:18:07,153 [INFO] IPUIPlugin:80 - create IPUIPlugin
2025-05-19 11:18:07,153 [INFO] PluginManager:220 - loadIPPluginJar : add ipddr
2025-05-19 11:18:07,162 [INFO] IPUIPlugin:80 - create IPUIPlugin
2025-05-19 11:18:07,162 [INFO] PluginManager:220 - loadIPPluginJar : add linkedlist
2025-05-19 11:18:07,170 [INFO] IPUIPlugin:80 - create IPUIPlugin
2025-05-19 11:18:07,170 [INFO] PluginManager:220 - loadIPPluginJar : add lorawan
2025-05-19 11:18:07,170 [INFO] IPUIPlugin:80 - create IPUIPlugin
2025-05-19 11:18:07,170 [INFO] PluginManager:220 - loadIPPluginJar : add ltdc
2025-05-19 11:18:07,183 [INFO] IPUIPlugin:80 - create IPUIPlugin
2025-05-19 11:18:07,185 [INFO] PluginManager:220 - loadIPPluginJar : add mdma
2025-05-19 11:18:07,187 [INFO] IPUIPlugin:80 - create IPUIPlugin
2025-05-19 11:18:07,187 [INFO] PluginManager:220 - loadIPPluginJar : add nvic
2025-05-19 11:18:07,195 [INFO] IPUIPlugin:80 - create IPUIPlugin
2025-05-19 11:18:07,195 [INFO] PluginManager:220 - loadIPPluginJar : add opamp
2025-05-19 11:18:07,195 [INFO] IPUIPlugin:80 - create IPUIPlugin
2025-05-19 11:18:07,195 [INFO] PluginManager:220 - loadIPPluginJar : add openamp
2025-05-19 11:18:07,203 [INFO] IPUIPlugin:80 - create IPUIPlugin
2025-05-19 11:18:07,203 [INFO] PluginManager:220 - loadIPPluginJar : add pdm2pcm
2025-05-19 11:18:07,211 [INFO] IPUIPlugin:80 - create IPUIPlugin
2025-05-19 11:18:07,211 [INFO] PluginManager:220 - loadIPPluginJar : add plateformsettings
2025-05-19 11:18:07,219 [INFO] IPUIPlugin:80 - create IPUIPlugin
2025-05-19 11:18:07,219 [INFO] PluginManager:220 - loadIPPluginJar : add quadspi
2025-05-19 11:18:07,222 [INFO] IPUIPlugin:80 - create IPUIPlugin
2025-05-19 11:18:07,222 [INFO] PluginManager:220 - loadIPPluginJar : add radio
2025-05-19 11:18:07,228 [INFO] IPUIPlugin:80 - create IPUIPlugin
2025-05-19 11:18:07,228 [INFO] PluginManager:220 - loadIPPluginJar : add resmgrutility
2025-05-19 11:18:07,235 [INFO] IPUIPlugin:80 - create IPUIPlugin
2025-05-19 11:18:07,235 [INFO] PluginManager:220 - loadIPPluginJar : add sai
2025-05-19 11:18:07,235 [INFO] IPUIPlugin:80 - create IPUIPlugin
2025-05-19 11:18:07,235 [INFO] PluginManager:220 - loadIPPluginJar : add spi
2025-05-19 11:18:07,249 [INFO] IPUIPlugin:80 - create IPUIPlugin
2025-05-19 11:18:07,249 [INFO] PluginManager:220 - loadIPPluginJar : add stm32_wpan
2025-05-19 11:18:07,252 [INFO] IPUIPlugin:80 - create IPUIPlugin
2025-05-19 11:18:07,252 [INFO] PluginManager:220 - loadIPPluginJar : add tim
2025-05-19 11:18:07,258 [INFO] IPUIPlugin:80 - create IPUIPlugin
2025-05-19 11:18:07,258 [INFO] PluginManager:220 - loadIPPluginJar : add touchsensing
2025-05-19 11:18:07,260 [INFO] IPUIPlugin:80 - create IPUIPlugin
2025-05-19 11:18:07,260 [INFO] PluginManager:220 - loadIPPluginJar : add tracer_emb
2025-05-19 11:18:07,260 [INFO] IPUIPlugin:80 - create IPUIPlugin
2025-05-19 11:18:07,260 [INFO] PluginManager:220 - loadIPPluginJar : add ts
2025-05-19 11:18:07,268 [INFO] IPUIPlugin:80 - create IPUIPlugin
2025-05-19 11:18:07,268 [INFO] PluginManager:220 - loadIPPluginJar : add tsc
2025-05-19 11:18:07,268 [INFO] IPUIPlugin:80 - create IPUIPlugin
2025-05-19 11:18:07,268 [INFO] PluginManager:220 - loadIPPluginJar : add ucpd
2025-05-19 11:18:07,276 [INFO] IPUIPlugin:80 - create IPUIPlugin
2025-05-19 11:18:07,276 [INFO] PluginManager:220 - loadIPPluginJar : add usart
2025-05-19 11:18:07,284 [INFO] IPUIPlugin:80 - create IPUIPlugin
2025-05-19 11:18:07,284 [INFO] PluginManager:220 - loadIPPluginJar : add usbx
2025-05-19 11:18:07,430 [FATAL] Updater:351 - Updater called before beeing initialized
2025-05-19 11:18:07,478 [INFO] RulesReader:64 - Compatibility file has been processed (297 Rules)
2025-05-19 11:18:07,494 [INFO] RulesReader:64 - Compatibility file has been processed (297 Rules)
2025-05-19 11:18:07,510 [INFO] CADModel:165 - CPN selected for project level
2025-05-19 11:18:07,510 [INFO] CADModel:114 - Register for checkConnection events
2025-05-19 11:18:07,510 [FATAL] Updater:351 - Updater called before beeing initialized
2025-05-19 11:18:07,510 [ERROR] CADModel:125 - Updater not yet initialized, retry later 
2025-05-19 11:18:07,737 [FATAL] Updater:351 - Updater called before beeing initialized
2025-05-19 11:18:07,740 [INFO] CADModel:165 - CPN selected for project level
2025-05-19 11:18:07,740 [INFO] CADModel:114 - Register for checkConnection events
2025-05-19 11:18:07,740 [FATAL] Updater:351 - Updater called before beeing initialized
2025-05-19 11:18:07,740 [ERROR] CADModel:125 - Updater not yet initialized, retry later 
2025-05-19 11:18:07,740 [FATAL] Updater:351 - Updater called before beeing initialized
2025-05-19 11:18:07,897 [FATAL] Updater:351 - Updater called before beeing initialized
2025-05-19 11:18:07,905 [INFO] DbMcusAds:53 - JSON generation date=Thu Mar 06 15:54:22 CET 2025 (1741272862204)
2025-05-19 11:18:07,905 [FATAL] Updater:351 - Updater called before beeing initialized
2025-05-19 11:18:07,968 [WARN] DetailPanel:346 - Failed to get advertising image, set to default
2025-05-19 11:18:08,336 [FATAL] Updater:351 - Updater called before beeing initialized
2025-05-19 11:18:08,338 [FATAL] Updater:351 - Updater called before beeing initialized
2025-05-19 11:18:08,338 [FATAL] Updater:351 - Updater called before beeing initialized
2025-05-19 11:18:08,338 [WARN] DetailPanel:346 - Failed to get advertising image, set to default
2025-05-19 11:18:08,338 [FATAL] Updater:351 - Updater called before beeing initialized
2025-05-19 11:18:08,410 [ERROR] Updater:1198 - MainUpdater not yet initialized. External WinMGr cannot be set.
2025-05-19 11:18:08,412 [INFO] Updater:1134 - Updater Version found : 6.13.0
2025-05-19 11:18:08,432 [INFO] ApplicationProperties:184 - Using Application install path: C:\ST\STM32CubeIDE_1.17.0\STM32CubeIDE\plugins\com.st.stm32cube.common.mx_6.13.0.202411220809
2025-05-19 11:18:09,386 [INFO] ThirdPartyUpdaterWithRetryManager:70 - Updater plugin not ready yet. [2/15]
2025-05-19 11:18:10,058 [ERROR] LogOutputStream:75 - [STDERR_REDIRECT] May 19, 2025 11:18:10 AM java.util.prefs.WindowsPreferences <init>
2025-05-19 11:18:10,058 [ERROR] LogOutputStream:75 - [STDERR_REDIRECT] WARNING: Could not open/create prefs root node Software\JavaSoft\Prefs at root 0xffffffff80000002. Windows RegCreateKeyEx(...) returned error code 5.
2025-05-19 11:18:10,058 [ERROR] LogOutputStream:75 - [STDERR_REDIRECT] 
2025-05-19 11:18:10,475 [INFO] MainUpdater:2872 - connection check result : 10
2025-05-19 11:18:10,475 [INFO] MainUpdater:289 - Updater Check For Update Now.
2025-05-19 11:18:10,475 [INFO] MicroXplorer:498 - Change Database Version : DB.6.0.130
2025-05-19 11:18:10,490 [INFO] McuFinderGlobals:63 - Set McuFinder mode to 2 (CubeIDE integrated)
2025-05-19 11:18:10,494 [INFO] UserAuth:486 - Internet connection configuration mode: 1
2025-05-19 11:18:10,529 [INFO] JxBrowserEngine:152 - Initiate JxBrowser Engine with user profile folder
2025-05-19 11:18:10,734 [INFO] CheckServerUpdateThread:120 - End of CheckServer Thread
2025-05-19 11:18:11,614 [INFO] WebApp:168 - Instantiating new browser for Auth
2025-05-19 11:18:12,725 [WARN] PackLoader:240 - Cannot read IP mode file for STMicroelectronics.FP-SNS-MOTENVWB1.1.4.0
2025-05-19 11:18:12,742 [WARN] PackLoader:240 - Cannot read IP mode file for STMicroelectronics.FP-ATR-ASTRA1.2.0.2
2025-05-19 11:18:12,758 [WARN] PackLoader:240 - Cannot read IP mode file for STMicroelectronics.X-CUBE-SMBUS.2.1.0
2025-05-19 11:18:12,774 [WARN] PackLoader:240 - Cannot read IP mode file for STMicroelectronics.X-CUBE-WB05N.1.1.0
2025-05-19 11:18:12,830 [WARN] PackLoader:240 - Cannot read IP mode file for STMicroelectronics.X-CUBE-AZRTOS-F7.1.1.0
2025-05-19 11:18:12,846 [WARN] PackLoader:240 - Cannot read IP mode file for STMicroelectronics.FP-SNS-FLIGHT1.5.0.2
2025-05-19 11:18:12,897 [WARN] PackLoader:240 - Cannot read IP mode file for Infineon.AIROC-Wi-Fi-Bluetooth-STM32.1.7.0
2025-05-19 11:18:12,922 [WARN] PackLoader:240 - Cannot read IP mode file for STMicroelectronics.X-CUBE-DISPLAY.3.0.0
2025-05-19 11:18:12,938 [WARN] PackLoader:240 - Cannot read IP mode file for STMicroelectronics.X-CUBE-BLE1.7.0.0
2025-05-19 11:18:12,952 [WARN] PackLoader:240 - Cannot read IP mode file for STMicroelectronics.X-CUBE-NFC10.1.0.0
2025-05-19 11:18:12,978 [WARN] PackLoader:240 - Cannot read IP mode file for STMicroelectronics.X-CUBE-BLEMGR.4.0.0
2025-05-19 11:18:12,998 [WARN] PackLoader:240 - Cannot read IP mode file for emotas.I-CUBE-CANOPEN.1.3.0
2025-05-19 11:18:13,007 [WARN] PackLoader:240 - Cannot read IP mode file for STMicroelectronics.X-CUBE-AI.10.0.0
2025-05-19 11:18:13,018 [WARN] PackLoader:240 - Cannot read IP mode file for STMicroelectronics.FP-SNS-SMARTAG2.1.2.0
2025-05-19 11:18:13,030 [WARN] PackLoader:240 - Cannot read IP mode file for STMicroelectronics.FP-SNS-FLIGHT1.5.1.0
2025-05-19 11:18:13,124 [WARN] PackLoader:240 - Cannot read IP mode file for STMicroelectronics.X-CUBE-MEMS1.11.1.0
2025-05-19 11:18:13,433 [INFO] WebApp:449 - Apply proxy settings
2025-05-19 11:18:13,434 [INFO] WebApp:534 - Chromium requires no authentication
2025-05-19 11:18:13,455 [INFO] LogOutputStream:77 - [STDOUT_REDIRECT] 1 : Invalid condition id : UX_CORESTACK_Condition cause : null
2025-05-19 11:18:13,456 [INFO] LogOutputStream:77 - [STDOUT_REDIRECT] 1 : Invalid condition id : UX_CORESTACK_Condition cause : null
2025-05-19 11:18:13,456 [INFO] LogOutputStream:77 - [STDOUT_REDIRECT] 1 : Invalid condition id : UX_CORESTACK_Condition cause : null
2025-05-19 11:18:13,458 [INFO] WebApp:477 - Direct internet connection detected
2025-05-19 11:18:13,460 [INFO] LogOutputStream:77 - [STDOUT_REDIRECT] 1 : Invalid condition id : UX_CORESTACK_Condition cause : null
2025-05-19 11:18:13,463 [INFO] LogOutputStream:77 - [STDOUT_REDIRECT] 1 : Invalid condition id : UX_CORESTACK_Condition cause : null
2025-05-19 11:18:13,467 [WARN] PackLoader:240 - Cannot read IP mode file for STMicroelectronics.X-CUBE-AZRTOS-WL.2.0.0
2025-05-19 11:18:13,474 [WARN] PackLoader:240 - Cannot read IP mode file for STMicroelectronics.FP-SNS-MOTENV1.5.0.0
2025-05-19 11:18:13,488 [WARN] PackLoader:240 - Cannot read IP mode file for WES.I-CUBE-Cesium.1.3.0
2025-05-19 11:18:13,494 [WARN] PackLoader:240 - Cannot read IP mode file for STMicroelectronics.X-CUBE-BLE2.3.3.0
2025-05-19 11:18:13,504 [WARN] PackLoader:240 - Cannot read IP mode file for STMicroelectronics.X-CUBE-NFC9.1.0.0
2025-05-19 11:18:13,505 [INFO] WebApp:880 - Register for checkConnection events
2025-05-19 11:18:13,507 [INFO] WebApp:449 - Apply proxy settings
2025-05-19 11:18:13,507 [INFO] WebApp:534 - Chromium requires no authentication
2025-05-19 11:18:13,507 [INFO] WebApp:477 - Direct internet connection detected
2025-05-19 11:18:13,512 [WARN] PackLoader:240 - Cannot read IP mode file for STMicroelectronics.X-CUBE-BLE1.7.1.0
2025-05-19 11:18:13,518 [WARN] PackLoader:240 - Cannot read IP mode file for wolfSSL.I-CUBE-wolfMQTT.1.19.2
2025-05-19 11:18:13,598 [WARN] PackLoader:240 - Cannot read IP mode file for STMicroelectronics.X-CUBE-MEMS1.11.2.0
2025-05-19 11:18:13,771 [INFO] WebApp:187 - Connection restablished
2025-05-19 11:18:13,832 [WARN] PackLoader:240 - Cannot read IP mode file for STMicroelectronics.X-CUBE-AZRTOS-G0.1.1.0
2025-05-19 11:18:13,845 [WARN] PackLoader:240 - Cannot read IP mode file for STMicroelectronics.X-CUBE-SAFEA1.1.2.2
2025-05-19 11:18:13,856 [WARN] PackLoader:240 - Cannot read IP mode file for STMicroelectronics.X-CUBE-NFC4.3.0.0
2025-05-19 11:18:13,870 [WARN] PackLoader:240 - Cannot read IP mode file for EmbeddedOffice.I-CUBE-FS-RTOS.1.0.1
2025-05-19 11:18:13,880 [WARN] PackLoader:240 - Cannot read IP mode file for STMicroelectronics.X-CUBE-WB05N.2.0.0
2025-05-19 11:18:13,886 [WARN] PackLoader:240 - Cannot read IP mode file for wolfSSL.I-CUBE-wolfTPM.3.8.0
2025-05-19 11:18:13,896 [WARN] PackLoader:240 - Cannot read IP mode file for STMicroelectronics.X-CUBE-TCPP.4.2.0
2025-05-19 11:18:13,905 [WARN] PackLoader:240 - Cannot read IP mode file for RealThread.X-CUBE-RT-Thread_Nano.4.1.1
2025-05-19 11:18:13,911 [WARN] PackLoader:240 - Cannot read IP mode file for STMicroelectronics.FP-ATR-SIGFOX1.3.2.0
2025-05-19 11:18:13,917 [WARN] ConditionMgr:438 - getConditionDescription Invalid condition id : Cortex-A Device cause : null
2025-05-19 11:18:13,971 [WARN] ConditionMgr:1044 - genDependencies : Invalid condition id : Cortex-A Device cause : null
2025-05-19 11:18:13,973 [WARN] ConditionMgr:1044 - genDependencies : Invalid condition id : Cortex-A Device cause : null
2025-05-19 11:18:13,973 [WARN] ConditionMgr:1044 - genDependencies : Invalid condition id : Cortex-A Device cause : null
2025-05-19 11:18:13,988 [WARN] PackLoader:240 - Cannot read IP mode file for STMicroelectronics.X-CUBE-EEPRMA1.5.1.0
2025-05-19 11:18:13,997 [WARN] PackLoader:240 - Cannot read IP mode file for wolfSSL.I-CUBE-wolfSSL.5.7.6
2025-05-19 11:18:14,011 [WARN] PackLoader:240 - Cannot read IP mode file for ITTIA_DB.I-CUBE-ITTIADB.8.9.0
2025-05-19 11:18:14,061 [WARN] PackLoader:240 - Cannot read IP mode file for SEGGER.I-CUBE-embOS.1.3.1
2025-05-19 11:18:14,113 [WARN] PackLoader:240 - Cannot read IP mode file for STMicroelectronics.X-CUBE-ALGOBUILD.1.4.0
2025-05-19 11:18:14,137 [WARN] PackLoader:240 - Cannot read IP mode file for STMicroelectronics.X-CUBE-AZRTOS-F4.1.1.0
2025-05-19 11:18:14,150 [WARN] PackLoader:240 - Cannot read IP mode file for Avnet-IotConnect.X-CUBE-IoTC-DA16k-PMOD.1.0.0
2025-05-19 11:18:14,157 [WARN] PackLoader:240 - Cannot read IP mode file for STMicroelectronics.X-CUBE-ISPU.2.1.0
2025-05-19 11:18:14,181 [WARN] PackLoader:240 - Cannot read IP mode file for STMicroelectronics.X-CUBE-AZRTOS-L5.2.0.0
2025-05-19 11:18:14,183 [INFO] WebApp:221 - Starting web application
2025-05-19 11:18:14,185 [INFO] WebApp:579 - Web application path used C:\ST\STM32CubeIDE_1.17.0\STM32CubeIDE\plugins\com.st.stm32cube.common.mx_6.13.0.202411220809\db\plugins\mcufinder\reactClient1\index.html
2025-05-19 11:18:14,204 [WARN] PackLoader:240 - Cannot read IP mode file for STMicroelectronics.X-CUBE-NFC6.3.1.0
2025-05-19 11:18:14,215 [WARN] PackLoader:240 - Cannot read IP mode file for STMicroelectronics.X-CUBE-DPower.1.2.0
2025-05-19 11:18:14,223 [WARN] PackLoader:240 - Cannot read IP mode file for STMicroelectronics.X-CUBE-FREERTOS.1.3.1
2025-05-19 11:18:14,231 [WARN] PackLoader:240 - Cannot read IP mode file for STMicroelectronics.X-CUBE-FREERTOS.1.3.0
2025-05-19 11:18:14,237 [WARN] PackLoader:240 - Cannot read IP mode file for STMicroelectronics.X-CUBE-NFC7.1.0.1
2025-05-19 11:18:14,245 [WARN] PackLoader:240 - Cannot read IP mode file for STMicroelectronics.X-CUBE-DPower.1.3.0
2025-05-19 11:18:14,271 [WARN] ConditionMgr:438 - getConditionDescription Invalid condition id : LAN8742 Phy interface Condition cause : null
2025-05-19 11:18:14,273 [WARN] PackLoader:240 - Cannot read IP mode file for STMicroelectronics.X-CUBE-AZRTOS-L4.2.0.0
2025-05-19 11:18:14,275 [WARN] ConditionMgr:1044 - genDependencies : Invalid condition id : LAN8742 Phy interface Condition cause : null
2025-05-19 11:18:14,275 [WARN] ConditionMgr:1044 - genDependencies : Invalid condition id : LAN8742 Phy interface Condition cause : null
2025-05-19 11:18:14,275 [WARN] ConditionMgr:1044 - genDependencies : Invalid condition id : LAN8742 Phy interface Condition cause : null
2025-05-19 11:18:14,287 [WARN] PackLoader:240 - Cannot read IP mode file for STMicroelectronics.X-CUBE-SFXS2LP1.4.0.0
2025-05-19 11:18:14,318 [WARN] PackLoader:240 - Cannot read IP mode file for STMicroelectronics.X-CUBE-AZRTOS-H7.3.3.0
2025-05-19 11:18:14,338 [WARN] ConditionMgr:438 - getConditionDescription Invalid condition id : UX DEVICE CLASS RTOS Condition cause : null
2025-05-19 11:18:14,340 [WARN] ConditionMgr:438 - getConditionDescription Invalid condition id : UX DEVICE CLASS RTOS Condition cause : null
2025-05-19 11:18:14,344 [WARN] PackLoader:240 - Cannot read IP mode file for STMicroelectronics.X-CUBE-AZRTOS-WB.2.0.0
2025-05-19 11:18:14,344 [WARN] ConditionMgr:1044 - genDependencies : Invalid condition id : UX DEVICE CLASS RTOS Condition cause : null
2025-05-19 11:18:14,344 [WARN] ConditionMgr:1044 - genDependencies : Invalid condition id : UX DEVICE CLASS RTOS Condition cause : null
2025-05-19 11:18:14,344 [WARN] ConditionMgr:1044 - genDependencies : Invalid condition id : UX DEVICE CLASS RTOS Condition cause : null
2025-05-19 11:18:14,346 [WARN] ConditionMgr:1044 - genDependencies : Invalid condition id : UX DEVICE CLASS RTOS Condition cause : null
2025-05-19 11:18:14,346 [WARN] ConditionMgr:1044 - genDependencies : Invalid condition id : UX DEVICE CLASS RTOS Condition cause : null
2025-05-19 11:18:14,354 [WARN] PackLoader:240 - Cannot read IP mode file for STMicroelectronics.X-CUBE-GNSS1.7.0.1
2025-05-19 11:18:14,373 [WARN] PackLoader:240 - Cannot read IP mode file for STMicroelectronics.X-CUBE-TOUCHGFX.4.25.0
2025-05-19 11:18:14,382 [WARN] PackLoader:240 - Cannot read IP mode file for STMicroelectronics.FP-SNS-STBOX1.2.0.0
2025-05-19 11:18:14,408 [WARN] PackLoader:240 - Cannot read IP mode file for STMicroelectronics.X-CUBE-SUBG2.5.0.0
2025-05-19 11:18:14,445 [WARN] PackLoader:240 - Cannot read IP mode file for STMicroelectronics.X-CUBE-AZRTOS-H7RS.1.1.0
2025-05-19 11:18:14,457 [WARN] PackLoader:240 - Cannot read IP mode file for Cesanta.I-CUBE-Mongoose.7.13.0
2025-05-19 11:18:14,481 [WARN] PackLoader:240 - Cannot read IP mode file for STMicroelectronics.X-CUBE-AZRTOS-G4.2.0.0
2025-05-19 11:18:14,489 [WARN] PackLoader:240 - Cannot read IP mode file for wolfSSL.I-CUBE-wolfSSH.1.4.20
2025-05-19 11:18:14,493 [WARN] PackLoader:240 - Cannot read IP mode file for STMicroelectronics.X-CUBE-NFC7.2.0.0
2025-05-19 11:18:14,511 [WARN] PackLoader:240 - Cannot read IP mode file for STMicroelectronics.X-CUBE-IPS.3.1.0
2025-05-19 11:18:14,526 [WARN] PackLoader:240 - Cannot read IP mode file for STMicroelectronics.X-CUBE-ALS.1.0.2
2025-05-19 11:18:14,536 [WARN] PackLoader:240 - Cannot read IP mode file for STMicroelectronics.X-CUBE-TOUCHGFX.4.24.2
2025-05-19 11:18:14,542 [WARN] PackLoader:240 - Cannot read IP mode file for portGmbH.I-Cube-SoM-uGOAL.1.1.0
2025-05-19 11:18:14,585 [WARN] PackLoader:240 - Cannot read IP mode file for STMicroelectronics.X-CUBE-AZRTOS-H7RS.1.0.0
2025-05-19 11:18:14,611 [WARN] PackLoader:240 - Cannot read IP mode file for STMicroelectronics.X-CUBE-TOF1.3.4.2
2025-05-19 11:18:14,645 [WARN] PackLoader:240 - Cannot read IP mode file for STMicroelectronics.X-CUBE-TOF1.3.4.3
2025-05-19 11:18:14,652 [INFO] UserAuth:486 - Internet connection configuration mode: 1
2025-05-19 11:18:14,662 [INFO] ThirdParty:978 - Integrity check success = true
2025-05-19 11:18:14,662 [INFO] IntegrityCheckThread:100 - exiting critical section [integrity check]
2025-05-19 11:18:14,662 [INFO] IntegrityCheckThread:103 - End integrity checks thread
2025-05-19 11:19:26,412 [INFO] WebApp:190 - Connection lost
2025-05-19 11:19:26,589 [INFO] WebApp:187 - Connection restablished
2025-05-19 11:29:12,393 [INFO] McuFinderGlobals:63 - Set McuFinder mode to 2 (CubeIDE integrated)
2025-05-19 11:29:12,487 [INFO] MainUpdater:2872 - connection check result : 10
2025-05-19 11:29:12,508 [INFO] MainUpdater:2872 - connection check result : 10
2025-05-19 11:29:13,023 [INFO] MicroXplorer:468 - Change Database Path : 
2025-05-19 11:29:13,023 [INFO] MicroXplorer:498 - Change Database Version : DB.6.0.130
2025-05-19 11:29:13,035 [WARN] ThirdParty:871 - waiting for thirdparty lock release [close project]
2025-05-19 11:29:13,036 [INFO] ThirdParty:873 - entering critical section [close project]
2025-05-19 11:29:13,039 [INFO] ThirdParty:883 - exiting critical section [close project]
2025-05-19 11:29:13,045 [INFO] PinOutPanel:1589 - setPackage(No Configuration,No Configuration)
2025-05-19 11:29:13,063 [INFO] UtilMem:75 - Begin LoadConfig() Used Memory: 710520712 Bytes (1073741824)
2025-05-19 11:29:13,067 [INFO] MicroXplorer:468 - Change Database Path : 
2025-05-19 11:29:13,067 [INFO] MicroXplorer:498 - Change Database Version : DB.6.0.130
2025-05-19 11:29:13,068 [INFO] OpenFileManager:332 - Change cursor
2025-05-19 11:29:13,224 [INFO] Mcu:2035 - Initializing MCU STM32F411R(C-E)Tx STM32F411RETx STM32F411RET6
2025-05-19 11:29:16,642 [INFO] Context:748 - Trying to add GPIOservice into a context  which must be forbidden
2025-05-19 11:29:18,183 [INFO] RtosManager:555 - Registered RTOS mode: class=CMSIS, group=RTOS, mode=CMSIS_V1, owner=FREERTOS
2025-05-19 11:29:18,183 [INFO] RtosManager:555 - Registered RTOS mode: class=CMSIS, group=RTOS2, mode=CMSIS_V2, owner=FREERTOS
2025-05-19 11:29:18,183 [INFO] RtosManager:555 - Registered RTOS mode: class=RTOS, group=Core, mode=CMSIS_V1, owner=FREERTOS
2025-05-19 11:29:18,183 [INFO] RtosManager:555 - Registered RTOS mode: class=RTOS, group=Core, mode=CMSIS_V2, owner=FREERTOS
2025-05-19 11:29:18,185 [WARN] ModelIntegratedComponent:184 - Missing modes for component STMicroelectronics:FreeRTOS:0.0.1:STMicroelectronics:RTOS:FreeRTOS:Core:::10.2.0:
2025-05-19 11:29:18,208 [WARN] ModelIntegratedComponent:182 - Modes not found for component STMicroelectronics:USB_HOST:1.0.0:STMicroelectronics:USB::USB Host:Audio HS::1.0:USB_HOST_1_0_RESTRICTED_HS
2025-05-19 11:29:18,208 [WARN] ModelIntegratedComponent:188 - Modes not found for component STMicroelectronics:USB_HOST:1.0.0:STMicroelectronics:USB::USB Host:Audio HS::1.0:USB_HOST_1_0_RESTRICTED_HS
2025-05-19 11:29:18,208 [WARN] ModelIntegratedComponent:182 - Modes not found for component STMicroelectronics:USB_HOST:1.0.0:STMicroelectronics:USB::USB Host:CDC HS::1.0:USB_HOST_1_0_RESTRICTED_HS
2025-05-19 11:29:18,208 [WARN] ModelIntegratedComponent:188 - Modes not found for component STMicroelectronics:USB_HOST:1.0.0:STMicroelectronics:USB::USB Host:CDC HS::1.0:USB_HOST_1_0_RESTRICTED_HS
2025-05-19 11:29:18,208 [WARN] ModelIntegratedComponent:182 - Modes not found for component STMicroelectronics:USB_HOST:1.0.0:STMicroelectronics:USB::USB Host:MSC HS::1.0:USB_HOST_1_0_RESTRICTED_HS
2025-05-19 11:29:18,209 [WARN] ModelIntegratedComponent:188 - Modes not found for component STMicroelectronics:USB_HOST:1.0.0:STMicroelectronics:USB::USB Host:MSC HS::1.0:USB_HOST_1_0_RESTRICTED_HS
2025-05-19 11:29:18,209 [WARN] ModelIntegratedComponent:182 - Modes not found for component STMicroelectronics:USB_HOST:1.0.0:STMicroelectronics:USB::USB Host:HID HS::1.0:USB_HOST_1_0_RESTRICTED_HS
2025-05-19 11:29:18,209 [WARN] ModelIntegratedComponent:188 - Modes not found for component STMicroelectronics:USB_HOST:1.0.0:STMicroelectronics:USB::USB Host:HID HS::1.0:USB_HOST_1_0_RESTRICTED_HS
2025-05-19 11:29:18,209 [WARN] ModelIntegratedComponent:182 - Modes not found for component STMicroelectronics:USB_HOST:1.0.0:STMicroelectronics:USB::USB Host:MTP HS::1.0:USB_HOST_1_0_RESTRICTED_HS
2025-05-19 11:29:18,209 [WARN] ModelIntegratedComponent:188 - Modes not found for component STMicroelectronics:USB_HOST:1.0.0:STMicroelectronics:USB::USB Host:MTP HS::1.0:USB_HOST_1_0_RESTRICTED_HS
2025-05-19 11:29:18,234 [WARN] ModelIntegratedComponent:63 - No mode defined for component null
2025-05-19 11:29:18,234 [WARN] ModelIntegratedComponent:63 - No mode defined for component null
2025-05-19 11:29:18,234 [WARN] ModelIntegratedComponent:63 - No mode defined for component null
2025-05-19 11:29:18,234 [WARN] ModelIntegratedComponent:63 - No mode defined for component null
2025-05-19 11:29:18,234 [WARN] ModelIntegratedComponent:63 - No mode defined for component null
2025-05-19 11:29:18,234 [WARN] ModelIntegratedComponent:63 - No mode defined for component null
2025-05-19 11:29:18,234 [WARN] ModelIntegratedComponent:63 - No mode defined for component null
2025-05-19 11:29:18,234 [WARN] ModelIntegratedComponent:63 - No mode defined for component null
2025-05-19 11:29:18,234 [WARN] ModelIntegratedComponent:63 - No mode defined for component null
2025-05-19 11:29:18,234 [WARN] ModelIntegratedComponent:63 - No mode defined for component null
2025-05-19 11:29:18,234 [WARN] ModelIntegratedComponent:63 - No mode defined for component null
2025-05-19 11:29:18,234 [WARN] ModelIntegratedComponent:63 - No mode defined for component null
2025-05-19 11:29:18,234 [WARN] ModelIntegratedComponent:63 - No mode defined for component null
2025-05-19 11:29:18,234 [WARN] ModelIntegratedComponent:63 - No mode defined for component null
2025-05-19 11:29:18,234 [WARN] ModelIntegratedComponent:63 - No mode defined for component null
2025-05-19 11:29:18,234 [WARN] ModelIntegratedComponent:63 - No mode defined for component null
2025-05-19 11:29:18,234 [WARN] ModelIntegratedComponent:63 - No mode defined for component null
2025-05-19 11:29:18,234 [WARN] ModelIntegratedComponent:63 - No mode defined for component null
2025-05-19 11:29:18,234 [WARN] ModelIntegratedComponent:63 - No mode defined for component null
2025-05-19 11:29:18,234 [WARN] ModelIntegratedComponent:63 - No mode defined for component null
2025-05-19 11:29:18,234 [WARN] ModelIntegratedComponent:63 - No mode defined for component null
2025-05-19 11:29:18,234 [WARN] ModelIntegratedComponent:63 - No mode defined for component null
2025-05-19 11:29:18,234 [WARN] ModelIntegratedComponent:63 - No mode defined for component null
2025-05-19 11:29:18,234 [WARN] ModelIntegratedComponent:63 - No mode defined for component null
2025-05-19 11:29:18,238 [WARN] ModelIntegratedComponent:63 - No mode defined for component null
2025-05-19 11:29:18,238 [WARN] ModelIntegratedComponent:63 - No mode defined for component null
2025-05-19 11:29:18,238 [WARN] ModelIntegratedComponent:63 - No mode defined for component null
2025-05-19 11:29:18,238 [WARN] ModelIntegratedComponent:63 - No mode defined for component null
2025-05-19 11:29:18,238 [WARN] ModelIntegratedComponent:63 - No mode defined for component null
2025-05-19 11:29:18,238 [WARN] ModelIntegratedComponent:63 - No mode defined for component null
2025-05-19 11:29:18,238 [WARN] ModelIntegratedComponent:63 - No mode defined for component null
2025-05-19 11:29:18,238 [WARN] ModelIntegratedComponent:63 - No mode defined for component null
2025-05-19 11:29:18,238 [WARN] ModelIntegratedComponent:63 - No mode defined for component null
2025-05-19 11:29:18,238 [WARN] ModelIntegratedComponent:63 - No mode defined for component null
2025-05-19 11:29:18,238 [WARN] ModelIntegratedComponent:63 - No mode defined for component null
2025-05-19 11:29:18,238 [WARN] ModelPack:524 - Component already loaded: STMicroelectronics:HAL Drivers:0.0.0:STMicroelectronics:Device:STMicro_Driver:XSPI:HAL::0.0.1:HAL_XSPI
2025-05-19 11:29:18,362 [WARN] ModelIntegratedComponent:182 - Modes not found for component STMicroelectronics:USB_DEVICE:1.0.0:STMicroelectronics:USB::USB Device:Audio HS::1.0:USB_DEVICE_1_0_RESTRICTED_HS
2025-05-19 11:29:18,362 [WARN] ModelIntegratedComponent:188 - Modes not found for component STMicroelectronics:USB_DEVICE:1.0.0:STMicroelectronics:USB::USB Device:Audio HS::1.0:USB_DEVICE_1_0_RESTRICTED_HS
2025-05-19 11:29:18,362 [WARN] ModelIntegratedComponent:182 - Modes not found for component STMicroelectronics:USB_DEVICE:1.0.0:STMicroelectronics:USB::USB Device:CDC HS::1.0:USB_DEVICE_1_0_RESTRICTED_HS
2025-05-19 11:29:18,364 [WARN] ModelIntegratedComponent:188 - Modes not found for component STMicroelectronics:USB_DEVICE:1.0.0:STMicroelectronics:USB::USB Device:CDC HS::1.0:USB_DEVICE_1_0_RESTRICTED_HS
2025-05-19 11:29:18,364 [WARN] ModelIntegratedComponent:182 - Modes not found for component STMicroelectronics:USB_DEVICE:1.0.0:STMicroelectronics:USB::USB Device:DFU HS::1.0:USB_DEVICE_1_0_RESTRICTED_HS
2025-05-19 11:29:18,364 [WARN] ModelIntegratedComponent:188 - Modes not found for component STMicroelectronics:USB_DEVICE:1.0.0:STMicroelectronics:USB::USB Device:DFU HS::1.0:USB_DEVICE_1_0_RESTRICTED_HS
2025-05-19 11:29:18,364 [WARN] ModelIntegratedComponent:182 - Modes not found for component STMicroelectronics:USB_DEVICE:1.0.0:STMicroelectronics:USB::USB Device:HID HS::1.0:USB_DEVICE_1_0_RESTRICTED_HS
2025-05-19 11:29:18,364 [WARN] ModelIntegratedComponent:188 - Modes not found for component STMicroelectronics:USB_DEVICE:1.0.0:STMicroelectronics:USB::USB Device:HID HS::1.0:USB_DEVICE_1_0_RESTRICTED_HS
2025-05-19 11:29:18,364 [WARN] ModelIntegratedComponent:182 - Modes not found for component STMicroelectronics:USB_DEVICE:1.0.0:STMicroelectronics:USB::USB Device:Custom HID HS::1.0:USB_DEVICE_1_0_RESTRICTED_HS
2025-05-19 11:29:18,365 [WARN] ModelIntegratedComponent:188 - Modes not found for component STMicroelectronics:USB_DEVICE:1.0.0:STMicroelectronics:USB::USB Device:Custom HID HS::1.0:USB_DEVICE_1_0_RESTRICTED_HS
2025-05-19 11:29:18,365 [WARN] ModelIntegratedComponent:182 - Modes not found for component STMicroelectronics:USB_DEVICE:1.0.0:STMicroelectronics:USB::USB Device:MSC HS::1.0:USB_DEVICE_1_0_RESTRICTED_HS
2025-05-19 11:29:18,365 [WARN] ModelIntegratedComponent:188 - Modes not found for component STMicroelectronics:USB_DEVICE:1.0.0:STMicroelectronics:USB::USB Device:MSC HS::1.0:USB_DEVICE_1_0_RESTRICTED_HS
2025-05-19 11:29:18,401 [INFO] ThirdPartyModel:298 - Start build external matchings
2025-05-19 11:29:20,788 [INFO] ThirdPartyModel:316 - End build external matchings
2025-05-19 11:29:20,824 [INFO] ImportTextPane:218 - (OptionalMessage_ERROR) IP (RCC) : Parameter (48MHZClocksFreq_Value) has invalid value (84000000)
2025-05-19 11:29:20,828 [INFO] ImportTextPane:218 - (OptionalMessage_ERROR) IP (RCC) : Parameter (FLatency) has Id (AdvancedSettings) currently not set
2025-05-19 11:29:20,829 [INFO] ImportTextPane:218 - (OptionalMessage_ERROR) IP (RCC) : Parameter (RTCHSEDivFreq_Value) has invalid value (4000000)
2025-05-19 11:29:21,652 [INFO] ApiDb:581 - Connected to CubeFinder SQLite database (C:\Users\Flori\.stmcufinder\plugins\mcufinder\mcu\cube-finder-db.db)
2025-05-19 11:29:21,952 [INFO] ApiDb:668 - CubeFinder database Data Model version=2.1
2025-05-19 11:29:21,952 [INFO] ApiDb:669 - CubeFinder database Configuration version=3.0.39
2025-05-19 11:29:21,961 [INFO] ApiDb:670 - CubeFinder database generation date=2025-03-24 (1742811287)
2025-05-19 11:29:21,961 [INFO] ApiDb:671 - CubeFinder database FW Pack versions=[FP-ATR-ASTRA1_V2.0.0, FP-SNS-FLIGHT1_V5.0.2, FP-SNS-MOTENV1_V5.0.0, FP-SNS-MOTENVWB1_V1.4.0, FP-SNS-SMARTAG2_V1.2.0, FP-SNS-STBOX1_V2.0.0, STM32Cube_FW_C0_V1.4.0, STM32Cube_FW_F4_V1.28.1, STM32Cube_FW_F7_V1.17.2, STM32Cube_FW_G0_V1.6.2, STM32Cube_FW_G4_V1.6.1, STM32Cube_FW_H5_V1.5.0, STM32Cube_FW_H7RS_V1.2.0, STM32Cube_FW_H7_V1.12.1, STM32Cube_FW_L0_V1.12.2, STM32Cube_FW_L4_V1.18.1, STM32Cube_FW_L5_V1.5.1, STM32Cube_FW_N6_V1.1.0, STM32Cube_FW_U0_V1.2.0, STM32Cube_FW_U3_V1.1.0, STM32Cube_FW_U5_V1.7.0, STM32Cube_FW_WB0_V1.2.0, STM32Cube_FW_WBA_V1.6.0, STM32Cube_FW_WB_V1.22.0, STM32Cube_FW_WL3_V1.1.0, STM32Cube_FW_WL_V1.3.1, X-CUBE-ALGOBUILD_V1.4.0, X-CUBE-ALS_V1.0.2, X-CUBE-AZRTOS-F4_V1.1.0, X-CUBE-AZRTOS-F7_V1.1.0, X-CUBE-AZRTOS-G0_V1.1.0, X-CUBE-AZRTOS-G4_V2.0.0, X-CUBE-AZRTOS-H7RS_V1.0.0, X-CUBE-AZRTOS-H7_V3.3.0, X-CUBE-AZRTOS-L4_V2.0.0, X-CUBE-AZRTOS-L5_V2.0.0, X-CUBE-AZRTOS-WB_V2.0.0, X-CUBE-AZRTOS-WL_V2.0.0, X-CUBE-BLE1_V7.1.0, X-CUBE-BLE2_V3.3.0, X-CUBE-BLEMGR_V4.0.0, X-CUBE-EEPRMA1_V5.1.0, X-CUBE-FREERTOS_V1.3.0, X-CUBE-GNSS1_V6.0.0, X-CUBE-MEMS1_V11.1.0, X-CUBE-NFC4_V3.0.0, X-CUBE-NFC7_V1.0.1, X-CUBE-SFXS2LP1_V4.0.0, X-CUBE-SUBG2_V5.0.0, X-CUBE-TOF1_V3.4.2]
2025-05-19 11:29:22,253 [INFO] DbBoardsSqlite:226 - include board P-NUCLEO-WB55-NUCLEO as a kit item of type 'Nucleo-64'
2025-05-19 11:29:22,253 [INFO] DbBoardsSqlite:226 - include board P-NUCLEO-WB55-USBDONGLE as a kit item of type 'Nucleo USB Dongle'
2025-05-19 11:29:22,262 [INFO] DbBoardsSqlite:226 - include board STEVAL-IDP005V1 as a kit item of type 'Evaluation Board'
2025-05-19 11:29:22,263 [INFO] DbBoardsSqlite:226 - include board STEVAL-IDP005V2 as a kit item of type 'Evaluation Board'
2025-05-19 11:29:22,903 [INFO] ApiDb:240 - Found 858 in-development CPN: [B-G473E-ZEST1S, B-WB1M-WPAN1, B-WBA5M-WPAN, B-WL5M-SUBG1, NUCLEO-C031C6, NUCLEO-C051C8, NUCLEO-C071RB, NUCLEO-C092RC, NUCLEO-H503RB, NUCLEO-H533RE, NUCLEO-H563ZI, NUCLEO-H7S3L8, NUCLEO-N657X0-Q, NUCLEO-U031R8, NUCLEO-U083RC, NUCLEO-U385RG-Q, NUCLEO-U545RE-Q, NUCLEO-U5A5ZJ-Q, NUCLEO-WB05KZ, NUCLEO-WB07CC, NUCLEO-WB09KE, NUCLEO-WBA52CG, NUCLEO-WBA55CG, NUCLEO-WL33CC1, NUCLEO-WL33CC2, STEVAL-PROTEUS1, STEVAL-SMARTAG2, STEVAL-STWINBX1, STM320518-EVAL, STM32C0116-DK, STM32C011D6Y3TR, STM32C011D6Y6TR, STM32C011F4P3, STM32C011F4P6, STM32C011F4U3, STM32C011F4U6TR, STM32C011F6P3, STM32C011F6P6, STM32C011F6U3, STM32C011F6U6TR, STM32C011J4M3, STM32C011J4M6, STM32C011J6M3, STM32C011J6M6, STM32C0316-DK, STM32C031C4T3, STM32C031C4T6, STM32C031C4U3, STM32C031C4U6, STM32C031C6T3, STM32C031C6T6, STM32C031C6U3, STM32C031C6U6, STM32C031F4P3, STM32C031F4P6, STM32C031F6P3, STM32C031F6P6, STM32C031G4U3, STM32C031G4U6, STM32C031G6U3, STM32C031G6U6, STM32C031K4T3, STM32C031K4T6, STM32C031K4U3, STM32C031K4U6, STM32C031K6T3, STM32C031K6T6, STM32C031K6U3, STM32C031K6U6, STM32C051C6T6, STM32C051C6U6, STM32C051C8T6, STM32C051C8U6, STM32C051D8Y6TR, STM32C051F6P6, STM32C051F8P6, STM32C051G6U6, STM32C051G8U6, STM32C051K6T6, STM32C051K6U6, STM32C051K8T6, STM32C071C8T6, STM32C071C8T6N, STM32C071C8U6, STM32C071C8U6N, STM32C071CBT6, STM32C071CBT6N, STM32C071CBU6, STM32C071CBU6N, STM32C071F8P6, STM32C071F8P6N, STM32C071FBP6, STM32C071FBP6N, STM32C071FBY6TR, STM32C071G8U6, STM32C071G8U6N, STM32C071GBU6, STM32C071GBU6N, STM32C071K8T6, STM32C071K8T6N, STM32C071K8U6, STM32C071K8U6N, STM32C071KBT6, STM32C071KBT6N, STM32C071KBU6, STM32C071KBU6N, STM32C071R8T6, STM32C071R8T6N, STM32C071RBI6N, STM32C071RBT6, STM32C071RBT6N, STM32C091CBT6, STM32C091CBU6, STM32C091CCT6, STM32C091CCU6, STM32C091ECY6TR, STM32C091FBP6, STM32C091FCP6, STM32C091GBU6, STM32C091GCU6, STM32C091KBT6, STM32C091KBU6, STM32C091KCT6, STM32C091KCU6, STM32C091RBT6, STM32C091RCI6, STM32C091RCT6, STM32C092CBT6, STM32C092CBU6, STM32C092CCT6, STM32C092CCU6, STM32C092ECY6TR, STM32C092FBP6, STM32C092FCP6, STM32C092GBU6, STM32C092GCU6, STM32C092KBT6, STM32C092KBU6, STM32C092KCT6, STM32C092KCU6, STM32C092RBT6, STM32C092RCI6, STM32C092RCT6, STM32G071K8TXN, STM32G071K8UXN, STM32G081GBU6N, STM32G081KBT6N, STM32G081KBUXN, STM32G0B1CCT6N, STM32G0B1KCT6, STM32G0B1NEY6TR, STM32G0B1RCT6N, STM32G0C1CCT6, STM32G0C1CCT6N, STM32G0C1CCU6N, STM32G0C1CET6N, STM32G0C1CEU6N, STM32G0C1KCT6, STM32G0C1NEY6TR, STM32G0C1RCI6N, STM32G0C1RCT6N, STM32G0C1REI6N, STM32G0C1RET6N, STM32G0C1VCI6, STM32G0C1VEI6, STM32G411C6T3, STM32G411C6T6, STM32G411C6U3, STM32G411C6U6, STM32G411C8T3, STM32G411C8T6, STM32G411C8U3, STM32G411C8U6, STM32G411CBT3, STM32G411CBT6, STM32G411CBU3, STM32G411CBU6, STM32G411CCT3, STM32G411CCT6, STM32G411CCU3, STM32G411CCU6, STM32G411K6T3, STM32G411K6T6, STM32G411K6U3, STM32G411K6U6, STM32G411K8T3, STM32G411K8T6, STM32G411K8U3, STM32G411K8U6, STM32G411KBT3, STM32G411KBT6, STM32G411KBU3, STM32G411KBU6, STM32G411M6T3, STM32G411M6T6, STM32G411M8T3, STM32G411M8T6, STM32G411MBT3, STM32G411MBT6, STM32G411MCT3, STM32G411MCT6, STM32G411R6T3, STM32G411R6T6, STM32G411R8T3, STM32G411R8T6, STM32G411RBT3, STM32G411RBT6, STM32G411RCT3, STM32G411RCT6, STM32G414CBT3, STM32G414CBT6, STM32G414CBU3, STM32G414CBU6, STM32G414CCT3, STM32G414CCT6, STM32G414CCU3, STM32G414CCU6, STM32G414MBT3, STM32G414MBT6, STM32G414MCT3, STM32G414MCT6, STM32G414RBT3, STM32G414RBT6, STM32G414RCT3, STM32G414RCT6, STM32G414VBT3, STM32G414VBT6, STM32G414VCT3, STM32G414VCT6, STM32G431CBT3Z, STM32G431RBT3Z, STM32G471CCT6, STM32G471CCU6, STM32G471CET3, STM32G471CET6, STM32G471CEU3, STM32G471CEU6, STM32G471MCT6, STM32G471MET3, STM32G471MET6, STM32G471MEY6TR, STM32G471QCT6, STM32G471QET3, STM32G471RCT6, STM32G471RET3, STM32G471RET6, STM32G471VCH6, STM32G471VCI6, STM32G471VCT6, STM32G471VEH3, STM32G471VEH6, STM32G471VEI3, STM32G471VEI6, STM32G471VET3, STM32G471VET6, STM32G473QET3Z, STM32G473RET3Z, STM32G474CCT6, STM32G491RET3Z, STM32H503CBT6, STM32H503CBU6, STM32H503EBY6TR, STM32H503KBU6, STM32H503RBT6, STM32H523CCT6, STM32H523CCU6, STM32H523CET6, STM32H523CEU6, STM32H523HEY6TR, STM32H523RCT6, STM32H523RET6, STM32H523VCI6, STM32H523VCT6, STM32H523VEI6, STM32H523VET6, STM32H523ZCJ6, STM32H523ZCT6, STM32H523ZEJ6, STM32H523ZET6, STM32H533CET6, STM32H533CEU6, STM32H533HEY6TR, STM32H533RET6, STM32H533VEI6, STM32H533VET6, STM32H533ZEJ6, STM32H533ZET6, STM32H562AGI6, STM32H562AII6, STM32H562IGK6, STM32H562IGT6, STM32H562IIK6, STM32H562IIT6, STM32H562RGT6, STM32H562RGV6, STM32H562RIT6, STM32H562RIV6, STM32H562VGT6, STM32H562VIT6, STM32H562ZGT6, STM32H562ZIT6, STM32H563AGI6, STM32H563AII3Q, STM32H563AII6, STM32H563IGK6, STM32H563IGT6, STM32H563IIK3Q, STM32H563IIK6, STM32H563IIT3Q, STM32H563IIT6, STM32H563MIY3QTR, STM32H563RGT6, STM32H563RGV6, STM32H563RIT6, STM32H563RIV6, STM32H563VGT6, STM32H563VIT3Q, STM32H563VIT6, STM32H563ZGT6, STM32H563ZIT3Q, STM32H563ZIT6, STM32H573AII3Q, STM32H573AII6, STM32H573I-DK, STM32H573IIK3Q, STM32H573IIK6, STM32H573IIT3Q, STM32H573IIT6, STM32H573MIY3QTR, STM32H573RIT6, STM32H573RIV6, STM32H573VIT3Q, STM32H573VIT6, STM32H573ZIT3Q, STM32H573ZIT6, STM32H7R3A8I6, STM32H7R3I8K6, STM32H7R3I8T6, STM32H7R3L8H6, STM32H7R3L8H6H, STM32H7R3R8V6, STM32H7R3V8H6, STM32H7R3V8T6, STM32H7R3V8Y6TR, STM32H7R3Z8J6, STM32H7R3Z8T6, STM32H7R7A8I6, STM32H7R7I8K6, STM32H7R7I8T6, STM32H7R7L8H6, STM32H7R7L8H6H, STM32H7R7Z8J6, STM32H7S3A8I6, STM32H7S3I8K6, STM32H7S3I8T6, STM32H7S3L8H6, STM32H7S3L8H6H, STM32H7S3R8V6, STM32H7S3V8H6, STM32H7S3V8T6, STM32H7S3V8Y6TR, STM32H7S3Z8J6, STM32H7S3Z8T6, STM32H7S78-DK, STM32H7S7A8I6, STM32H7S7I8K6, STM32H7S7I8T6, STM32H7S7L8H6, STM32H7S7L8H6H, STM32H7S7Z8J6, STM32L4R5QGI6STR, STM32MP131AAE3, STM32MP131AAF3, STM32MP131AAG3, STM32MP131CAE3, STM32MP131CAF3, STM32MP131CAG3, STM32MP131DAE7, STM32MP131DAF7, STM32MP131DAG7, STM32MP131FAE7, STM32MP131FAF7, STM32MP131FAG7, STM32MP133AAE3, STM32MP133AAF3, STM32MP133AAG3, STM32MP133CAE3, STM32MP133CAF3, STM32MP133CAG3, STM32MP133DAE7, STM32MP133DAF7, STM32MP133DAG7, STM32MP133FAE7, STM32MP133FAF7, STM32MP133FAG7, STM32MP135AAE3, STM32MP135AAF3, STM32MP135AAG3, STM32MP135CAE3, STM32MP135CAF3, STM32MP135CAG3, STM32MP135DAE7, STM32MP135DAF7, STM32MP135DAG7, STM32MP135F-DK, STM32MP135FAE7, STM32MP135FAF7, STM32MP135FAF7T, STM32MP135FAF7U, STM32MP135FAG7, STM32MP231AAJ3, STM32MP231AAK3, STM32MP231AAL3, STM32MP231CAJ3, STM32MP231CAK3, STM32MP231CAL3, STM32MP231DAJ3, STM32MP231DAK3, STM32MP231DAL3, STM32MP231FAJ3, STM32MP231FAK3, STM32MP231FAL3, STM32MP233AAJ3, STM32MP233AAK3, STM32MP233AAL3, STM32MP233CAJ3, STM32MP233CAK3, STM32MP233CAL3, STM32MP233DAJ3, STM32MP233DAK3, STM32MP233DAL3, STM32MP233FAJ3, STM32MP233FAK3, STM32MP233FAL3, STM32MP235AAJ3, STM32MP235AAK3, STM32MP235AAL3, STM32MP235CAJ3, STM32MP235CAK3, STM32MP235CAL3, STM32MP235DAJ3, STM32MP235DAK3, STM32MP235DAL3, STM32MP235FAJ3, STM32MP235FAK3, STM32MP235FAL3, STM32MP251AAI3, STM32MP251AAJ3, STM32MP251AAK3, STM32MP251AAL3, STM32MP251CAI3, STM32MP251CAJ3, STM32MP251CAK3, STM32MP251CAL3, STM32MP251DAI3, STM32MP251DAJ3, STM32MP251DAK3, STM32MP251DAL3, STM32MP251FAI3, STM32MP251FAJ3, STM32MP251FAK3, STM32MP251FAL3, STM32MP253AAI3, STM32MP253AAJ3, STM32MP253AAK3, STM32MP253AAL3, STM32MP253CAI3, STM32MP253CAJ3, STM32MP253CAK3, STM32MP253CAL3, STM32MP253DAI3, STM32MP253DAJ3, STM32MP253DAK3, STM32MP253DAL3, STM32MP253FAI3, STM32MP253FAJ3, STM32MP253FAK3, STM32MP253FAL3, STM32MP255AAI3, STM32MP255AAJ3, STM32MP255AAK3, STM32MP255AAL3, STM32MP255CAI3, STM32MP255CAJ3, STM32MP255CAK3, STM32MP255CAL3, STM32MP255DAI3, STM32MP255DAJ3, STM32MP255DAK3, STM32MP255DAL3, STM32MP255FAI3, STM32MP255FAJ3, STM32MP255FAK3, STM32MP255FAL3, STM32MP257AAI3, STM32MP257AAJ3, STM32MP257AAK3, STM32MP257AAL3, STM32MP257CAI3, STM32MP257CAJ3, STM32MP257CAK3, STM32MP257CAL3, STM32MP257DAI3, STM32MP257DAJ3, STM32MP257DAK3, STM32MP257DAL3, STM32MP257F-DK, STM32MP257F-EV1, STM32MP257FAI3, STM32MP257FAJ3, STM32MP257FAK3, STM32MP257FAL3, STM32N645A0H3Q, STM32N645B0H3Q, STM32N645I0H3Q, STM32N645L0H3Q, STM32N645X0H3Q, STM32N645Z0H3Q, STM32N647A0H3Q, STM32N647B0H3Q, STM32N647I0H3Q, STM32N647L0H3Q, STM32N647X0H3Q, STM32N647Z0H3Q, STM32N655A0H3Q, STM32N655B0H3Q, STM32N655I0H3Q, STM32N655L0H3Q, STM32N655X0H3Q, STM32N655Z0H3Q, STM32N6570-DK, STM32N657A0H3Q, STM32N657B0H3Q, STM32N657I0H3Q, STM32N657L0H3Q, STM32N657X0H3Q, STM32N657Z0H3Q, STM32U031C6T6, STM32U031C6U6, STM32U031C8T6, STM32U031C8U6, STM32U031F4P6, STM32U031F6P6, STM32U031F8P6, STM32U031G6Y6TR, STM32U031G8Y6TR, STM32U031K4U6, STM32U031K6U6, STM32U031K8U6, STM32U031R6I6, STM32U031R6T6, STM32U031R8I6, STM32U031R8T6, STM32U073C8T6, STM32U073C8U6, STM32U073CBT6, STM32U073CBU6, STM32U073CCT6, STM32U073CCU6, STM32U073H8Y6TR, STM32U073HBY6TR, STM32U073HCY6TR, STM32U073K8U6, STM32U073KBU6, STM32U073KCU6, STM32U073M8I6, STM32U073M8T6, STM32U073MBI6, STM32U073MBT6, STM32U073MCI6, STM32U073MCT6, STM32U073R8I6, STM32U073R8T6, STM32U073RBI6, STM32U073RBT6, STM32U073RCI6, STM32U073RCT6, STM32U083C-DK, STM32U083CCT6, STM32U083CCU6, STM32U083HCY6TR, STM32U083KCU6, STM32U083MCI6, STM32U083MCT6, STM32U083RCI6, STM32U083RCT6, STM32U375CET6, STM32U375CET6Q, STM32U375CEU6, STM32U375CEU6Q, STM32U375CEY6QTR, STM32U375CGT6, STM32U375CGT6Q, STM32U375CGU6, STM32U375CGU6Q, STM32U375CGY6QTR, STM32U375KEU6, STM32U375KGU6, STM32U375REI6, STM32U375REI6Q, STM32U375RET6, STM32U375RET6Q, STM32U375REY6GTR, STM32U375REY6QTR, STM32U375RGI6, STM32U375RGI6Q, STM32U375RGT6, STM32U375RGT6Q, STM32U375RGY6GTR, STM32U375RGY6QTR, STM32U375VEI6, STM32U375VEI6Q, STM32U375VET6, STM32U375VET6Q, STM32U375VGI6, STM32U375VGI6Q, STM32U375VGT6, STM32U375VGT6Q, STM32U385CGT6, STM32U385CGT6Q, STM32U385CGU6, STM32U385CGU6Q, STM32U385CGY6QTR, STM32U385KGU6, STM32U385RGI6, STM32U385RGI6Q, STM32U385RGT6, STM32U385RGT6Q, STM32U385RGY6GTR, STM32U385RGY6QTR, STM32U385VGI6, STM32U385VGI6Q, STM32U385VGT6, STM32U385VGT6Q, STM32U535CBT6, STM32U535CBT6Q, STM32U535CBU6, STM32U535CBU6Q, STM32U535CCT6, STM32U535CCT6Q, STM32U535CCU6, STM32U535CCU6Q, STM32U535CET6, STM32U535CET6Q, STM32U535CEU6, STM32U535CEU6Q, STM32U535JEY6QTR, STM32U535NCY6QTR, STM32U535NEY6QTR, STM32U535RBI6, STM32U535RBI6Q, STM32U535RBT6, STM32U535RBT6Q, STM32U535RCI6, STM32U535RCI6Q, STM32U535RCT6, STM32U535RCT6Q, STM32U535REI6, STM32U535REI6Q, STM32U535RET6, STM32U535RET6Q, STM32U535VCI6, STM32U535VCI6Q, STM32U535VCT6, STM32U535VCT6Q, STM32U535VEI6, STM32U535VEI6Q, STM32U535VET6, STM32U535VET6Q, STM32U545CET6, STM32U545CET6Q, STM32U545CEU6, STM32U545CEU6Q, STM32U545JEY6QTR, STM32U545NEY6QTR, STM32U545REI6, STM32U545REI6Q, STM32U545RET6, STM32U545RET6Q, STM32U545VEI6, STM32U545VEI6Q, STM32U545VET6, STM32U545VET6Q, STM32U595AIH6, STM32U595AIH6Q, STM32U595AJH6, STM32U595AJH6Q, STM32U595QII6, STM32U595QII6Q, STM32U595QJI6, STM32U595QJI6Q, STM32U595RIT6, STM32U595RIT6Q, STM32U595RJT6, STM32U595RJT6Q, STM32U595VIT6, STM32U595VIT6Q, STM32U595VJT6, STM32U595VJT6Q, STM32U595ZIT6, STM32U595ZIT6Q, STM32U595ZIY6QTR, STM32U595ZJT6, STM32U595ZJT6Q, STM32U595ZJY6QTR, STM32U599BJY6QTR, STM32U599NIH6Q, STM32U599NJH6Q, STM32U599VIT6Q, STM32U599VJT6, STM32U599VJT6Q, STM32U599ZIT6Q, STM32U599ZIY6QTR, STM32U599ZJT6Q, STM32U599ZJY6QTR, STM32U5A5AJH6, STM32U5A5AJH6Q, STM32U5A5QII3Q , STM32U5A5QJI6, STM32U5A5QJI6Q, STM32U5A5RJT6, STM32U5A5RJT6Q, STM32U5A5VJT6, STM32U5A5VJT6Q, STM32U5A5ZJT6, STM32U5A5ZJT6Q, STM32U5A5ZJY6QTR, STM32U5A9BJY6QTR, STM32U5A9J-DK, STM32U5A9NJH6Q, STM32U5A9VJT6Q, STM32U5A9ZJT6Q, STM32U5A9ZJY6QTR, STM32U5F7VIT6, STM32U5F7VIT6Q, STM32U5F7VJT6, STM32U5F7VJT6Q, STM32U5F9BJY6QTR, STM32U5F9NJH6Q, STM32U5F9VIT6Q, STM32U5F9VJT6Q, STM32U5F9ZIJ6QTR, STM32U5F9ZIT6Q, STM32U5F9ZJJ6QTR, STM32U5F9ZJT6Q, STM32U5G7VJT6, STM32U5G7VJT6Q, STM32U5G9BJY6QTR, STM32U5G9J-DK1, STM32U5G9J-DK2, STM32U5G9NJH6Q, STM32U5G9VJT6Q, STM32U5G9ZJJ6QTR, STM32U5G9ZJT6Q, STM32WB05KZV6TR, STM32WB05KZV7TR, STM32WB05TZF6TR, STM32WB05TZF7TR, STM32WB06CCF6TR, STM32WB06CCF7TR, STM32WB06CCV6TR, STM32WB06CCV7TR, STM32WB06KCV6TR, STM32WB06KCV7TR, STM32WB07CCF6TR, STM32WB07CCF7TR, STM32WB07CCV6TR, STM32WB07CCV7TR, STM32WB07KCV6TR, STM32WB07KCV7TR, STM32WB09KEV6TR, STM32WB09KEV7TR, STM32WB09TEF6TR, STM32WB09TEF7TR, STM32WB1MMCH6, STM32WBA50KGU6, STM32WBA50KGU6TR, STM32WBA52CEU6, STM32WBA52CEU6TR, STM32WBA52CEU7, STM32WBA52CEU7TR, STM32WBA52CGU6, STM32WBA52CGU6TR, STM32WBA52CGU6U, STM32WBA52CGU7, STM32WBA52CGU7TR, STM32WBA52KEU6, STM32WBA52KEU6TR, STM32WBA52KGU6, STM32WBA52KGU6TR, STM32WBA54CEU6, STM32WBA54CEU6TR, STM32WBA54CEU7, STM32WBA54CEU7TR, STM32WBA54CGU6, STM32WBA54CGU6TR, STM32WBA54CGU7, STM32WBA54CGU7TR, STM32WBA54KEU6, STM32WBA54KEU6TR, STM32WBA54KEU7, STM32WBA54KEU7TR, STM32WBA54KGU6, STM32WBA54KGU6TR, STM32WBA54KGU7, STM32WBA54KGU7TR, STM32WBA55CEU6, STM32WBA55CEU6TR, STM32WBA55CEU7, STM32WBA55CEU7TR, STM32WBA55CGU6, STM32WBA55CGU6TR, STM32WBA55CGU6U, STM32WBA55CGU7, STM32WBA55CGU7TR, STM32WBA55G-DK1, STM32WBA55HEF6, STM32WBA55HEF7, STM32WBA55HGF6, STM32WBA55HGF7, STM32WBA55UEI6, STM32WBA55UEI6TR, STM32WBA55UEI7, STM32WBA55UEI7TR, STM32WBA55UGI6, STM32WBA55UGI6TR, STM32WBA55UGI7, STM32WBA55UGI7TR, STM32WBA5MJGH6TR, STM32WBA5MJGH6U, STM32WL33C8V6, STM32WL33C8V6TR, STM32WL33C8V7, STM32WL33C8V7TR, STM32WL33CBV6, STM32WL33CBV6TR, STM32WL33CBV7, STM32WL33CBV7TR, STM32WL33CCV6, STM32WL33CCV6TR, STM32WL33CCV7, STM32WL33CCV7A, STM32WL33CCV7ATR, STM32WL33CCV7TR, STM32WL33K8V6, STM32WL33K8V6TR, STM32WL33K8V7, STM32WL33K8V7TR, STM32WL33KBV6, STM32WL33KBV6TR, STM32WL33KBV7, STM32WL33KBV7TR, STM32WL33KCV6, STM32WL33KCV6TR, STM32WL33KCV7, STM32WL33KCV7TR, STM32WL5MOCH6, STM32WL5MOCH6TR]
2025-05-19 11:29:23,547 [INFO] BoardInfo:889 - No configuration file found for board NUCLEO-WBA65RI
2025-05-19 11:29:23,552 [INFO] DbBoards:161 - Board is not supported: NUCLEO-WBA65RI
2025-05-19 11:29:23,594 [INFO] BoardInfo:889 - No configuration file found for board P-NUCLEO-WB55
2025-05-19 11:29:23,598 [INFO] DbBoards:161 - Kit is not supported: P-NUCLEO-WB55
2025-05-19 11:29:23,620 [INFO] BoardInfo:889 - No configuration file found for board STEVAL-BFA001V1B
2025-05-19 11:29:23,624 [INFO] DbBoards:161 - Kit is not supported: STEVAL-BFA001V1B
2025-05-19 11:29:23,626 [INFO] BoardInfo:889 - No configuration file found for board STEVAL-BFA001V2B
2025-05-19 11:29:23,631 [INFO] DbBoards:161 - Kit is not supported: STEVAL-BFA001V2B
2025-05-19 11:29:24,299 [INFO] BoardInfo:889 - No configuration file found for board STM32WBA65I-DK1
2025-05-19 11:29:24,300 [INFO] DbBoards:161 - Board is not supported: STM32WBA65I-DK1
2025-05-19 11:29:24,300 [INFO] DbBoards:168 - Found 211 boards, 206 are supported
2025-05-19 11:29:24,300 [INFO] DbBoards:169 - Found 211 boards, 42 of them is supported for  Bsp
2025-05-19 11:29:24,312 [INFO] ApiDb:668 - CubeFinder database Data Model version=2.1
2025-05-19 11:29:24,312 [INFO] ApiDb:669 - CubeFinder database Configuration version=3.0.39
2025-05-19 11:29:24,312 [INFO] ApiDb:670 - CubeFinder database generation date=2025-03-24 (1742811287)
2025-05-19 11:29:24,312 [INFO] ApiDb:671 - CubeFinder database FW Pack versions=[FP-ATR-ASTRA1_V2.0.0, FP-SNS-FLIGHT1_V5.0.2, FP-SNS-MOTENV1_V5.0.0, FP-SNS-MOTENVWB1_V1.4.0, FP-SNS-SMARTAG2_V1.2.0, FP-SNS-STBOX1_V2.0.0, STM32Cube_FW_C0_V1.4.0, STM32Cube_FW_F4_V1.28.1, STM32Cube_FW_F7_V1.17.2, STM32Cube_FW_G0_V1.6.2, STM32Cube_FW_G4_V1.6.1, STM32Cube_FW_H5_V1.5.0, STM32Cube_FW_H7RS_V1.2.0, STM32Cube_FW_H7_V1.12.1, STM32Cube_FW_L0_V1.12.2, STM32Cube_FW_L4_V1.18.1, STM32Cube_FW_L5_V1.5.1, STM32Cube_FW_N6_V1.1.0, STM32Cube_FW_U0_V1.2.0, STM32Cube_FW_U3_V1.1.0, STM32Cube_FW_U5_V1.7.0, STM32Cube_FW_WB0_V1.2.0, STM32Cube_FW_WBA_V1.6.0, STM32Cube_FW_WB_V1.22.0, STM32Cube_FW_WL3_V1.1.0, STM32Cube_FW_WL_V1.3.1, X-CUBE-ALGOBUILD_V1.4.0, X-CUBE-ALS_V1.0.2, X-CUBE-AZRTOS-F4_V1.1.0, X-CUBE-AZRTOS-F7_V1.1.0, X-CUBE-AZRTOS-G0_V1.1.0, X-CUBE-AZRTOS-G4_V2.0.0, X-CUBE-AZRTOS-H7RS_V1.0.0, X-CUBE-AZRTOS-H7_V3.3.0, X-CUBE-AZRTOS-L4_V2.0.0, X-CUBE-AZRTOS-L5_V2.0.0, X-CUBE-AZRTOS-WB_V2.0.0, X-CUBE-AZRTOS-WL_V2.0.0, X-CUBE-BLE1_V7.1.0, X-CUBE-BLE2_V3.3.0, X-CUBE-BLEMGR_V4.0.0, X-CUBE-EEPRMA1_V5.1.0, X-CUBE-FREERTOS_V1.3.0, X-CUBE-GNSS1_V6.0.0, X-CUBE-MEMS1_V11.1.0, X-CUBE-NFC4_V3.0.0, X-CUBE-NFC7_V1.0.1, X-CUBE-SFXS2LP1_V4.0.0, X-CUBE-SUBG2_V5.0.0, X-CUBE-TOF1_V3.4.2]
2025-05-19 11:29:29,478 [INFO] ApiDb:240 - Found 858 in-development CPN: [B-G473E-ZEST1S, B-WB1M-WPAN1, B-WBA5M-WPAN, B-WL5M-SUBG1, NUCLEO-C031C6, NUCLEO-C051C8, NUCLEO-C071RB, NUCLEO-C092RC, NUCLEO-H503RB, NUCLEO-H533RE, NUCLEO-H563ZI, NUCLEO-H7S3L8, NUCLEO-N657X0-Q, NUCLEO-U031R8, NUCLEO-U083RC, NUCLEO-U385RG-Q, NUCLEO-U545RE-Q, NUCLEO-U5A5ZJ-Q, NUCLEO-WB05KZ, NUCLEO-WB07CC, NUCLEO-WB09KE, NUCLEO-WBA52CG, NUCLEO-WBA55CG, NUCLEO-WL33CC1, NUCLEO-WL33CC2, STEVAL-PROTEUS1, STEVAL-SMARTAG2, STEVAL-STWINBX1, STM320518-EVAL, STM32C0116-DK, STM32C011D6Y3TR, STM32C011D6Y6TR, STM32C011F4P3, STM32C011F4P6, STM32C011F4U3, STM32C011F4U6TR, STM32C011F6P3, STM32C011F6P6, STM32C011F6U3, STM32C011F6U6TR, STM32C011J4M3, STM32C011J4M6, STM32C011J6M3, STM32C011J6M6, STM32C0316-DK, STM32C031C4T3, STM32C031C4T6, STM32C031C4U3, STM32C031C4U6, STM32C031C6T3, STM32C031C6T6, STM32C031C6U3, STM32C031C6U6, STM32C031F4P3, STM32C031F4P6, STM32C031F6P3, STM32C031F6P6, STM32C031G4U3, STM32C031G4U6, STM32C031G6U3, STM32C031G6U6, STM32C031K4T3, STM32C031K4T6, STM32C031K4U3, STM32C031K4U6, STM32C031K6T3, STM32C031K6T6, STM32C031K6U3, STM32C031K6U6, STM32C051C6T6, STM32C051C6U6, STM32C051C8T6, STM32C051C8U6, STM32C051D8Y6TR, STM32C051F6P6, STM32C051F8P6, STM32C051G6U6, STM32C051G8U6, STM32C051K6T6, STM32C051K6U6, STM32C051K8T6, STM32C071C8T6, STM32C071C8T6N, STM32C071C8U6, STM32C071C8U6N, STM32C071CBT6, STM32C071CBT6N, STM32C071CBU6, STM32C071CBU6N, STM32C071F8P6, STM32C071F8P6N, STM32C071FBP6, STM32C071FBP6N, STM32C071FBY6TR, STM32C071G8U6, STM32C071G8U6N, STM32C071GBU6, STM32C071GBU6N, STM32C071K8T6, STM32C071K8T6N, STM32C071K8U6, STM32C071K8U6N, STM32C071KBT6, STM32C071KBT6N, STM32C071KBU6, STM32C071KBU6N, STM32C071R8T6, STM32C071R8T6N, STM32C071RBI6N, STM32C071RBT6, STM32C071RBT6N, STM32C091CBT6, STM32C091CBU6, STM32C091CCT6, STM32C091CCU6, STM32C091ECY6TR, STM32C091FBP6, STM32C091FCP6, STM32C091GBU6, STM32C091GCU6, STM32C091KBT6, STM32C091KBU6, STM32C091KCT6, STM32C091KCU6, STM32C091RBT6, STM32C091RCI6, STM32C091RCT6, STM32C092CBT6, STM32C092CBU6, STM32C092CCT6, STM32C092CCU6, STM32C092ECY6TR, STM32C092FBP6, STM32C092FCP6, STM32C092GBU6, STM32C092GCU6, STM32C092KBT6, STM32C092KBU6, STM32C092KCT6, STM32C092KCU6, STM32C092RBT6, STM32C092RCI6, STM32C092RCT6, STM32G071K8TXN, STM32G071K8UXN, STM32G081GBU6N, STM32G081KBT6N, STM32G081KBUXN, STM32G0B1CCT6N, STM32G0B1KCT6, STM32G0B1NEY6TR, STM32G0B1RCT6N, STM32G0C1CCT6, STM32G0C1CCT6N, STM32G0C1CCU6N, STM32G0C1CET6N, STM32G0C1CEU6N, STM32G0C1KCT6, STM32G0C1NEY6TR, STM32G0C1RCI6N, STM32G0C1RCT6N, STM32G0C1REI6N, STM32G0C1RET6N, STM32G0C1VCI6, STM32G0C1VEI6, STM32G411C6T3, STM32G411C6T6, STM32G411C6U3, STM32G411C6U6, STM32G411C8T3, STM32G411C8T6, STM32G411C8U3, STM32G411C8U6, STM32G411CBT3, STM32G411CBT6, STM32G411CBU3, STM32G411CBU6, STM32G411CCT3, STM32G411CCT6, STM32G411CCU3, STM32G411CCU6, STM32G411K6T3, STM32G411K6T6, STM32G411K6U3, STM32G411K6U6, STM32G411K8T3, STM32G411K8T6, STM32G411K8U3, STM32G411K8U6, STM32G411KBT3, STM32G411KBT6, STM32G411KBU3, STM32G411KBU6, STM32G411M6T3, STM32G411M6T6, STM32G411M8T3, STM32G411M8T6, STM32G411MBT3, STM32G411MBT6, STM32G411MCT3, STM32G411MCT6, STM32G411R6T3, STM32G411R6T6, STM32G411R8T3, STM32G411R8T6, STM32G411RBT3, STM32G411RBT6, STM32G411RCT3, STM32G411RCT6, STM32G414CBT3, STM32G414CBT6, STM32G414CBU3, STM32G414CBU6, STM32G414CCT3, STM32G414CCT6, STM32G414CCU3, STM32G414CCU6, STM32G414MBT3, STM32G414MBT6, STM32G414MCT3, STM32G414MCT6, STM32G414RBT3, STM32G414RBT6, STM32G414RCT3, STM32G414RCT6, STM32G414VBT3, STM32G414VBT6, STM32G414VCT3, STM32G414VCT6, STM32G431CBT3Z, STM32G431RBT3Z, STM32G471CCT6, STM32G471CCU6, STM32G471CET3, STM32G471CET6, STM32G471CEU3, STM32G471CEU6, STM32G471MCT6, STM32G471MET3, STM32G471MET6, STM32G471MEY6TR, STM32G471QCT6, STM32G471QET3, STM32G471RCT6, STM32G471RET3, STM32G471RET6, STM32G471VCH6, STM32G471VCI6, STM32G471VCT6, STM32G471VEH3, STM32G471VEH6, STM32G471VEI3, STM32G471VEI6, STM32G471VET3, STM32G471VET6, STM32G473QET3Z, STM32G473RET3Z, STM32G474CCT6, STM32G491RET3Z, STM32H503CBT6, STM32H503CBU6, STM32H503EBY6TR, STM32H503KBU6, STM32H503RBT6, STM32H523CCT6, STM32H523CCU6, STM32H523CET6, STM32H523CEU6, STM32H523HEY6TR, STM32H523RCT6, STM32H523RET6, STM32H523VCI6, STM32H523VCT6, STM32H523VEI6, STM32H523VET6, STM32H523ZCJ6, STM32H523ZCT6, STM32H523ZEJ6, STM32H523ZET6, STM32H533CET6, STM32H533CEU6, STM32H533HEY6TR, STM32H533RET6, STM32H533VEI6, STM32H533VET6, STM32H533ZEJ6, STM32H533ZET6, STM32H562AGI6, STM32H562AII6, STM32H562IGK6, STM32H562IGT6, STM32H562IIK6, STM32H562IIT6, STM32H562RGT6, STM32H562RGV6, STM32H562RIT6, STM32H562RIV6, STM32H562VGT6, STM32H562VIT6, STM32H562ZGT6, STM32H562ZIT6, STM32H563AGI6, STM32H563AII3Q, STM32H563AII6, STM32H563IGK6, STM32H563IGT6, STM32H563IIK3Q, STM32H563IIK6, STM32H563IIT3Q, STM32H563IIT6, STM32H563MIY3QTR, STM32H563RGT6, STM32H563RGV6, STM32H563RIT6, STM32H563RIV6, STM32H563VGT6, STM32H563VIT3Q, STM32H563VIT6, STM32H563ZGT6, STM32H563ZIT3Q, STM32H563ZIT6, STM32H573AII3Q, STM32H573AII6, STM32H573I-DK, STM32H573IIK3Q, STM32H573IIK6, STM32H573IIT3Q, STM32H573IIT6, STM32H573MIY3QTR, STM32H573RIT6, STM32H573RIV6, STM32H573VIT3Q, STM32H573VIT6, STM32H573ZIT3Q, STM32H573ZIT6, STM32H7R3A8I6, STM32H7R3I8K6, STM32H7R3I8T6, STM32H7R3L8H6, STM32H7R3L8H6H, STM32H7R3R8V6, STM32H7R3V8H6, STM32H7R3V8T6, STM32H7R3V8Y6TR, STM32H7R3Z8J6, STM32H7R3Z8T6, STM32H7R7A8I6, STM32H7R7I8K6, STM32H7R7I8T6, STM32H7R7L8H6, STM32H7R7L8H6H, STM32H7R7Z8J6, STM32H7S3A8I6, STM32H7S3I8K6, STM32H7S3I8T6, STM32H7S3L8H6, STM32H7S3L8H6H, STM32H7S3R8V6, STM32H7S3V8H6, STM32H7S3V8T6, STM32H7S3V8Y6TR, STM32H7S3Z8J6, STM32H7S3Z8T6, STM32H7S78-DK, STM32H7S7A8I6, STM32H7S7I8K6, STM32H7S7I8T6, STM32H7S7L8H6, STM32H7S7L8H6H, STM32H7S7Z8J6, STM32L4R5QGI6STR, STM32MP131AAE3, STM32MP131AAF3, STM32MP131AAG3, STM32MP131CAE3, STM32MP131CAF3, STM32MP131CAG3, STM32MP131DAE7, STM32MP131DAF7, STM32MP131DAG7, STM32MP131FAE7, STM32MP131FAF7, STM32MP131FAG7, STM32MP133AAE3, STM32MP133AAF3, STM32MP133AAG3, STM32MP133CAE3, STM32MP133CAF3, STM32MP133CAG3, STM32MP133DAE7, STM32MP133DAF7, STM32MP133DAG7, STM32MP133FAE7, STM32MP133FAF7, STM32MP133FAG7, STM32MP135AAE3, STM32MP135AAF3, STM32MP135AAG3, STM32MP135CAE3, STM32MP135CAF3, STM32MP135CAG3, STM32MP135DAE7, STM32MP135DAF7, STM32MP135DAG7, STM32MP135F-DK, STM32MP135FAE7, STM32MP135FAF7, STM32MP135FAF7T, STM32MP135FAF7U, STM32MP135FAG7, STM32MP231AAJ3, STM32MP231AAK3, STM32MP231AAL3, STM32MP231CAJ3, STM32MP231CAK3, STM32MP231CAL3, STM32MP231DAJ3, STM32MP231DAK3, STM32MP231DAL3, STM32MP231FAJ3, STM32MP231FAK3, STM32MP231FAL3, STM32MP233AAJ3, STM32MP233AAK3, STM32MP233AAL3, STM32MP233CAJ3, STM32MP233CAK3, STM32MP233CAL3, STM32MP233DAJ3, STM32MP233DAK3, STM32MP233DAL3, STM32MP233FAJ3, STM32MP233FAK3, STM32MP233FAL3, STM32MP235AAJ3, STM32MP235AAK3, STM32MP235AAL3, STM32MP235CAJ3, STM32MP235CAK3, STM32MP235CAL3, STM32MP235DAJ3, STM32MP235DAK3, STM32MP235DAL3, STM32MP235FAJ3, STM32MP235FAK3, STM32MP235FAL3, STM32MP251AAI3, STM32MP251AAJ3, STM32MP251AAK3, STM32MP251AAL3, STM32MP251CAI3, STM32MP251CAJ3, STM32MP251CAK3, STM32MP251CAL3, STM32MP251DAI3, STM32MP251DAJ3, STM32MP251DAK3, STM32MP251DAL3, STM32MP251FAI3, STM32MP251FAJ3, STM32MP251FAK3, STM32MP251FAL3, STM32MP253AAI3, STM32MP253AAJ3, STM32MP253AAK3, STM32MP253AAL3, STM32MP253CAI3, STM32MP253CAJ3, STM32MP253CAK3, STM32MP253CAL3, STM32MP253DAI3, STM32MP253DAJ3, STM32MP253DAK3, STM32MP253DAL3, STM32MP253FAI3, STM32MP253FAJ3, STM32MP253FAK3, STM32MP253FAL3, STM32MP255AAI3, STM32MP255AAJ3, STM32MP255AAK3, STM32MP255AAL3, STM32MP255CAI3, STM32MP255CAJ3, STM32MP255CAK3, STM32MP255CAL3, STM32MP255DAI3, STM32MP255DAJ3, STM32MP255DAK3, STM32MP255DAL3, STM32MP255FAI3, STM32MP255FAJ3, STM32MP255FAK3, STM32MP255FAL3, STM32MP257AAI3, STM32MP257AAJ3, STM32MP257AAK3, STM32MP257AAL3, STM32MP257CAI3, STM32MP257CAJ3, STM32MP257CAK3, STM32MP257CAL3, STM32MP257DAI3, STM32MP257DAJ3, STM32MP257DAK3, STM32MP257DAL3, STM32MP257F-DK, STM32MP257F-EV1, STM32MP257FAI3, STM32MP257FAJ3, STM32MP257FAK3, STM32MP257FAL3, STM32N645A0H3Q, STM32N645B0H3Q, STM32N645I0H3Q, STM32N645L0H3Q, STM32N645X0H3Q, STM32N645Z0H3Q, STM32N647A0H3Q, STM32N647B0H3Q, STM32N647I0H3Q, STM32N647L0H3Q, STM32N647X0H3Q, STM32N647Z0H3Q, STM32N655A0H3Q, STM32N655B0H3Q, STM32N655I0H3Q, STM32N655L0H3Q, STM32N655X0H3Q, STM32N655Z0H3Q, STM32N6570-DK, STM32N657A0H3Q, STM32N657B0H3Q, STM32N657I0H3Q, STM32N657L0H3Q, STM32N657X0H3Q, STM32N657Z0H3Q, STM32U031C6T6, STM32U031C6U6, STM32U031C8T6, STM32U031C8U6, STM32U031F4P6, STM32U031F6P6, STM32U031F8P6, STM32U031G6Y6TR, STM32U031G8Y6TR, STM32U031K4U6, STM32U031K6U6, STM32U031K8U6, STM32U031R6I6, STM32U031R6T6, STM32U031R8I6, STM32U031R8T6, STM32U073C8T6, STM32U073C8U6, STM32U073CBT6, STM32U073CBU6, STM32U073CCT6, STM32U073CCU6, STM32U073H8Y6TR, STM32U073HBY6TR, STM32U073HCY6TR, STM32U073K8U6, STM32U073KBU6, STM32U073KCU6, STM32U073M8I6, STM32U073M8T6, STM32U073MBI6, STM32U073MBT6, STM32U073MCI6, STM32U073MCT6, STM32U073R8I6, STM32U073R8T6, STM32U073RBI6, STM32U073RBT6, STM32U073RCI6, STM32U073RCT6, STM32U083C-DK, STM32U083CCT6, STM32U083CCU6, STM32U083HCY6TR, STM32U083KCU6, STM32U083MCI6, STM32U083MCT6, STM32U083RCI6, STM32U083RCT6, STM32U375CET6, STM32U375CET6Q, STM32U375CEU6, STM32U375CEU6Q, STM32U375CEY6QTR, STM32U375CGT6, STM32U375CGT6Q, STM32U375CGU6, STM32U375CGU6Q, STM32U375CGY6QTR, STM32U375KEU6, STM32U375KGU6, STM32U375REI6, STM32U375REI6Q, STM32U375RET6, STM32U375RET6Q, STM32U375REY6GTR, STM32U375REY6QTR, STM32U375RGI6, STM32U375RGI6Q, STM32U375RGT6, STM32U375RGT6Q, STM32U375RGY6GTR, STM32U375RGY6QTR, STM32U375VEI6, STM32U375VEI6Q, STM32U375VET6, STM32U375VET6Q, STM32U375VGI6, STM32U375VGI6Q, STM32U375VGT6, STM32U375VGT6Q, STM32U385CGT6, STM32U385CGT6Q, STM32U385CGU6, STM32U385CGU6Q, STM32U385CGY6QTR, STM32U385KGU6, STM32U385RGI6, STM32U385RGI6Q, STM32U385RGT6, STM32U385RGT6Q, STM32U385RGY6GTR, STM32U385RGY6QTR, STM32U385VGI6, STM32U385VGI6Q, STM32U385VGT6, STM32U385VGT6Q, STM32U535CBT6, STM32U535CBT6Q, STM32U535CBU6, STM32U535CBU6Q, STM32U535CCT6, STM32U535CCT6Q, STM32U535CCU6, STM32U535CCU6Q, STM32U535CET6, STM32U535CET6Q, STM32U535CEU6, STM32U535CEU6Q, STM32U535JEY6QTR, STM32U535NCY6QTR, STM32U535NEY6QTR, STM32U535RBI6, STM32U535RBI6Q, STM32U535RBT6, STM32U535RBT6Q, STM32U535RCI6, STM32U535RCI6Q, STM32U535RCT6, STM32U535RCT6Q, STM32U535REI6, STM32U535REI6Q, STM32U535RET6, STM32U535RET6Q, STM32U535VCI6, STM32U535VCI6Q, STM32U535VCT6, STM32U535VCT6Q, STM32U535VEI6, STM32U535VEI6Q, STM32U535VET6, STM32U535VET6Q, STM32U545CET6, STM32U545CET6Q, STM32U545CEU6, STM32U545CEU6Q, STM32U545JEY6QTR, STM32U545NEY6QTR, STM32U545REI6, STM32U545REI6Q, STM32U545RET6, STM32U545RET6Q, STM32U545VEI6, STM32U545VEI6Q, STM32U545VET6, STM32U545VET6Q, STM32U595AIH6, STM32U595AIH6Q, STM32U595AJH6, STM32U595AJH6Q, STM32U595QII6, STM32U595QII6Q, STM32U595QJI6, STM32U595QJI6Q, STM32U595RIT6, STM32U595RIT6Q, STM32U595RJT6, STM32U595RJT6Q, STM32U595VIT6, STM32U595VIT6Q, STM32U595VJT6, STM32U595VJT6Q, STM32U595ZIT6, STM32U595ZIT6Q, STM32U595ZIY6QTR, STM32U595ZJT6, STM32U595ZJT6Q, STM32U595ZJY6QTR, STM32U599BJY6QTR, STM32U599NIH6Q, STM32U599NJH6Q, STM32U599VIT6Q, STM32U599VJT6, STM32U599VJT6Q, STM32U599ZIT6Q, STM32U599ZIY6QTR, STM32U599ZJT6Q, STM32U599ZJY6QTR, STM32U5A5AJH6, STM32U5A5AJH6Q, STM32U5A5QII3Q , STM32U5A5QJI6, STM32U5A5QJI6Q, STM32U5A5RJT6, STM32U5A5RJT6Q, STM32U5A5VJT6, STM32U5A5VJT6Q, STM32U5A5ZJT6, STM32U5A5ZJT6Q, STM32U5A5ZJY6QTR, STM32U5A9BJY6QTR, STM32U5A9J-DK, STM32U5A9NJH6Q, STM32U5A9VJT6Q, STM32U5A9ZJT6Q, STM32U5A9ZJY6QTR, STM32U5F7VIT6, STM32U5F7VIT6Q, STM32U5F7VJT6, STM32U5F7VJT6Q, STM32U5F9BJY6QTR, STM32U5F9NJH6Q, STM32U5F9VIT6Q, STM32U5F9VJT6Q, STM32U5F9ZIJ6QTR, STM32U5F9ZIT6Q, STM32U5F9ZJJ6QTR, STM32U5F9ZJT6Q, STM32U5G7VJT6, STM32U5G7VJT6Q, STM32U5G9BJY6QTR, STM32U5G9J-DK1, STM32U5G9J-DK2, STM32U5G9NJH6Q, STM32U5G9VJT6Q, STM32U5G9ZJJ6QTR, STM32U5G9ZJT6Q, STM32WB05KZV6TR, STM32WB05KZV7TR, STM32WB05TZF6TR, STM32WB05TZF7TR, STM32WB06CCF6TR, STM32WB06CCF7TR, STM32WB06CCV6TR, STM32WB06CCV7TR, STM32WB06KCV6TR, STM32WB06KCV7TR, STM32WB07CCF6TR, STM32WB07CCF7TR, STM32WB07CCV6TR, STM32WB07CCV7TR, STM32WB07KCV6TR, STM32WB07KCV7TR, STM32WB09KEV6TR, STM32WB09KEV7TR, STM32WB09TEF6TR, STM32WB09TEF7TR, STM32WB1MMCH6, STM32WBA50KGU6, STM32WBA50KGU6TR, STM32WBA52CEU6, STM32WBA52CEU6TR, STM32WBA52CEU7, STM32WBA52CEU7TR, STM32WBA52CGU6, STM32WBA52CGU6TR, STM32WBA52CGU6U, STM32WBA52CGU7, STM32WBA52CGU7TR, STM32WBA52KEU6, STM32WBA52KEU6TR, STM32WBA52KGU6, STM32WBA52KGU6TR, STM32WBA54CEU6, STM32WBA54CEU6TR, STM32WBA54CEU7, STM32WBA54CEU7TR, STM32WBA54CGU6, STM32WBA54CGU6TR, STM32WBA54CGU7, STM32WBA54CGU7TR, STM32WBA54KEU6, STM32WBA54KEU6TR, STM32WBA54KEU7, STM32WBA54KEU7TR, STM32WBA54KGU6, STM32WBA54KGU6TR, STM32WBA54KGU7, STM32WBA54KGU7TR, STM32WBA55CEU6, STM32WBA55CEU6TR, STM32WBA55CEU7, STM32WBA55CEU7TR, STM32WBA55CGU6, STM32WBA55CGU6TR, STM32WBA55CGU6U, STM32WBA55CGU7, STM32WBA55CGU7TR, STM32WBA55G-DK1, STM32WBA55HEF6, STM32WBA55HEF7, STM32WBA55HGF6, STM32WBA55HGF7, STM32WBA55UEI6, STM32WBA55UEI6TR, STM32WBA55UEI7, STM32WBA55UEI7TR, STM32WBA55UGI6, STM32WBA55UGI6TR, STM32WBA55UGI7, STM32WBA55UGI7TR, STM32WBA5MJGH6TR, STM32WBA5MJGH6U, STM32WL33C8V6, STM32WL33C8V6TR, STM32WL33C8V7, STM32WL33C8V7TR, STM32WL33CBV6, STM32WL33CBV6TR, STM32WL33CBV7, STM32WL33CBV7TR, STM32WL33CCV6, STM32WL33CCV6TR, STM32WL33CCV7, STM32WL33CCV7A, STM32WL33CCV7ATR, STM32WL33CCV7TR, STM32WL33K8V6, STM32WL33K8V6TR, STM32WL33K8V7, STM32WL33K8V7TR, STM32WL33KBV6, STM32WL33KBV6TR, STM32WL33KBV7, STM32WL33KBV7TR, STM32WL33KCV6, STM32WL33KCV6TR, STM32WL33KCV7, STM32WL33KCV7TR, STM32WL5MOCH6, STM32WL5MOCH6TR]
2025-05-19 11:29:29,489 [INFO] DbMcus:218 - Found 4674 MCUs, 4674 are supported
2025-05-19 11:29:29,490 [INFO] ApiDb:423 - Load user favorites file C:\Users\Flori/.stm32cubeide/favorites.mcus.txt: 0 item(s)
2025-05-19 11:29:29,491 [INFO] ApiDb:427 - User favorites MCUs=[]
2025-05-19 11:29:29,491 [INFO] DbMcus:224 - Set 0 / 0 favorites MCUs
2025-05-19 11:29:30,483 [INFO] ApiDb:423 - Load user favorites file C:\Users\Flori/.stm32cubeide/favorites.boards.txt: 0 item(s)
2025-05-19 11:29:30,483 [INFO] ApiDb:427 - User favorites Boards=[]
2025-05-19 11:29:30,483 [INFO] DbBoards:198 - Set 0 / 0 favorites Boards
2025-05-19 11:29:30,556 [INFO] UtilMem:75 - End LoadConfig() Used Memory: 779559832 Bytes (1073741824)
2025-05-19 11:29:31,059 [WARN] ThirdParty:833 - waiting for thirdparty lock release [change project]
2025-05-19 11:29:31,059 [INFO] ThirdParty:835 - entering critical section [change project]
2025-05-19 11:29:31,060 [INFO] ThirdParty:1030 - CMSIS Pack Vendor :STMicroelectronics USBPD 4.1
2025-05-19 11:29:31,060 [INFO] ThirdParty:1030 - CMSIS Pack Vendor :STMicroelectronics X-CUBE-AZRTOS-H7 3.3.0
2025-05-19 11:29:31,060 [INFO] ThirdParty:1030 - CMSIS Pack Vendor :STMicroelectronics X-CUBE-NFC9 1.0.0
2025-05-19 11:29:31,060 [INFO] ThirdParty:1030 - CMSIS Pack Vendor :STMicroelectronics USB_HOST 2.0.0
2025-05-19 11:29:31,060 [INFO] ThirdParty:1030 - CMSIS Pack Vendor :STMicroelectronics FP-SNS-MOTENVWB1 1.4.0
2025-05-19 11:29:31,060 [INFO] ThirdParty:1030 - CMSIS Pack Vendor :STMicroelectronics X-CUBE-AZRTOS-F4 1.1.0
2025-05-19 11:29:31,060 [INFO] ThirdParty:1030 - CMSIS Pack Vendor :STMicroelectronics LIBJPEG 8.0.0
2025-05-19 11:29:31,060 [INFO] ThirdParty:1030 - CMSIS Pack Vendor :STMicroelectronics FP-ATR-ASTRA1 2.0.2
2025-05-19 11:29:31,060 [INFO] ThirdParty:1030 - CMSIS Pack Vendor :STMicroelectronics X-CUBE-BLE1 7.1.0
2025-05-19 11:29:31,060 [INFO] ThirdParty:1030 - CMSIS Pack Vendor :Avnet-IotConnect X-CUBE-IoTC-DA16k-PMOD 1.0.0
2025-05-19 11:29:31,060 [INFO] ThirdParty:1030 - CMSIS Pack Vendor :STMicroelectronics X-CUBE-SMBUS 2.1.0
2025-05-19 11:29:31,060 [INFO] ThirdParty:1030 - CMSIS Pack Vendor :STMicroelectronics X-CUBE-WB05N 1.1.0
2025-05-19 11:29:31,060 [INFO] ThirdParty:1030 - CMSIS Pack Vendor :wolfSSL I-CUBE-wolfMQTT 1.19.2
2025-05-19 11:29:31,060 [INFO] ThirdParty:1030 - CMSIS Pack Vendor :STMicroelectronics USB_DEVICE 3.0.0
2025-05-19 11:29:31,060 [INFO] ThirdParty:1030 - CMSIS Pack Vendor :STMicroelectronics X-CUBE-ISPU 2.1.0
2025-05-19 11:29:31,060 [INFO] ThirdParty:1030 - CMSIS Pack Vendor :STMicroelectronics X-CUBE-AZRTOS-WB 2.0.0
2025-05-19 11:29:31,060 [INFO] ThirdParty:1030 - CMSIS Pack Vendor :STMicroelectronics X-CUBE-GNSS1 7.0.1
2025-05-19 11:29:31,060 [INFO] ThirdParty:1030 - CMSIS Pack Vendor :STMicroelectronics X-CUBE-AZRTOS-F7 1.1.0
2025-05-19 11:29:31,060 [INFO] ThirdParty:1030 - CMSIS Pack Vendor :STMicroelectronics X-CUBE-AZRTOS-L5 2.0.0
2025-05-19 11:29:31,060 [INFO] ThirdParty:1030 - CMSIS Pack Vendor :STMicroelectronics X-CUBE-TOUCHGFX 4.25.0
2025-05-19 11:29:31,060 [INFO] ThirdParty:1030 - CMSIS Pack Vendor :STMicroelectronics USB_DEVICE 2.0.0
2025-05-19 11:29:31,060 [INFO] ThirdParty:1030 - CMSIS Pack Vendor :STMicroelectronics X-CUBE-NFC6 3.1.0
2025-05-19 11:29:31,060 [INFO] ThirdParty:1030 - CMSIS Pack Vendor :STMicroelectronics FP-SNS-STBOX1 2.0.0
2025-05-19 11:29:31,060 [INFO] ThirdParty:1030 - CMSIS Pack Vendor :STMicroelectronics X-CUBE-MEMS1 11.2.0
2025-05-19 11:29:31,060 [INFO] ThirdParty:1030 - CMSIS Pack Vendor :STMicroelectronics FreeRTOS 0.0.1
2025-05-19 11:29:31,060 [INFO] ThirdParty:1030 - CMSIS Pack Vendor :STMicroelectronics X-CUBE-AZRTOS-G0 1.1.0
2025-05-19 11:29:31,060 [INFO] ThirdParty:1030 - CMSIS Pack Vendor :STMicroelectronics X-CUBE-SAFEA1 1.2.2
2025-05-19 11:29:31,060 [INFO] ThirdParty:1030 - CMSIS Pack Vendor :STMicroelectronics X-CUBE-NFC4 3.0.0
2025-05-19 11:29:31,060 [INFO] ThirdParty:1030 - CMSIS Pack Vendor :STMicroelectronics X-CUBE-DPower 1.2.0
2025-05-19 11:29:31,060 [INFO] ThirdParty:1030 - CMSIS Pack Vendor :STMicroelectronics X-CUBE-SUBG2 5.0.0
2025-05-19 11:29:31,060 [INFO] ThirdParty:1030 - CMSIS Pack Vendor :STMicroelectronics X-CUBE-AZRTOS-H7RS 1.1.0
2025-05-19 11:29:31,060 [INFO] ThirdParty:1030 - CMSIS Pack Vendor :STMicroelectronics STM32_WPAN 1.0.0
2025-05-19 11:29:31,060 [INFO] ThirdParty:1030 - CMSIS Pack Vendor :EmbeddedOffice I-CUBE-FS-RTOS 1.0.1
2025-05-19 11:29:31,060 [INFO] ThirdParty:1030 - CMSIS Pack Vendor :STMicroelectronics lwIP 2.0.3
2025-05-19 11:29:31,060 [INFO] ThirdParty:1030 - CMSIS Pack Vendor :STMicroelectronics FP-SNS-FLIGHT1 5.0.2
2025-05-19 11:29:31,060 [INFO] ThirdParty:1030 - CMSIS Pack Vendor :Cesanta I-CUBE-Mongoose 7.13.0
2025-05-19 11:29:31,060 [INFO] ThirdParty:1030 - CMSIS Pack Vendor :STMicroelectronics USB_HOST 1.0.0
2025-05-19 11:29:31,060 [INFO] ThirdParty:1030 - CMSIS Pack Vendor :Infineon AIROC-Wi-Fi-Bluetooth-STM32 1.7.0
2025-05-19 11:29:31,060 [INFO] ThirdParty:1030 - CMSIS Pack Vendor :STMicroelectronics X-CUBE-AZRTOS-G4 2.0.0
2025-05-19 11:29:31,060 [INFO] ThirdParty:1030 - CMSIS Pack Vendor :STMicroelectronics X-CUBE-WB05N 2.0.0
2025-05-19 11:29:31,060 [INFO] ThirdParty:1030 - CMSIS Pack Vendor :STMicroelectronics PDM2PCM 3.1.0
2025-05-19 11:29:31,060 [INFO] ThirdParty:1030 - CMSIS Pack Vendor :STMicroelectronics PDM2PCM 3.3.0
2025-05-19 11:29:31,060 [INFO] ThirdParty:1030 - CMSIS Pack Vendor :wolfSSL I-CUBE-wolfTPM 3.8.0
2025-05-19 11:29:31,060 [INFO] ThirdParty:1030 - CMSIS Pack Vendor :STMicroelectronics X-CUBE-DISPLAY 3.0.0
2025-05-19 11:29:31,060 [INFO] ThirdParty:1030 - CMSIS Pack Vendor :wolfSSL I-CUBE-wolfSSH 1.4.20
2025-05-19 11:29:31,060 [INFO] ThirdParty:1030 - CMSIS Pack Vendor :STMicroelectronics X-CUBE-NFC7 2.0.0
2025-05-19 11:29:31,060 [INFO] ThirdParty:1030 - CMSIS Pack Vendor :STMicroelectronics X-CUBE-TCPP 4.2.0
2025-05-19 11:29:31,060 [INFO] ThirdParty:1030 - CMSIS Pack Vendor :RealThread X-CUBE-RT-Thread_Nano 4.1.1
2025-05-19 11:29:31,060 [INFO] ThirdParty:1030 - CMSIS Pack Vendor :STMicroelectronics X-CUBE-BLE1 7.0.0
2025-05-19 11:29:31,060 [INFO] ThirdParty:1030 - CMSIS Pack Vendor :STMicroelectronics FP-ATR-SIGFOX1 3.2.0
2025-05-19 11:29:31,066 [INFO] ThirdParty:1030 - CMSIS Pack Vendor :STMicroelectronics X-CUBE-NFC10 1.0.0
2025-05-19 11:29:31,066 [INFO] ThirdParty:1030 - CMSIS Pack Vendor :quantropi X-CUBE-qispace-sdk-base 1.9.3
2025-05-19 11:29:31,067 [INFO] ThirdParty:1030 - CMSIS Pack Vendor :STMicroelectronics X-CUBE-BLEMGR 4.0.0
2025-05-19 11:29:31,067 [INFO] ThirdParty:1030 - CMSIS Pack Vendor :STMicroelectronics X-CUBE-EEPRMA1 5.1.0
2025-05-19 11:29:31,067 [INFO] ThirdParty:1030 - CMSIS Pack Vendor :STMicroelectronics X-CUBE-FREERTOS 1.3.1
2025-05-19 11:29:31,067 [INFO] ThirdParty:1030 - CMSIS Pack Vendor :STMicroelectronics HAL Drivers 0.0.0
2025-05-19 11:29:31,067 [INFO] ThirdParty:1030 - CMSIS Pack Vendor :STMicroelectronics MBEDTLS 2.16.2
2025-05-19 11:29:31,067 [INFO] ThirdParty:1030 - CMSIS Pack Vendor :STMicroelectronics X-CUBE-IPS 3.1.0
2025-05-19 11:29:31,067 [INFO] ThirdParty:1030 - CMSIS Pack Vendor :STMicroelectronics X-CUBE-ALS 1.0.2
2025-05-19 11:29:31,067 [INFO] ThirdParty:1030 - CMSIS Pack Vendor :emotas I-CUBE-CANOPEN 1.3.0
2025-05-19 11:29:31,067 [INFO] ThirdParty:1030 - CMSIS Pack Vendor :STMicroelectronics X-CUBE-FREERTOS 1.3.0
2025-05-19 11:29:31,067 [INFO] ThirdParty:1030 - CMSIS Pack Vendor :STMicroelectronics X-CUBE-NFC7 1.0.1
2025-05-19 11:29:31,067 [INFO] ThirdParty:1030 - CMSIS Pack Vendor :STMicroelectronics MBEDTLS 2.14.1
2025-05-19 11:29:31,067 [INFO] ThirdParty:1030 - CMSIS Pack Vendor :wolfSSL I-CUBE-wolfSSL 5.7.6
2025-05-19 11:29:31,067 [INFO] ThirdParty:1030 - CMSIS Pack Vendor :ITTIA_DB I-CUBE-ITTIADB 8.9.0
2025-05-19 11:29:31,067 [INFO] ThirdParty:1030 - CMSIS Pack Vendor :STMicroelectronics X-CUBE-TOUCHGFX 4.24.2
2025-05-19 11:29:31,067 [INFO] ThirdParty:1030 - CMSIS Pack Vendor :portGmbH I-Cube-SoM-uGOAL 1.1.0
2025-05-19 11:29:31,067 [INFO] ThirdParty:1030 - CMSIS Pack Vendor :STMicroelectronics X-CUBE-AI 10.0.0
2025-05-19 11:29:31,067 [INFO] ThirdParty:1030 - CMSIS Pack Vendor :STMicroelectronics ThreadX 1.0.0
2025-05-19 11:29:31,069 [INFO] ThirdParty:1030 - CMSIS Pack Vendor :STMicroelectronics FP-SNS-SMARTAG2 1.2.0
2025-05-19 11:29:31,069 [INFO] ThirdParty:1030 - CMSIS Pack Vendor :STMicroelectronics FP-SNS-FLIGHT1 5.1.0
2025-05-19 11:29:31,069 [INFO] ThirdParty:1030 - CMSIS Pack Vendor :STMicroelectronics X-CUBE-MEMS1 11.1.0
2025-05-19 11:29:31,069 [INFO] ThirdParty:1030 - CMSIS Pack Vendor :STMicroelectronics X-CUBE-AZRTOS-WL 2.0.0
2025-05-19 11:29:31,069 [INFO] ThirdParty:1030 - CMSIS Pack Vendor :SEGGER I-CUBE-embOS 1.3.1
2025-05-19 11:29:31,069 [INFO] ThirdParty:1030 - CMSIS Pack Vendor :STMicroelectronics X-CUBE-ALGOBUILD 1.4.0
2025-05-19 11:29:31,069 [INFO] ThirdParty:1030 - CMSIS Pack Vendor :STMicroelectronics X-CUBE-DPower 1.3.0
2025-05-19 11:29:31,069 [INFO] ThirdParty:1030 - CMSIS Pack Vendor :STMicroelectronics FP-SNS-MOTENV1 5.0.0
2025-05-19 11:29:31,069 [INFO] ThirdParty:1030 - CMSIS Pack Vendor :STMicroelectronics USB_DEVICE 1.0.0
2025-05-19 11:29:31,069 [INFO] ThirdParty:1030 - CMSIS Pack Vendor :STMicroelectronics X-CUBE-AZRTOS-H7RS 1.0.0
2025-05-19 11:29:31,069 [INFO] ThirdParty:1030 - CMSIS Pack Vendor :STMicroelectronics X-CUBE-AZRTOS-L4 2.0.0
2025-05-19 11:29:31,069 [INFO] ThirdParty:1030 - CMSIS Pack Vendor :STMicroelectronics ThreadX 0.0.2
2025-05-19 11:29:31,069 [INFO] ThirdParty:1030 - CMSIS Pack Vendor :WES I-CUBE-Cesium 1.3.0
2025-05-19 11:29:31,069 [INFO] ThirdParty:1030 - CMSIS Pack Vendor :STMicroelectronics lwIP 2.1.2
2025-05-19 11:29:31,069 [INFO] ThirdParty:1030 - CMSIS Pack Vendor :STMicroelectronics X-CUBE-SFXS2LP1 4.0.0
2025-05-19 11:29:31,069 [INFO] ThirdParty:1030 - CMSIS Pack Vendor :STMicroelectronics X-CUBE-BLE2 3.3.0
2025-05-19 11:29:31,069 [INFO] ThirdParty:1030 - CMSIS Pack Vendor :STMicroelectronics X-CUBE-TOF1 3.4.2
2025-05-19 11:29:31,069 [INFO] ThirdParty:1030 - CMSIS Pack Vendor :STMicroelectronics X-CUBE-TOF1 3.4.3
2025-05-19 11:29:31,072 [INFO] ThirdParty:1030 - CMSIS Pack Vendor :STMicroelectronics PDM2PCM 3.2.0
2025-05-19 11:29:31,072 [INFO] ThirdParty:841 - exiting critical section [change project]
2025-05-19 11:29:31,948 [INFO] PinOutPanel:1589 - setPackage(No Configuration,No Configuration)
2025-05-19 11:29:31,955 [INFO] PinOutPanel:1589 - setPackage(STM32F411RETx,LQFP64)
2025-05-19 11:29:32,801 [INFO] UtilMem:75 - Before build in PCC Used Memory: 938475520 Bytes (1073741824)
2025-05-19 11:29:34,266 [INFO] UtilMem:75 - After build in PCC Used Memory: 666894336 Bytes (1073741824)
2025-05-19 11:29:34,324 [INFO] IPUIPlugin:80 - create IPUIPlugin
2025-05-19 11:29:34,324 [INFO] IPUIPlugin:80 - create IPUIPlugin
2025-05-19 11:29:34,325 [INFO] IPUIPlugin:80 - create IPUIPlugin
2025-05-19 11:29:34,325 [INFO] IPUIPlugin:80 - create IPUIPlugin
2025-05-19 11:29:34,325 [INFO] IPUIPlugin:80 - create IPUIPlugin
2025-05-19 11:29:34,326 [INFO] IPUIPlugin:80 - create IPUIPlugin
2025-05-19 11:29:34,326 [INFO] IPUIPlugin:80 - create IPUIPlugin
2025-05-19 11:29:34,326 [INFO] IPUIPlugin:80 - create IPUIPlugin
2025-05-19 11:29:34,326 [INFO] IPUIPlugin:80 - create IPUIPlugin
2025-05-19 11:29:34,327 [INFO] IPUIPlugin:80 - create IPUIPlugin
2025-05-19 11:29:34,327 [INFO] IPUIPlugin:80 - create IPUIPlugin
2025-05-19 11:29:34,327 [INFO] IPUIPlugin:80 - create IPUIPlugin
2025-05-19 11:29:34,327 [INFO] IPUIPlugin:80 - create IPUIPlugin
2025-05-19 11:29:34,327 [INFO] IPUIPlugin:80 - create IPUIPlugin
2025-05-19 11:29:34,328 [INFO] IPUIPlugin:80 - create IPUIPlugin
2025-05-19 11:29:34,328 [INFO] IPUIPlugin:80 - create IPUIPlugin
2025-05-19 11:29:34,328 [INFO] IPUIPlugin:80 - create IPUIPlugin
2025-05-19 11:29:34,328 [INFO] IPUIPlugin:80 - create IPUIPlugin
2025-05-19 11:29:34,329 [INFO] IPUIPlugin:80 - create IPUIPlugin
2025-05-19 11:29:34,329 [INFO] IPUIPlugin:80 - create IPUIPlugin
2025-05-19 11:29:34,329 [INFO] IPUIPlugin:80 - create IPUIPlugin
2025-05-19 11:29:34,330 [INFO] IPUIPlugin:80 - create IPUIPlugin
2025-05-19 11:29:34,330 [INFO] IPUIPlugin:80 - create IPUIPlugin
2025-05-19 11:29:34,330 [INFO] IPUIPlugin:80 - create IPUIPlugin
2025-05-19 11:29:34,331 [INFO] IPUIPlugin:80 - create IPUIPlugin
2025-05-19 11:29:34,332 [INFO] IPUIPlugin:80 - create IPUIPlugin
2025-05-19 11:29:34,332 [INFO] IPUIPlugin:80 - create IPUIPlugin
2025-05-19 11:29:34,332 [INFO] IPUIPlugin:80 - create IPUIPlugin
2025-05-19 11:29:34,333 [INFO] IPUIPlugin:80 - create IPUIPlugin
2025-05-19 11:29:34,333 [INFO] IPUIPlugin:80 - create IPUIPlugin
2025-05-19 11:29:34,333 [INFO] IPUIPlugin:80 - create IPUIPlugin
2025-05-19 11:29:34,334 [INFO] IPUIPlugin:80 - create IPUIPlugin
2025-05-19 11:29:34,334 [INFO] IPUIPlugin:80 - create IPUIPlugin
2025-05-19 11:29:34,334 [INFO] IPUIPlugin:80 - create IPUIPlugin
2025-05-19 11:29:34,335 [INFO] IPUIPlugin:80 - create IPUIPlugin
2025-05-19 11:29:34,335 [INFO] IPUIPlugin:80 - create IPUIPlugin
2025-05-19 11:29:34,335 [INFO] IPUIPlugin:80 - create IPUIPlugin
2025-05-19 11:29:34,336 [INFO] IPUIPlugin:80 - create IPUIPlugin
2025-05-19 11:29:34,336 [INFO] IPUIPlugin:80 - create IPUIPlugin
2025-05-19 11:29:34,337 [INFO] IPUIPlugin:80 - create IPUIPlugin
2025-05-19 11:29:34,338 [INFO] IPUIPlugin:80 - create IPUIPlugin
2025-05-19 11:29:34,338 [INFO] IPUIPlugin:80 - create IPUIPlugin
2025-05-19 11:29:34,339 [INFO] IPUIPlugin:80 - create IPUIPlugin
2025-05-19 11:29:34,495 [INFO] ApiDbMcu:508 - Load IP Config File for PDM2PCM
2025-05-19 11:29:34,881 [INFO] CADModel:165 - CPN selected for project levelSTM32F411RET6
2025-05-19 11:29:34,881 [INFO] CADModel:114 - Register for checkConnection events
2025-05-19 11:29:34,955 [INFO] OpenFileManager:363 - Restore cursor
2025-05-19 11:30:02,870 [INFO] UtilMem:75 - End SaveConfig() Used Memory: 880472792 Bytes (1073741824)
2025-05-19 11:30:03,112 [INFO] UtilMem:75 - End SaveConfig() Used Memory: 896069872 Bytes (1073741824)
2025-05-19 11:30:04,957 [INFO] UtilMem:75 - End SaveConfig() Used Memory: 973664496 Bytes (1073741824)
2025-05-19 11:30:06,017 [INFO] BlockDiagram:2766 - set Specific Code input for plugin: NVIC
2025-05-19 11:30:06,018 [INFO] BlockDiagram:2766 - set Specific Code input for plugin: USART
2025-05-19 11:30:06,018 [INFO] BlockDiagram:2766 - set Specific Code input for plugin: TIM1_8
2025-05-19 11:30:06,018 [INFO] BlockDiagram:2766 - set Specific Code input for plugin: TIM1_8
2025-05-19 11:30:06,018 [INFO] BlockDiagram:2766 - set Specific Code input for plugin: SYS
2025-05-19 11:30:06,019 [INFO] BlockDiagram:2766 - set Specific Code input for plugin: GPIO
2025-05-19 11:30:06,019 [INFO] BlockDiagram:2766 - set Specific Code input for plugin: ADC
2025-05-19 11:30:06,019 [INFO] BlockDiagram:2766 - set Specific Code input for plugin: RCC
2025-05-19 11:30:06,021 [INFO] CodeGenerator:896 - code generatio: config db path: C:\ST\STM32CubeIDE_1.17.0\STM32CubeIDE\plugins\com.st.stm32cube.common.mx_6.13.0.202411220809\\db\
2025-05-19 11:30:06,471 [INFO] CodeEngine:255 - oldGeneratedFile, C:\Users\Flori\Documents\Project\Tech\IT\firmware-development\NucleoF411RE-ApplicationShield\nucleo-AppShield\MXTmpFiles\license.tmp_save
2025-05-19 11:30:07,599 [INFO] CodeEngine:279 - Generated code: C:\Users\Flori\Documents\Project\Tech\IT\firmware-development\NucleoF411RE-ApplicationShield\nucleo-AppShield\MXTmpFiles\license.tmp
2025-05-19 11:30:07,776 [INFO] CodeEngine:255 - oldGeneratedFile, C:\Users\Flori\Documents\Project\Tech\IT\firmware-development\NucleoF411RE-ApplicationShield\nucleo-AppShield\Core\Src\gpio.c_save
2025-05-19 11:30:08,090 [INFO] CodeEngine:279 - Generated code: C:\Users\Flori\Documents\Project\Tech\IT\firmware-development\NucleoF411RE-ApplicationShield\nucleo-AppShield\Core\Src\gpio.c
2025-05-19 11:30:08,144 [INFO] CodeEngine:255 - oldGeneratedFile, C:\Users\Flori\Documents\Project\Tech\IT\firmware-development\NucleoF411RE-ApplicationShield\nucleo-AppShield\Core\Inc\gpio.h_save
2025-05-19 11:30:08,321 [INFO] CodeEngine:279 - Generated code: C:\Users\Flori\Documents\Project\Tech\IT\firmware-development\NucleoF411RE-ApplicationShield\nucleo-AppShield\Core\Inc\gpio.h
2025-05-19 11:30:08,835 [INFO] CodeEngine:255 - oldGeneratedFile, C:\Users\Flori\Documents\Project\Tech\IT\firmware-development\NucleoF411RE-ApplicationShield\nucleo-AppShield\Core\Src\adc.c_save
2025-05-19 11:30:09,092 [INFO] CodeEngine:279 - Generated code: C:\Users\Flori\Documents\Project\Tech\IT\firmware-development\NucleoF411RE-ApplicationShield\nucleo-AppShield\Core\Src\adc.c
2025-05-19 11:30:09,142 [INFO] CodeEngine:255 - oldGeneratedFile, C:\Users\Flori\Documents\Project\Tech\IT\firmware-development\NucleoF411RE-ApplicationShield\nucleo-AppShield\Core\Inc\adc.h_save
2025-05-19 11:30:09,298 [INFO] CodeEngine:279 - Generated code: C:\Users\Flori\Documents\Project\Tech\IT\firmware-development\NucleoF411RE-ApplicationShield\nucleo-AppShield\Core\Inc\adc.h
2025-05-19 11:30:09,337 [INFO] CodeEngine:255 - oldGeneratedFile, C:\Users\Flori\Documents\Project\Tech\IT\firmware-development\NucleoF411RE-ApplicationShield\nucleo-AppShield\Core\Src\tim.c_save
2025-05-19 11:30:09,548 [INFO] CodeEngine:279 - Generated code: C:\Users\Flori\Documents\Project\Tech\IT\firmware-development\NucleoF411RE-ApplicationShield\nucleo-AppShield\Core\Src\tim.c
2025-05-19 11:30:09,560 [INFO] CodeEngine:255 - oldGeneratedFile, C:\Users\Flori\Documents\Project\Tech\IT\firmware-development\NucleoF411RE-ApplicationShield\nucleo-AppShield\Core\Inc\tim.h_save
2025-05-19 11:30:09,705 [INFO] CodeEngine:279 - Generated code: C:\Users\Flori\Documents\Project\Tech\IT\firmware-development\NucleoF411RE-ApplicationShield\nucleo-AppShield\Core\Inc\tim.h
2025-05-19 11:30:09,738 [INFO] CodeEngine:255 - oldGeneratedFile, C:\Users\Flori\Documents\Project\Tech\IT\firmware-development\NucleoF411RE-ApplicationShield\nucleo-AppShield\Core\Src\usart.c_save
2025-05-19 11:30:10,016 [INFO] CodeEngine:279 - Generated code: C:\Users\Flori\Documents\Project\Tech\IT\firmware-development\NucleoF411RE-ApplicationShield\nucleo-AppShield\Core\Src\usart.c
2025-05-19 11:30:10,025 [INFO] CodeEngine:255 - oldGeneratedFile, C:\Users\Flori\Documents\Project\Tech\IT\firmware-development\NucleoF411RE-ApplicationShield\nucleo-AppShield\Core\Inc\usart.h_save
2025-05-19 11:30:10,171 [INFO] CodeEngine:279 - Generated code: C:\Users\Flori\Documents\Project\Tech\IT\firmware-development\NucleoF411RE-ApplicationShield\nucleo-AppShield\Core\Inc\usart.h
2025-05-19 11:30:10,286 [INFO] CodeEngine:255 - oldGeneratedFile, C:\Users\Flori\Documents\Project\Tech\IT\firmware-development\NucleoF411RE-ApplicationShield\nucleo-AppShield\Core\Src\stm32f4xx_it.c_save
2025-05-19 11:30:10,634 [INFO] CodeEngine:279 - Generated code: C:\Users\Flori\Documents\Project\Tech\IT\firmware-development\NucleoF411RE-ApplicationShield\nucleo-AppShield\Core\Src\stm32f4xx_it.c
2025-05-19 11:30:10,692 [INFO] CodeEngine:255 - oldGeneratedFile, C:\Users\Flori\Documents\Project\Tech\IT\firmware-development\NucleoF411RE-ApplicationShield\nucleo-AppShield\Core\Inc\stm32f4xx_it.h_save
2025-05-19 11:30:10,818 [INFO] CodeEngine:279 - Generated code: C:\Users\Flori\Documents\Project\Tech\IT\firmware-development\NucleoF411RE-ApplicationShield\nucleo-AppShield\Core\Inc\stm32f4xx_it.h
2025-05-19 11:30:10,935 [INFO] CodeEngine:255 - oldGeneratedFile, C:\Users\Flori\Documents\Project\Tech\IT\firmware-development\NucleoF411RE-ApplicationShield\nucleo-AppShield\Core\Src\stm32f4xx_hal_msp.c_save
2025-05-19 11:30:11,230 [INFO] CodeEngine:279 - Generated code: C:\Users\Flori\Documents\Project\Tech\IT\firmware-development\NucleoF411RE-ApplicationShield\nucleo-AppShield\Core\Src\stm32f4xx_hal_msp.c
2025-05-19 11:30:11,266 [INFO] CodeEngine:255 - oldGeneratedFile, C:\Users\Flori\Documents\Project\Tech\IT\firmware-development\NucleoF411RE-ApplicationShield\nucleo-AppShield\MXTmpFiles\system.tmp_save
2025-05-19 11:30:11,418 [INFO] CodeEngine:279 - Generated code: C:\Users\Flori\Documents\Project\Tech\IT\firmware-development\NucleoF411RE-ApplicationShield\nucleo-AppShield\MXTmpFiles\system.tmp
2025-05-19 11:30:11,504 [INFO] CodeEngine:311 - oldGeneratedFile, C:\Users\Flori\Documents\Project\Tech\IT\firmware-development\NucleoF411RE-ApplicationShield\nucleo-AppShield\Core\Inc\stm32f4xx_hal_conf.h_save
2025-05-19 11:30:11,815 [INFO] CodeEngine:335 - Generated code: C:\Users\Flori\Documents\Project\Tech\IT\firmware-development\NucleoF411RE-ApplicationShield\nucleo-AppShield\Core\Inc\stm32f4xx_hal_conf.h
2025-05-19 11:30:11,949 [INFO] ApiDbMcu:508 - Load IP Config File for ADC1
2025-05-19 11:30:11,993 [INFO] ApiDbMcu:508 - Load IP Config File for TIM1
2025-05-19 11:30:12,035 [INFO] ApiDbMcu:508 - Load IP Config File for TIM3
2025-05-19 11:30:12,041 [INFO] ApiDbMcu:508 - Load IP Config File for USART2
2025-05-19 11:30:12,050 [INFO] ApiDbMcu:508 - Load IP Config File for RCC
2025-05-19 11:30:12,121 [INFO] CodeEngine:255 - oldGeneratedFile, C:\Users\Flori\Documents\Project\Tech\IT\firmware-development\NucleoF411RE-ApplicationShield\nucleo-AppShield\Core\Inc\main.h_save
2025-05-19 11:30:12,333 [INFO] CodeEngine:279 - Generated code: C:\Users\Flori\Documents\Project\Tech\IT\firmware-development\NucleoF411RE-ApplicationShield\nucleo-AppShield\Core\Inc\main.h
2025-05-19 11:30:12,387 [INFO] CodeEngine:255 - oldGeneratedFile, C:\Users\Flori\Documents\Project\Tech\IT\firmware-development\NucleoF411RE-ApplicationShield\nucleo-AppShield\Core\Src\main.c_save
2025-05-19 11:30:12,648 [INFO] CodeEngine:279 - Generated code: C:\Users\Flori\Documents\Project\Tech\IT\firmware-development\NucleoF411RE-ApplicationShield\nucleo-AppShield\Core\Src\main.c
2025-05-19 11:30:13,377 [INFO] ProjectBuilder:3289 - Time for Copy HAL[1] : 360mS.
2025-05-19 11:30:13,390 [INFO] ProjectBuilder:4876 - Project Generator version: 4.5.0-RC5
2025-05-19 11:30:13,590 [INFO] ConfigFileManager:1579 - The Die is : DIE431
2025-05-19 11:30:13,624 [INFO] ApiDbMcu:508 - Load IP Config File for FATFS
2025-05-19 11:30:13,687 [INFO] ApiDbMcu:508 - Load IP Config File for FREERTOS
2025-05-19 11:30:13,711 [INFO] ApiDbMcu:508 - Load IP Config File for LIBJPEG
2025-05-19 11:30:13,742 [INFO] ApiDbMcu:508 - Load IP Config File for MBEDTLS
2025-05-19 11:30:13,772 [INFO] ApiDbMcu:508 - Load IP Config File for USB_DEVICE
2025-05-19 11:30:13,797 [INFO] ApiDbMcu:508 - Load IP Config File for USB_HOST
2025-05-19 11:30:15,340 [INFO] LogOutputStream:77 - [STDOUT_REDIRECT] 
2025-05-19 11:30:19,292 [INFO] ProjectBuilder:5154 - Time for Generating toolchain IDE Files: 5901mS.
2025-05-19 11:30:19,293 [INFO] ProjectBuilder:3146 - Time for Copy CMSIS : 1mS.
2025-05-19 11:30:19,298 [INFO] ProjectBuilder:3146 - Time for Copy CMSIS : 0mS.
2025-05-19 11:31:42,922 [ERROR] LogOutputStream:75 - [STDERR_REDIRECT] 
2025-05-19 11:31:42,923 [ERROR] LogOutputStream:75 - [STDERR_REDIRECT] 
