2025-04-12 08:36:49,212 [INFO] Activator:176 - 


2025-04-12 08:36:49,215 [INFO] Activator:177 - !SESSION log4j initialized
2025-04-12 08:36:54,888 [INFO] LogOutputStream:77 - [STDOUT_REDIRECT] 
2025-04-12 08:36:59,347 [INFO] ApplicationProperties:184 - Using Application install path: C:\ST\STM32CubeIDE_1.17.0\STM32CubeIDE\plugins\com.st.stm32cube.common.mx_6.13.0.202411220809
2025-04-12 08:36:59,419 [INFO] DbMcusXml:78 - Set database path to: C:\ST\STM32CubeIDE_1.17.0\STM32CubeIDE\plugins\com.st.stm32cube.common.mx_6.13.0.202411220809\\db\/mcu/
2025-04-12 08:36:59,420 [INFO] ApiDb:274 - Set plugin database path to: C:\ST\STM32CubeIDE_1.17.0\STM32CubeIDE\plugins\com.st.stm32cube.common.mx_6.13.0.202411220809\\db\/plugins/boardmanager/
2025-04-12 08:36:59,433 [WARN] ApiDb:259 - Overriding images path with different value:  => C:\ST\STM32CubeIDE_1.17.0\STM32CubeIDE\plugins\com.st.stm32cube.common.mx_6.13.0.202411220809\\db\/plugins/mcufinder/images/
2025-04-12 08:36:59,449 [INFO] ApiDb:250 - Set database path to: C:\Users\Flori\.stmcufinder\plugins\mcufinder//mcu/
2025-04-12 08:36:59,453 [INFO] DbMcusAds:125 - Set database path to: C:\Users\Flori\.stmcufinder\plugins\mcufinder//mcu/
2025-04-12 08:36:59,459 [INFO] CrossReferenceDbSqlite:203 - Set database path to: C:\Users\Flori\.stmcufinder\plugins\mcufinder//mcu/cs/
2025-04-12 08:36:59,813 [INFO] RulesReader:64 - Compatibility file has been processed (297 Rules)
2025-04-12 08:36:59,982 [INFO] DbMcusXml:78 - Set database path to: C:\ST\STM32CubeIDE_1.17.0\STM32CubeIDE\plugins\com.st.stm32cube.common.mx_6.13.0.202411220809\\db\/mcu/
2025-04-12 08:36:59,983 [INFO] ApiDb:274 - Set plugin database path to: C:\ST\STM32CubeIDE_1.17.0\STM32CubeIDE\plugins\com.st.stm32cube.common.mx_6.13.0.202411220809\\db\/plugins/boardmanager/
2025-04-12 08:36:59,984 [INFO] ApiDb:261 - Set plugin images path to: C:\ST\STM32CubeIDE_1.17.0\STM32CubeIDE\plugins\com.st.stm32cube.common.mx_6.13.0.202411220809\\db\/plugins/mcufinder/images/
2025-04-12 08:36:59,984 [WARN] DbFile:41 - Overriding database path with different value: C:\Users\Flori\.stmcufinder\plugins\mcufinder/ => C:\Users\Flori\.stmcufinder\plugins\mcufinder
2025-04-12 08:36:59,985 [INFO] ApiDb:250 - Set database path to: C:\Users\Flori\.stmcufinder\plugins\mcufinder//mcu/
2025-04-12 08:36:59,985 [WARN] DbFile:41 - Overriding database path with different value: C:\Users\Flori\.stmcufinder\plugins\mcufinder/ => C:\Users\Flori\.stmcufinder\plugins\mcufinder
2025-04-12 08:36:59,985 [INFO] DbMcusAds:125 - Set database path to: C:\Users\Flori\.stmcufinder\plugins\mcufinder//mcu/
2025-04-12 08:36:59,985 [WARN] DbFile:41 - Overriding database path with different value: C:\Users\Flori\.stmcufinder\plugins\mcufinder/ => C:\Users\Flori\.stmcufinder\plugins\mcufinder
2025-04-12 08:36:59,986 [WARN] DbFile:41 - Overriding database path with different value: C:\Users\Flori\.stmcufinder\plugins\mcufinder/ => C:\Users\Flori\.stmcufinder\plugins\mcufinder
2025-04-12 08:36:59,986 [INFO] CrossReferenceDbSqlite:203 - Set database path to: C:\Users\Flori\.stmcufinder\plugins\mcufinder//mcu/cs/
2025-04-12 08:37:00,167 [INFO] MainPanel:272 - HeapMemory: 268435456
2025-04-12 08:37:00,355 [INFO] DbMcusXml:78 - Set database path to: C:\ST\STM32CubeIDE_1.17.0\STM32CubeIDE\plugins\com.st.stm32cube.common.mx_6.13.0.202411220809\\db\/mcu/
2025-04-12 08:37:00,355 [INFO] ApiDb:274 - Set plugin database path to: C:\ST\STM32CubeIDE_1.17.0\STM32CubeIDE\plugins\com.st.stm32cube.common.mx_6.13.0.202411220809\\db\/plugins/boardmanager/
2025-04-12 08:37:00,355 [INFO] ApiDb:261 - Set plugin images path to: C:\ST\STM32CubeIDE_1.17.0\STM32CubeIDE\plugins\com.st.stm32cube.common.mx_6.13.0.202411220809\\db\/plugins/mcufinder/images/
2025-04-12 08:37:00,356 [WARN] DbFile:41 - Overriding database path with different value: C:\Users\Flori\.stmcufinder\plugins\mcufinder/ => C:\Users\Flori\.stmcufinder\plugins\mcufinder
2025-04-12 08:37:00,356 [INFO] ApiDb:250 - Set database path to: C:\Users\Flori\.stmcufinder\plugins\mcufinder//mcu/
2025-04-12 08:37:00,356 [WARN] DbFile:41 - Overriding database path with different value: C:\Users\Flori\.stmcufinder\plugins\mcufinder/ => C:\Users\Flori\.stmcufinder\plugins\mcufinder
2025-04-12 08:37:00,356 [INFO] DbMcusAds:125 - Set database path to: C:\Users\Flori\.stmcufinder\plugins\mcufinder//mcu/
2025-04-12 08:37:00,358 [WARN] DbFile:41 - Overriding database path with different value: C:\Users\Flori\.stmcufinder\plugins\mcufinder/ => C:\Users\Flori\.stmcufinder\plugins\mcufinder
2025-04-12 08:37:00,358 [WARN] DbFile:41 - Overriding database path with different value: C:\Users\Flori\.stmcufinder\plugins\mcufinder/ => C:\Users\Flori\.stmcufinder\plugins\mcufinder
2025-04-12 08:37:00,358 [INFO] CrossReferenceDbSqlite:203 - Set database path to: C:\Users\Flori\.stmcufinder\plugins\mcufinder//mcu/cs/
2025-04-12 08:37:00,405 [INFO] ApplicationProperties:184 - Using Application install path: C:\ST\STM32CubeIDE_1.17.0\STM32CubeIDE\plugins\com.st.stm32cube.common.mx_6.13.0.202411220809
2025-04-12 08:37:00,408 [INFO] PluginManage:196 - Search for loadable plugins [exclusion list=, ]
2025-04-12 08:37:00,410 [INFO] PluginManage:310 - Check plugin analytics
2025-04-12 08:37:00,796 [INFO] AnalyticsPlugin:253 - Accepted Software Licenses: 
2025-04-12 08:37:00,797 [INFO] AnalyticsPlugin:255 - Accepted CMSIS Pack Licenses: 
2025-04-12 08:37:00,797 [INFO] AnalyticsPlugin:257 - Accepted Firmware Licenses: FW.F4.1.28.0
2025-04-12 08:37:00,802 [INFO] PluginManage:359 - Loaded plugin analytics (category:tool,tabindex:-1)
2025-04-12 08:37:00,803 [INFO] PluginManage:310 - Check plugin cadmodel
2025-04-12 08:37:00,827 [INFO] CADModel:105 - Init CAD model plugin
2025-04-12 08:37:00,827 [INFO] PluginManage:359 - Loaded plugin cadmodel (category:power,tabindex:5)
2025-04-12 08:37:00,827 [INFO] PluginManage:310 - Check plugin clock
2025-04-12 08:37:00,858 [INFO] PluginManage:359 - Loaded plugin clock (category:base,tabindex:2)
2025-04-12 08:37:00,858 [INFO] PluginManage:310 - Check plugin ddr
2025-04-12 08:37:00,861 [INFO] PluginManage:359 - Loaded plugin ddr (category:tool,tabindex:6)
2025-04-12 08:37:00,862 [INFO] PluginManage:310 - Check plugin filemanager
2025-04-12 08:37:01,150 [INFO] PluginManage:359 - Loaded plugin filemanager (category:base,tabindex:10)
2025-04-12 08:37:01,150 [INFO] PluginManage:310 - Check plugin ipmanager
2025-04-12 08:37:01,162 [INFO] PluginManage:359 - Loaded plugin ipmanager (category:base,tabindex:5)
2025-04-12 08:37:01,162 [INFO] PluginManage:310 - Check plugin lpbam
2025-04-12 08:37:01,206 [INFO] PluginManage:359 - Loaded plugin lpbam (category:base,tabindex:0)
2025-04-12 08:37:01,206 [INFO] PluginManage:310 - Check plugin memorymap
2025-04-12 08:37:01,250 [INFO] PluginManage:359 - Loaded plugin memorymap (category:base,tabindex:4)
2025-04-12 08:37:01,250 [INFO] PluginManage:310 - Check plugin pinoutandconfiguration
2025-04-12 08:37:01,286 [INFO] PluginManage:359 - Loaded plugin pinoutandconfiguration (category:base,tabindex:1)
2025-04-12 08:37:01,286 [INFO] PluginManage:310 - Check plugin pinoutconfig
2025-04-12 08:37:01,523 [WARN] SupportedApi:132 - Cannot load RTOS API schema: s4s-elt-must-match.1: The content of 'definitions' must match (annotation?, (simpleType | complexType)?, (unique | key | keyref)*)). A problem was found starting at: attribute.
2025-04-12 08:37:01,783 [INFO] PluginManage:359 - Loaded plugin pinoutconfig (category:base,tabindex:0)
2025-04-12 08:37:01,783 [INFO] PluginManage:310 - Check plugin power
2025-04-12 08:37:01,814 [INFO] PluginManage:359 - Loaded plugin power (category:power,tabindex:4)
2025-04-12 08:37:01,814 [INFO] PluginManage:310 - Check plugin projectmanager
2025-04-12 08:37:01,841 [INFO] PluginManage:359 - Loaded plugin projectmanager (category:projectmanager,tabindex:4)
2025-04-12 08:37:01,842 [INFO] PluginManage:310 - Check plugin rif
2025-04-12 08:37:01,877 [INFO] PluginManage:359 - Loaded plugin rif (category:base,tabindex:3)
2025-04-12 08:37:01,877 [INFO] PluginManage:310 - Check plugin thirdparty
2025-04-12 08:37:02,616 [WARN] IntegrityCheckThread:84 - waiting for thirdparty lock release [integrity check]
2025-04-12 08:37:02,617 [INFO] PluginManage:359 - Loaded plugin thirdparty (category:base,tabindex:-1)
2025-04-12 08:37:02,618 [INFO] IntegrityCheckThread:86 - entering critical section [integrity check]
2025-04-12 08:37:02,618 [INFO] PluginManage:310 - Check plugin tools
2025-04-12 08:37:02,619 [INFO] ThirdPartyUpdaterWithRetryManager:70 - Updater plugin not ready yet. [1/15]
2025-04-12 08:37:02,794 [INFO] PluginManage:359 - Loaded plugin tools (category:base,tabindex:7)
2025-04-12 08:37:02,795 [INFO] PluginManage:310 - Check plugin tutovideos
2025-04-12 08:37:03,202 [INFO] PluginManage:359 - Loaded plugin tutovideos (category:base,tabindex:-1)
2025-04-12 08:37:03,202 [INFO] PluginManage:310 - Check plugin updater
2025-04-12 08:37:03,257 [INFO] PluginManage:359 - Loaded plugin updater (category:base,tabindex:12)
2025-04-12 08:37:03,257 [INFO] PluginManage:310 - Check plugin userauth
2025-04-12 08:37:03,270 [INFO] UserAuth:118 - Init User Auth plugin
2025-04-12 08:37:03,271 [INFO] PluginManage:359 - Loaded plugin userauth (category:base,tabindex:14)
2025-04-12 08:37:03,272 [INFO] PluginManage:283 - PluginManage : Loaded plugins [18]
2025-04-12 08:37:03,862 [INFO] PinOutPanel:1589 - setPackage(No Configuration,No Configuration)
2025-04-12 08:37:04,166 [INFO] CADModel:165 - CPN selected for project level
2025-04-12 08:37:04,167 [INFO] CADModel:114 - Register for checkConnection events
2025-04-12 08:37:04,254 [INFO] IPUIPlugin:80 - create IPUIPlugin
2025-04-12 08:37:04,255 [INFO] PluginManager:220 - loadIPPluginJar : add adc
2025-04-12 08:37:04,411 [INFO] IPUIPlugin:80 - create IPUIPlugin
2025-04-12 08:37:04,411 [INFO] PluginManager:220 - loadIPPluginJar : add aes
2025-04-12 08:37:04,552 [INFO] IPUIPlugin:80 - create IPUIPlugin
2025-04-12 08:37:04,552 [INFO] PluginManager:220 - loadIPPluginJar : add can
2025-04-12 08:37:04,621 [INFO] IPUIPlugin:80 - create IPUIPlugin
2025-04-12 08:37:04,622 [INFO] PluginManager:220 - loadIPPluginJar : add comp
2025-04-12 08:37:04,709 [INFO] IPUIPlugin:80 - create IPUIPlugin
2025-04-12 08:37:04,709 [INFO] PluginManager:220 - loadIPPluginJar : add cryp
2025-04-12 08:37:04,732 [INFO] IPUIPlugin:80 - create IPUIPlugin
2025-04-12 08:37:04,732 [INFO] PluginManager:220 - loadIPPluginJar : add ddr_ctrl_phy
2025-04-12 08:37:04,793 [INFO] IPUIPlugin:80 - create IPUIPlugin
2025-04-12 08:37:04,793 [INFO] PluginManager:220 - loadIPPluginJar : add dfsdm
2025-04-12 08:37:04,824 [INFO] IPUIPlugin:80 - create IPUIPlugin
2025-04-12 08:37:04,825 [INFO] PluginManager:220 - loadIPPluginJar : add dma
2025-04-12 08:37:04,925 [INFO] IPUIPlugin:80 - create IPUIPlugin
2025-04-12 08:37:04,926 [INFO] PluginManager:220 - loadIPPluginJar : add dma3
2025-04-12 08:37:05,011 [INFO] IPUIPlugin:80 - create IPUIPlugin
2025-04-12 08:37:05,011 [INFO] PluginManager:220 - loadIPPluginJar : add extmemmanager
2025-04-12 08:37:05,070 [INFO] IPUIPlugin:80 - create IPUIPlugin
2025-04-12 08:37:05,071 [INFO] PluginManager:220 - loadIPPluginJar : add fatfs
2025-04-12 08:37:05,179 [INFO] IPUIPlugin:80 - create IPUIPlugin
2025-04-12 08:37:05,180 [INFO] PluginManager:220 - loadIPPluginJar : add fmc
2025-04-12 08:37:05,206 [INFO] IPUIPlugin:80 - create IPUIPlugin
2025-04-12 08:37:05,206 [INFO] PluginManager:220 - loadIPPluginJar : add freertos
2025-04-12 08:37:05,266 [INFO] IPUIPlugin:80 - create IPUIPlugin
2025-04-12 08:37:05,266 [INFO] PluginManager:220 - loadIPPluginJar : add genericplugin
2025-04-12 08:37:05,465 [INFO] IPUIPlugin:80 - create IPUIPlugin
2025-04-12 08:37:05,466 [INFO] PluginManager:220 - loadIPPluginJar : add gfxmmu
2025-04-12 08:37:05,621 [INFO] ThirdPartyUpdaterWithRetryManager:70 - Updater plugin not ready yet. [2/15]
2025-04-12 08:37:05,754 [INFO] IPUIPlugin:80 - create IPUIPlugin
2025-04-12 08:37:05,755 [INFO] PluginManager:220 - loadIPPluginJar : add gic
2025-04-12 08:37:05,778 [INFO] IPUIPlugin:80 - create IPUIPlugin
2025-04-12 08:37:05,778 [INFO] PluginManager:220 - loadIPPluginJar : add gpio
2025-04-12 08:37:05,982 [INFO] IPUIPlugin:80 - create IPUIPlugin
2025-04-12 08:37:05,982 [INFO] PluginManager:220 - loadIPPluginJar : add gtzc
2025-04-12 08:37:06,074 [INFO] IPUIPlugin:80 - create IPUIPlugin
2025-04-12 08:37:06,074 [INFO] PluginManager:220 - loadIPPluginJar : add hash
2025-04-12 08:37:06,188 [INFO] IPUIPlugin:80 - create IPUIPlugin
2025-04-12 08:37:06,189 [INFO] PluginManager:220 - loadIPPluginJar : add i2c
2025-04-12 08:37:06,265 [INFO] IPUIPlugin:80 - create IPUIPlugin
2025-04-12 08:37:06,265 [INFO] PluginManager:220 - loadIPPluginJar : add i2s
2025-04-12 08:37:06,346 [INFO] IPUIPlugin:80 - create IPUIPlugin
2025-04-12 08:37:06,347 [INFO] PluginManager:220 - loadIPPluginJar : add i3c
2025-04-12 08:37:06,529 [INFO] IPUIPlugin:80 - create IPUIPlugin
2025-04-12 08:37:06,529 [INFO] PluginManager:220 - loadIPPluginJar : add ipddr
2025-04-12 08:37:06,731 [INFO] IPUIPlugin:80 - create IPUIPlugin
2025-04-12 08:37:06,731 [INFO] PluginManager:220 - loadIPPluginJar : add linkedlist
2025-04-12 08:37:06,811 [INFO] IPUIPlugin:80 - create IPUIPlugin
2025-04-12 08:37:06,811 [INFO] PluginManager:220 - loadIPPluginJar : add lorawan
2025-04-12 08:37:06,924 [INFO] IPUIPlugin:80 - create IPUIPlugin
2025-04-12 08:37:06,924 [INFO] PluginManager:220 - loadIPPluginJar : add ltdc
2025-04-12 08:37:06,958 [INFO] IPUIPlugin:80 - create IPUIPlugin
2025-04-12 08:37:06,958 [INFO] PluginManager:220 - loadIPPluginJar : add mdma
2025-04-12 08:37:06,991 [INFO] IPUIPlugin:80 - create IPUIPlugin
2025-04-12 08:37:06,992 [INFO] PluginManager:220 - loadIPPluginJar : add nvic
2025-04-12 08:37:07,093 [INFO] IPUIPlugin:80 - create IPUIPlugin
2025-04-12 08:37:07,094 [INFO] PluginManager:220 - loadIPPluginJar : add opamp
2025-04-12 08:37:07,246 [INFO] IPUIPlugin:80 - create IPUIPlugin
2025-04-12 08:37:07,247 [INFO] PluginManager:220 - loadIPPluginJar : add openamp
2025-04-12 08:37:07,369 [INFO] IPUIPlugin:80 - create IPUIPlugin
2025-04-12 08:37:07,370 [INFO] PluginManager:220 - loadIPPluginJar : add pdm2pcm
2025-04-12 08:37:07,409 [INFO] IPUIPlugin:80 - create IPUIPlugin
2025-04-12 08:37:07,415 [INFO] PluginManager:220 - loadIPPluginJar : add plateformsettings
2025-04-12 08:37:07,487 [INFO] IPUIPlugin:80 - create IPUIPlugin
2025-04-12 08:37:07,487 [INFO] PluginManager:220 - loadIPPluginJar : add quadspi
2025-04-12 08:37:07,554 [INFO] IPUIPlugin:80 - create IPUIPlugin
2025-04-12 08:37:07,555 [INFO] PluginManager:220 - loadIPPluginJar : add radio
2025-04-12 08:37:07,583 [INFO] IPUIPlugin:80 - create IPUIPlugin
2025-04-12 08:37:07,583 [INFO] PluginManager:220 - loadIPPluginJar : add resmgrutility
2025-04-12 08:37:07,707 [INFO] IPUIPlugin:80 - create IPUIPlugin
2025-04-12 08:37:07,707 [INFO] PluginManager:220 - loadIPPluginJar : add sai
2025-04-12 08:37:07,797 [INFO] IPUIPlugin:80 - create IPUIPlugin
2025-04-12 08:37:07,797 [INFO] PluginManager:220 - loadIPPluginJar : add spi
2025-04-12 08:37:07,954 [INFO] IPUIPlugin:80 - create IPUIPlugin
2025-04-12 08:37:07,954 [INFO] PluginManager:220 - loadIPPluginJar : add stm32_wpan
2025-04-12 08:37:08,012 [INFO] IPUIPlugin:80 - create IPUIPlugin
2025-04-12 08:37:08,013 [INFO] PluginManager:220 - loadIPPluginJar : add tim
2025-04-12 08:37:08,177 [INFO] IPUIPlugin:80 - create IPUIPlugin
2025-04-12 08:37:08,178 [INFO] PluginManager:220 - loadIPPluginJar : add touchsensing
2025-04-12 08:37:08,246 [INFO] IPUIPlugin:80 - create IPUIPlugin
2025-04-12 08:37:08,246 [INFO] PluginManager:220 - loadIPPluginJar : add tracer_emb
2025-04-12 08:37:08,321 [INFO] IPUIPlugin:80 - create IPUIPlugin
2025-04-12 08:37:08,321 [INFO] PluginManager:220 - loadIPPluginJar : add ts
2025-04-12 08:37:08,391 [INFO] IPUIPlugin:80 - create IPUIPlugin
2025-04-12 08:37:08,391 [INFO] PluginManager:220 - loadIPPluginJar : add tsc
2025-04-12 08:37:08,462 [INFO] IPUIPlugin:80 - create IPUIPlugin
2025-04-12 08:37:08,462 [INFO] PluginManager:220 - loadIPPluginJar : add ucpd
2025-04-12 08:37:08,560 [INFO] IPUIPlugin:80 - create IPUIPlugin
2025-04-12 08:37:08,560 [INFO] PluginManager:220 - loadIPPluginJar : add usart
2025-04-12 08:37:08,622 [INFO] ThirdPartyUpdaterWithRetryManager:70 - Updater plugin not ready yet. [3/15]
2025-04-12 08:37:08,646 [INFO] IPUIPlugin:80 - create IPUIPlugin
2025-04-12 08:37:08,647 [INFO] PluginManager:220 - loadIPPluginJar : add usbx
2025-04-12 08:37:08,818 [FATAL] Updater:351 - Updater called before beeing initialized
2025-04-12 08:37:08,907 [INFO] RulesReader:64 - Compatibility file has been processed (297 Rules)
2025-04-12 08:37:08,952 [INFO] RulesReader:64 - Compatibility file has been processed (297 Rules)
2025-04-12 08:37:08,983 [INFO] CADModel:165 - CPN selected for project level
2025-04-12 08:37:08,983 [INFO] CADModel:114 - Register for checkConnection events
2025-04-12 08:37:08,984 [FATAL] Updater:351 - Updater called before beeing initialized
2025-04-12 08:37:08,984 [ERROR] CADModel:125 - Updater not yet initialized, retry later 
2025-04-12 08:37:09,336 [FATAL] Updater:351 - Updater called before beeing initialized
2025-04-12 08:37:09,339 [INFO] CADModel:165 - CPN selected for project level
2025-04-12 08:37:09,339 [INFO] CADModel:114 - Register for checkConnection events
2025-04-12 08:37:09,339 [FATAL] Updater:351 - Updater called before beeing initialized
2025-04-12 08:37:09,339 [ERROR] CADModel:125 - Updater not yet initialized, retry later 
2025-04-12 08:37:09,344 [FATAL] Updater:351 - Updater called before beeing initialized
2025-04-12 08:37:09,536 [FATAL] Updater:351 - Updater called before beeing initialized
2025-04-12 08:37:09,554 [INFO] DbMcusAds:53 - JSON generation date=Thu Mar 06 15:54:21 CET 2025 (1741272861825)
2025-04-12 08:37:09,554 [FATAL] Updater:351 - Updater called before beeing initialized
2025-04-12 08:37:09,620 [WARN] DetailPanel:346 - Failed to get advertising image, set to default
2025-04-12 08:37:10,082 [FATAL] Updater:351 - Updater called before beeing initialized
2025-04-12 08:37:10,086 [FATAL] Updater:351 - Updater called before beeing initialized
2025-04-12 08:37:10,086 [FATAL] Updater:351 - Updater called before beeing initialized
2025-04-12 08:37:10,086 [WARN] DetailPanel:346 - Failed to get advertising image, set to default
2025-04-12 08:37:10,087 [FATAL] Updater:351 - Updater called before beeing initialized
2025-04-12 08:37:10,184 [ERROR] Updater:1198 - MainUpdater not yet initialized. External WinMGr cannot be set.
2025-04-12 08:37:10,201 [INFO] Updater:1134 - Updater Version found : 6.13.0
2025-04-12 08:37:10,224 [INFO] ApplicationProperties:184 - Using Application install path: C:\ST\STM32CubeIDE_1.17.0\STM32CubeIDE\plugins\com.st.stm32cube.common.mx_6.13.0.202411220809
2025-04-12 08:37:11,622 [INFO] ThirdPartyUpdaterWithRetryManager:70 - Updater plugin not ready yet. [4/15]
2025-04-12 08:37:11,844 [ERROR] LogOutputStream:75 - [STDERR_REDIRECT] Apr 12, 2025 8:37:11 AM java.util.prefs.WindowsPreferences <init>
2025-04-12 08:37:11,851 [ERROR] LogOutputStream:75 - [STDERR_REDIRECT] WARNING: Could not open/create prefs root node Software\JavaSoft\Prefs at root 0xffffffff80000002. Windows RegCreateKeyEx(...) returned error code 5.
2025-04-12 08:37:11,852 [ERROR] LogOutputStream:75 - [STDERR_REDIRECT] 
2025-04-12 08:37:12,516 [INFO] MainUpdater:2872 - connection check result : 10
2025-04-12 08:37:12,519 [INFO] MainUpdater:289 - Updater Check For Update Now.
2025-04-12 08:37:12,520 [INFO] MicroXplorer:498 - Change Database Version : DB.6.0.130
2025-04-12 08:37:12,618 [INFO] McuFinderGlobals:63 - Set McuFinder mode to 2 (CubeIDE integrated)
2025-04-12 08:37:12,645 [INFO] UserAuth:486 - Internet connection configuration mode: 1
2025-04-12 08:37:12,705 [INFO] JxBrowserEngine:152 - Initiate JxBrowser Engine with user profile folder
2025-04-12 08:37:12,947 [INFO] CheckServerUpdateThread:120 - End of CheckServer Thread
2025-04-12 08:37:14,317 [INFO] WebApp:168 - Instantiating new browser for Auth
2025-04-12 08:37:15,078 [WARN] PackLoader:240 - Cannot read IP mode file for STMicroelectronics.FP-SNS-MOTENVWB1.1.4.0
2025-04-12 08:37:15,129 [WARN] PackLoader:240 - Cannot read IP mode file for STMicroelectronics.FP-ATR-ASTRA1.2.0.2
2025-04-12 08:37:15,190 [WARN] PackLoader:240 - Cannot read IP mode file for STMicroelectronics.X-CUBE-SMBUS.2.1.0
2025-04-12 08:37:15,227 [WARN] PackLoader:240 - Cannot read IP mode file for STMicroelectronics.X-CUBE-WB05N.1.1.0
2025-04-12 08:37:15,328 [WARN] PackLoader:240 - Cannot read IP mode file for STMicroelectronics.X-CUBE-AZRTOS-F7.1.1.0
2025-04-12 08:37:15,373 [WARN] PackLoader:240 - Cannot read IP mode file for STMicroelectronics.FP-SNS-FLIGHT1.5.0.2
2025-04-12 08:37:15,482 [WARN] PackLoader:240 - Cannot read IP mode file for Infineon.AIROC-Wi-Fi-Bluetooth-STM32.1.7.0
2025-04-12 08:37:15,540 [WARN] PackLoader:240 - Cannot read IP mode file for STMicroelectronics.X-CUBE-DISPLAY.3.0.0
2025-04-12 08:37:15,606 [WARN] PackLoader:240 - Cannot read IP mode file for STMicroelectronics.X-CUBE-BLE1.7.0.0
2025-04-12 08:37:15,655 [WARN] PackLoader:240 - Cannot read IP mode file for STMicroelectronics.X-CUBE-NFC10.1.0.0
2025-04-12 08:37:15,708 [WARN] PackLoader:240 - Cannot read IP mode file for STMicroelectronics.X-CUBE-BLEMGR.4.0.0
2025-04-12 08:37:15,753 [WARN] PackLoader:240 - Cannot read IP mode file for emotas.I-CUBE-CANOPEN.1.3.0
2025-04-12 08:37:15,786 [WARN] PackLoader:240 - Cannot read IP mode file for STMicroelectronics.X-CUBE-AI.10.0.0
2025-04-12 08:37:15,816 [WARN] PackLoader:240 - Cannot read IP mode file for STMicroelectronics.FP-SNS-SMARTAG2.1.2.0
2025-04-12 08:37:15,847 [WARN] PackLoader:240 - Cannot read IP mode file for STMicroelectronics.FP-SNS-FLIGHT1.5.1.0
2025-04-12 08:37:15,929 [INFO] WebApp:449 - Apply proxy settings
2025-04-12 08:37:15,930 [INFO] WebApp:534 - Chromium requires no authentication
2025-04-12 08:37:15,948 [INFO] WebApp:477 - Direct internet connection detected
2025-04-12 08:37:16,005 [WARN] PackLoader:240 - Cannot read IP mode file for STMicroelectronics.X-CUBE-MEMS1.11.1.0
2025-04-12 08:37:16,020 [INFO] WebApp:880 - Register for checkConnection events
2025-04-12 08:37:16,020 [INFO] WebApp:449 - Apply proxy settings
2025-04-12 08:37:16,020 [INFO] WebApp:534 - Chromium requires no authentication
2025-04-12 08:37:16,021 [INFO] WebApp:477 - Direct internet connection detected
2025-04-12 08:37:16,378 [INFO] WebApp:187 - Connection restablished
2025-04-12 08:37:16,386 [INFO] LogOutputStream:77 - [STDOUT_REDIRECT] 1 : Invalid condition id : UX_CORESTACK_Condition cause : null
2025-04-12 08:37:16,387 [INFO] LogOutputStream:77 - [STDOUT_REDIRECT] 1 : Invalid condition id : UX_CORESTACK_Condition cause : null
2025-04-12 08:37:16,389 [INFO] LogOutputStream:77 - [STDOUT_REDIRECT] 1 : Invalid condition id : UX_CORESTACK_Condition cause : null
2025-04-12 08:37:16,392 [INFO] LogOutputStream:77 - [STDOUT_REDIRECT] 1 : Invalid condition id : UX_CORESTACK_Condition cause : null
2025-04-12 08:37:16,394 [INFO] LogOutputStream:77 - [STDOUT_REDIRECT] 1 : Invalid condition id : UX_CORESTACK_Condition cause : null
2025-04-12 08:37:16,403 [WARN] PackLoader:240 - Cannot read IP mode file for STMicroelectronics.X-CUBE-AZRTOS-WL.2.0.0
2025-04-12 08:37:16,440 [WARN] PackLoader:240 - Cannot read IP mode file for STMicroelectronics.FP-SNS-MOTENV1.5.0.0
2025-04-12 08:37:16,486 [WARN] PackLoader:240 - Cannot read IP mode file for WES.I-CUBE-Cesium.1.3.0
2025-04-12 08:37:16,521 [WARN] PackLoader:240 - Cannot read IP mode file for STMicroelectronics.X-CUBE-BLE2.3.3.0
2025-04-12 08:37:16,564 [WARN] PackLoader:240 - Cannot read IP mode file for STMicroelectronics.X-CUBE-NFC9.1.0.0
2025-04-12 08:37:16,601 [WARN] PackLoader:240 - Cannot read IP mode file for STMicroelectronics.X-CUBE-BLE1.7.1.0
2025-04-12 08:37:16,632 [WARN] PackLoader:240 - Cannot read IP mode file for wolfSSL.I-CUBE-wolfMQTT.1.19.2
2025-04-12 08:37:16,699 [INFO] WebApp:221 - Starting web application
2025-04-12 08:37:16,700 [INFO] WebApp:579 - Web application path used C:\ST\STM32CubeIDE_1.17.0\STM32CubeIDE\plugins\com.st.stm32cube.common.mx_6.13.0.202411220809\db\plugins\mcufinder\reactClient1\index.html
2025-04-12 08:37:16,701 [WARN] PackLoader:240 - Cannot read IP mode file for STMicroelectronics.X-CUBE-AZRTOS-G0.1.1.0
2025-04-12 08:37:16,763 [WARN] PackLoader:240 - Cannot read IP mode file for STMicroelectronics.X-CUBE-SAFEA1.1.2.2
2025-04-12 08:37:16,820 [WARN] PackLoader:240 - Cannot read IP mode file for STMicroelectronics.X-CUBE-NFC4.3.0.0
2025-04-12 08:37:16,863 [WARN] PackLoader:240 - Cannot read IP mode file for EmbeddedOffice.I-CUBE-FS-RTOS.1.0.1
2025-04-12 08:37:16,898 [WARN] PackLoader:240 - Cannot read IP mode file for wolfSSL.I-CUBE-wolfTPM.3.8.0
2025-04-12 08:37:16,945 [WARN] PackLoader:240 - Cannot read IP mode file for STMicroelectronics.X-CUBE-TCPP.4.2.0
2025-04-12 08:37:16,984 [WARN] PackLoader:240 - Cannot read IP mode file for RealThread.X-CUBE-RT-Thread_Nano.4.1.1
2025-04-12 08:37:17,019 [WARN] PackLoader:240 - Cannot read IP mode file for STMicroelectronics.FP-ATR-SIGFOX1.3.2.0
2025-04-12 08:37:17,059 [WARN] ConditionMgr:438 - getConditionDescription Invalid condition id : Cortex-A Device cause : null
2025-04-12 08:37:17,128 [WARN] ConditionMgr:1044 - genDependencies : Invalid condition id : Cortex-A Device cause : null
2025-04-12 08:37:17,129 [WARN] ConditionMgr:1044 - genDependencies : Invalid condition id : Cortex-A Device cause : null
2025-04-12 08:37:17,129 [WARN] ConditionMgr:1044 - genDependencies : Invalid condition id : Cortex-A Device cause : null
2025-04-12 08:37:17,165 [WARN] PackLoader:240 - Cannot read IP mode file for STMicroelectronics.X-CUBE-EEPRMA1.5.1.0
2025-04-12 08:37:17,199 [WARN] PackLoader:240 - Cannot read IP mode file for wolfSSL.I-CUBE-wolfSSL.5.7.6
2025-04-12 08:37:17,247 [INFO] UserAuth:486 - Internet connection configuration mode: 1
2025-04-12 08:37:17,247 [WARN] PackLoader:240 - Cannot read IP mode file for ITTIA_DB.I-CUBE-ITTIADB.8.9.0
2025-04-12 08:37:17,405 [WARN] PackLoader:240 - Cannot read IP mode file for SEGGER.I-CUBE-embOS.1.3.1
2025-04-12 08:37:17,582 [WARN] PackLoader:240 - Cannot read IP mode file for STMicroelectronics.X-CUBE-ALGOBUILD.1.4.0
2025-04-12 08:37:17,658 [WARN] PackLoader:240 - Cannot read IP mode file for STMicroelectronics.X-CUBE-AZRTOS-F4.1.1.0
2025-04-12 08:37:17,703 [WARN] PackLoader:240 - Cannot read IP mode file for Avnet-IotConnect.X-CUBE-IoTC-DA16k-PMOD.1.0.0
2025-04-12 08:37:17,739 [WARN] PackLoader:240 - Cannot read IP mode file for STMicroelectronics.X-CUBE-ISPU.2.1.0
2025-04-12 08:37:17,823 [WARN] PackLoader:240 - Cannot read IP mode file for STMicroelectronics.X-CUBE-AZRTOS-L5.2.0.0
2025-04-12 08:37:17,875 [WARN] PackLoader:240 - Cannot read IP mode file for STMicroelectronics.X-CUBE-NFC6.3.1.0
2025-04-12 08:37:17,923 [WARN] PackLoader:240 - Cannot read IP mode file for STMicroelectronics.X-CUBE-DPower.1.2.0
2025-04-12 08:37:17,966 [WARN] PackLoader:240 - Cannot read IP mode file for STMicroelectronics.X-CUBE-FREERTOS.1.3.0
2025-04-12 08:37:18,009 [WARN] PackLoader:240 - Cannot read IP mode file for STMicroelectronics.X-CUBE-NFC7.1.0.1
2025-04-12 08:37:18,050 [WARN] PackLoader:240 - Cannot read IP mode file for STMicroelectronics.X-CUBE-DPower.1.3.0
2025-04-12 08:37:18,120 [WARN] ConditionMgr:438 - getConditionDescription Invalid condition id : LAN8742 Phy interface Condition cause : null
2025-04-12 08:37:18,121 [WARN] PackLoader:240 - Cannot read IP mode file for STMicroelectronics.X-CUBE-AZRTOS-L4.2.0.0
2025-04-12 08:37:18,123 [WARN] ConditionMgr:1044 - genDependencies : Invalid condition id : LAN8742 Phy interface Condition cause : null
2025-04-12 08:37:18,123 [WARN] ConditionMgr:1044 - genDependencies : Invalid condition id : LAN8742 Phy interface Condition cause : null
2025-04-12 08:37:18,124 [WARN] ConditionMgr:1044 - genDependencies : Invalid condition id : LAN8742 Phy interface Condition cause : null
2025-04-12 08:37:18,164 [WARN] PackLoader:240 - Cannot read IP mode file for STMicroelectronics.X-CUBE-SFXS2LP1.4.0.0
2025-04-12 08:37:18,245 [WARN] PackLoader:240 - Cannot read IP mode file for STMicroelectronics.X-CUBE-AZRTOS-H7.3.3.0
2025-04-12 08:37:18,316 [WARN] ConditionMgr:438 - getConditionDescription Invalid condition id : UX DEVICE CLASS RTOS Condition cause : null
2025-04-12 08:37:18,316 [WARN] ConditionMgr:438 - getConditionDescription Invalid condition id : UX DEVICE CLASS RTOS Condition cause : null
2025-04-12 08:37:18,322 [WARN] PackLoader:240 - Cannot read IP mode file for STMicroelectronics.X-CUBE-AZRTOS-WB.2.0.0
2025-04-12 08:37:18,323 [WARN] ConditionMgr:1044 - genDependencies : Invalid condition id : UX DEVICE CLASS RTOS Condition cause : null
2025-04-12 08:37:18,324 [WARN] ConditionMgr:1044 - genDependencies : Invalid condition id : UX DEVICE CLASS RTOS Condition cause : null
2025-04-12 08:37:18,324 [WARN] ConditionMgr:1044 - genDependencies : Invalid condition id : UX DEVICE CLASS RTOS Condition cause : null
2025-04-12 08:37:18,325 [WARN] ConditionMgr:1044 - genDependencies : Invalid condition id : UX DEVICE CLASS RTOS Condition cause : null
2025-04-12 08:37:18,325 [WARN] ConditionMgr:1044 - genDependencies : Invalid condition id : UX DEVICE CLASS RTOS Condition cause : null
2025-04-12 08:37:18,371 [WARN] PackLoader:240 - Cannot read IP mode file for STMicroelectronics.X-CUBE-GNSS1.7.0.1
2025-04-12 08:37:18,431 [WARN] PackLoader:240 - Cannot read IP mode file for STMicroelectronics.X-CUBE-TOUCHGFX.4.25.0
2025-04-12 08:37:18,477 [WARN] PackLoader:240 - Cannot read IP mode file for STMicroelectronics.FP-SNS-STBOX1.2.0.0
2025-04-12 08:37:18,529 [WARN] PackLoader:240 - Cannot read IP mode file for STMicroelectronics.X-CUBE-SUBG2.5.0.0
2025-04-12 08:37:18,605 [WARN] PackLoader:240 - Cannot read IP mode file for STMicroelectronics.X-CUBE-AZRTOS-H7RS.1.1.0
2025-04-12 08:37:18,636 [WARN] PackLoader:240 - Cannot read IP mode file for Cesanta.I-CUBE-Mongoose.7.13.0
2025-04-12 08:37:18,700 [WARN] PackLoader:240 - Cannot read IP mode file for STMicroelectronics.X-CUBE-AZRTOS-G4.2.0.0
2025-04-12 08:37:18,740 [WARN] PackLoader:240 - Cannot read IP mode file for wolfSSL.I-CUBE-wolfSSH.1.4.20
2025-04-12 08:37:18,787 [WARN] PackLoader:240 - Cannot read IP mode file for STMicroelectronics.X-CUBE-IPS.3.1.0
2025-04-12 08:37:18,826 [WARN] PackLoader:240 - Cannot read IP mode file for STMicroelectronics.X-CUBE-ALS.1.0.2
2025-04-12 08:37:18,854 [WARN] PackLoader:240 - Cannot read IP mode file for STMicroelectronics.X-CUBE-TOUCHGFX.4.24.2
2025-04-12 08:37:18,888 [WARN] PackLoader:240 - Cannot read IP mode file for portGmbH.I-Cube-SoM-uGOAL.1.1.0
2025-04-12 08:37:18,946 [WARN] PackLoader:240 - Cannot read IP mode file for STMicroelectronics.X-CUBE-AZRTOS-H7RS.1.0.0
2025-04-12 08:37:18,991 [WARN] PackLoader:240 - Cannot read IP mode file for STMicroelectronics.X-CUBE-TOF1.3.4.2
2025-04-12 08:37:19,008 [INFO] ThirdParty:978 - Integrity check success = true
2025-04-12 08:37:19,008 [INFO] IntegrityCheckThread:100 - exiting critical section [integrity check]
2025-04-12 08:37:19,008 [INFO] IntegrityCheckThread:103 - End integrity checks thread
2025-04-12 08:38:42,158 [ERROR] LogOutputStream:75 - [STDERR_REDIRECT] 
2025-04-12 08:42:56,469 [INFO] Activator:176 - 


2025-04-12 08:42:56,472 [INFO] Activator:177 - !SESSION log4j initialized
2025-04-12 08:42:59,302 [INFO] LogOutputStream:77 - [STDOUT_REDIRECT] 
2025-04-12 08:43:01,018 [INFO] ApplicationProperties:184 - Using Application install path: C:\ST\STM32CubeIDE_1.17.0\STM32CubeIDE\plugins\com.st.stm32cube.common.mx_6.13.0.202411220809
2025-04-12 08:43:01,032 [INFO] DbMcusXml:78 - Set database path to: C:\ST\STM32CubeIDE_1.17.0\STM32CubeIDE\plugins\com.st.stm32cube.common.mx_6.13.0.202411220809\\db\/mcu/
2025-04-12 08:43:01,032 [INFO] ApiDb:274 - Set plugin database path to: C:\ST\STM32CubeIDE_1.17.0\STM32CubeIDE\plugins\com.st.stm32cube.common.mx_6.13.0.202411220809\\db\/plugins/boardmanager/
2025-04-12 08:43:01,034 [WARN] ApiDb:259 - Overriding images path with different value:  => C:\ST\STM32CubeIDE_1.17.0\STM32CubeIDE\plugins\com.st.stm32cube.common.mx_6.13.0.202411220809\\db\/plugins/mcufinder/images/
2025-04-12 08:43:01,039 [INFO] ApiDb:250 - Set database path to: C:\Users\Flori\.stmcufinder\plugins\mcufinder//mcu/
2025-04-12 08:43:01,040 [INFO] DbMcusAds:125 - Set database path to: C:\Users\Flori\.stmcufinder\plugins\mcufinder//mcu/
2025-04-12 08:43:01,042 [INFO] CrossReferenceDbSqlite:203 - Set database path to: C:\Users\Flori\.stmcufinder\plugins\mcufinder//mcu/cs/
2025-04-12 08:43:01,145 [INFO] RulesReader:64 - Compatibility file has been processed (297 Rules)
2025-04-12 08:43:01,209 [INFO] DbMcusXml:78 - Set database path to: C:\ST\STM32CubeIDE_1.17.0\STM32CubeIDE\plugins\com.st.stm32cube.common.mx_6.13.0.202411220809\\db\/mcu/
2025-04-12 08:43:01,210 [INFO] ApiDb:274 - Set plugin database path to: C:\ST\STM32CubeIDE_1.17.0\STM32CubeIDE\plugins\com.st.stm32cube.common.mx_6.13.0.202411220809\\db\/plugins/boardmanager/
2025-04-12 08:43:01,210 [INFO] ApiDb:261 - Set plugin images path to: C:\ST\STM32CubeIDE_1.17.0\STM32CubeIDE\plugins\com.st.stm32cube.common.mx_6.13.0.202411220809\\db\/plugins/mcufinder/images/
2025-04-12 08:43:01,210 [WARN] DbFile:41 - Overriding database path with different value: C:\Users\Flori\.stmcufinder\plugins\mcufinder/ => C:\Users\Flori\.stmcufinder\plugins\mcufinder
2025-04-12 08:43:01,210 [INFO] ApiDb:250 - Set database path to: C:\Users\Flori\.stmcufinder\plugins\mcufinder//mcu/
2025-04-12 08:43:01,210 [WARN] DbFile:41 - Overriding database path with different value: C:\Users\Flori\.stmcufinder\plugins\mcufinder/ => C:\Users\Flori\.stmcufinder\plugins\mcufinder
2025-04-12 08:43:01,210 [INFO] DbMcusAds:125 - Set database path to: C:\Users\Flori\.stmcufinder\plugins\mcufinder//mcu/
2025-04-12 08:43:01,210 [WARN] DbFile:41 - Overriding database path with different value: C:\Users\Flori\.stmcufinder\plugins\mcufinder/ => C:\Users\Flori\.stmcufinder\plugins\mcufinder
2025-04-12 08:43:01,210 [WARN] DbFile:41 - Overriding database path with different value: C:\Users\Flori\.stmcufinder\plugins\mcufinder/ => C:\Users\Flori\.stmcufinder\plugins\mcufinder
2025-04-12 08:43:01,210 [INFO] CrossReferenceDbSqlite:203 - Set database path to: C:\Users\Flori\.stmcufinder\plugins\mcufinder//mcu/cs/
2025-04-12 08:43:01,270 [INFO] MainPanel:272 - HeapMemory: 268435456
2025-04-12 08:43:01,345 [INFO] DbMcusXml:78 - Set database path to: C:\ST\STM32CubeIDE_1.17.0\STM32CubeIDE\plugins\com.st.stm32cube.common.mx_6.13.0.202411220809\\db\/mcu/
2025-04-12 08:43:01,345 [INFO] ApiDb:274 - Set plugin database path to: C:\ST\STM32CubeIDE_1.17.0\STM32CubeIDE\plugins\com.st.stm32cube.common.mx_6.13.0.202411220809\\db\/plugins/boardmanager/
2025-04-12 08:43:01,345 [INFO] ApiDb:261 - Set plugin images path to: C:\ST\STM32CubeIDE_1.17.0\STM32CubeIDE\plugins\com.st.stm32cube.common.mx_6.13.0.202411220809\\db\/plugins/mcufinder/images/
2025-04-12 08:43:01,345 [WARN] DbFile:41 - Overriding database path with different value: C:\Users\Flori\.stmcufinder\plugins\mcufinder/ => C:\Users\Flori\.stmcufinder\plugins\mcufinder
2025-04-12 08:43:01,345 [INFO] ApiDb:250 - Set database path to: C:\Users\Flori\.stmcufinder\plugins\mcufinder//mcu/
2025-04-12 08:43:01,345 [WARN] DbFile:41 - Overriding database path with different value: C:\Users\Flori\.stmcufinder\plugins\mcufinder/ => C:\Users\Flori\.stmcufinder\plugins\mcufinder
2025-04-12 08:43:01,345 [INFO] DbMcusAds:125 - Set database path to: C:\Users\Flori\.stmcufinder\plugins\mcufinder//mcu/
2025-04-12 08:43:01,345 [WARN] DbFile:41 - Overriding database path with different value: C:\Users\Flori\.stmcufinder\plugins\mcufinder/ => C:\Users\Flori\.stmcufinder\plugins\mcufinder
2025-04-12 08:43:01,346 [WARN] DbFile:41 - Overriding database path with different value: C:\Users\Flori\.stmcufinder\plugins\mcufinder/ => C:\Users\Flori\.stmcufinder\plugins\mcufinder
2025-04-12 08:43:01,346 [INFO] CrossReferenceDbSqlite:203 - Set database path to: C:\Users\Flori\.stmcufinder\plugins\mcufinder//mcu/cs/
2025-04-12 08:43:01,373 [INFO] ApplicationProperties:184 - Using Application install path: C:\ST\STM32CubeIDE_1.17.0\STM32CubeIDE\plugins\com.st.stm32cube.common.mx_6.13.0.202411220809
2025-04-12 08:43:01,374 [INFO] PluginManage:196 - Search for loadable plugins [exclusion list=, ]
2025-04-12 08:43:01,376 [INFO] PluginManage:310 - Check plugin analytics
2025-04-12 08:43:01,539 [INFO] AnalyticsPlugin:253 - Accepted Software Licenses: 
2025-04-12 08:43:01,539 [INFO] AnalyticsPlugin:255 - Accepted CMSIS Pack Licenses: 
2025-04-12 08:43:01,539 [INFO] AnalyticsPlugin:257 - Accepted Firmware Licenses: FW.F4.1.28.0
2025-04-12 08:43:01,541 [INFO] PluginManage:359 - Loaded plugin analytics (category:tool,tabindex:-1)
2025-04-12 08:43:01,542 [INFO] PluginManage:310 - Check plugin cadmodel
2025-04-12 08:43:01,545 [INFO] CADModel:105 - Init CAD model plugin
2025-04-12 08:43:01,545 [INFO] PluginManage:359 - Loaded plugin cadmodel (category:power,tabindex:5)
2025-04-12 08:43:01,545 [INFO] PluginManage:310 - Check plugin clock
2025-04-12 08:43:01,554 [INFO] PluginManage:359 - Loaded plugin clock (category:base,tabindex:2)
2025-04-12 08:43:01,554 [INFO] PluginManage:310 - Check plugin ddr
2025-04-12 08:43:01,556 [INFO] PluginManage:359 - Loaded plugin ddr (category:tool,tabindex:6)
2025-04-12 08:43:01,556 [INFO] PluginManage:310 - Check plugin filemanager
2025-04-12 08:43:01,692 [INFO] PluginManage:359 - Loaded plugin filemanager (category:base,tabindex:10)
2025-04-12 08:43:01,692 [INFO] PluginManage:310 - Check plugin ipmanager
2025-04-12 08:43:01,699 [INFO] PluginManage:359 - Loaded plugin ipmanager (category:base,tabindex:5)
2025-04-12 08:43:01,699 [INFO] PluginManage:310 - Check plugin lpbam
2025-04-12 08:43:01,708 [INFO] PluginManage:359 - Loaded plugin lpbam (category:base,tabindex:0)
2025-04-12 08:43:01,708 [INFO] PluginManage:310 - Check plugin memorymap
2025-04-12 08:43:01,722 [INFO] PluginManage:359 - Loaded plugin memorymap (category:base,tabindex:4)
2025-04-12 08:43:01,722 [INFO] PluginManage:310 - Check plugin pinoutandconfiguration
2025-04-12 08:43:01,729 [INFO] PluginManage:359 - Loaded plugin pinoutandconfiguration (category:base,tabindex:1)
2025-04-12 08:43:01,729 [INFO] PluginManage:310 - Check plugin pinoutconfig
2025-04-12 08:43:01,897 [WARN] SupportedApi:132 - Cannot load RTOS API schema: s4s-elt-must-match.1: The content of 'definitions' must match (annotation?, (simpleType | complexType)?, (unique | key | keyref)*)). A problem was found starting at: attribute.
2025-04-12 08:43:02,018 [INFO] PluginManage:359 - Loaded plugin pinoutconfig (category:base,tabindex:0)
2025-04-12 08:43:02,018 [INFO] PluginManage:310 - Check plugin power
2025-04-12 08:43:02,026 [INFO] PluginManage:359 - Loaded plugin power (category:power,tabindex:4)
2025-04-12 08:43:02,026 [INFO] PluginManage:310 - Check plugin projectmanager
2025-04-12 08:43:02,040 [INFO] PluginManage:359 - Loaded plugin projectmanager (category:projectmanager,tabindex:4)
2025-04-12 08:43:02,040 [INFO] PluginManage:310 - Check plugin rif
2025-04-12 08:43:02,045 [INFO] PluginManage:359 - Loaded plugin rif (category:base,tabindex:3)
2025-04-12 08:43:02,046 [INFO] PluginManage:310 - Check plugin thirdparty
2025-04-12 08:43:02,169 [INFO] PluginManage:359 - Loaded plugin thirdparty (category:base,tabindex:-1)
2025-04-12 08:43:02,169 [INFO] PluginManage:310 - Check plugin tools
2025-04-12 08:43:02,169 [WARN] IntegrityCheckThread:84 - waiting for thirdparty lock release [integrity check]
2025-04-12 08:43:02,169 [INFO] IntegrityCheckThread:86 - entering critical section [integrity check]
2025-04-12 08:43:02,170 [INFO] ThirdPartyUpdaterWithRetryManager:70 - Updater plugin not ready yet. [1/15]
2025-04-12 08:43:02,171 [INFO] PluginManage:359 - Loaded plugin tools (category:base,tabindex:7)
2025-04-12 08:43:02,172 [INFO] PluginManage:310 - Check plugin tutovideos
2025-04-12 08:43:02,305 [INFO] PluginManage:359 - Loaded plugin tutovideos (category:base,tabindex:-1)
2025-04-12 08:43:02,306 [INFO] PluginManage:310 - Check plugin updater
2025-04-12 08:43:02,323 [INFO] PluginManage:359 - Loaded plugin updater (category:base,tabindex:12)
2025-04-12 08:43:02,323 [INFO] PluginManage:310 - Check plugin userauth
2025-04-12 08:43:02,327 [INFO] UserAuth:118 - Init User Auth plugin
2025-04-12 08:43:02,327 [INFO] PluginManage:359 - Loaded plugin userauth (category:base,tabindex:14)
2025-04-12 08:43:02,328 [INFO] PluginManage:283 - PluginManage : Loaded plugins [18]
2025-04-12 08:43:02,513 [INFO] PinOutPanel:1589 - setPackage(No Configuration,No Configuration)
2025-04-12 08:43:02,585 [INFO] CADModel:165 - CPN selected for project level
2025-04-12 08:43:02,585 [INFO] CADModel:114 - Register for checkConnection events
2025-04-12 08:43:02,596 [INFO] IPUIPlugin:80 - create IPUIPlugin
2025-04-12 08:43:02,596 [INFO] PluginManager:220 - loadIPPluginJar : add adc
2025-04-12 08:43:02,598 [INFO] IPUIPlugin:80 - create IPUIPlugin
2025-04-12 08:43:02,598 [INFO] PluginManager:220 - loadIPPluginJar : add aes
2025-04-12 08:43:02,599 [INFO] IPUIPlugin:80 - create IPUIPlugin
2025-04-12 08:43:02,599 [INFO] PluginManager:220 - loadIPPluginJar : add can
2025-04-12 08:43:02,601 [INFO] IPUIPlugin:80 - create IPUIPlugin
2025-04-12 08:43:02,602 [INFO] PluginManager:220 - loadIPPluginJar : add comp
2025-04-12 08:43:02,603 [INFO] IPUIPlugin:80 - create IPUIPlugin
2025-04-12 08:43:02,603 [INFO] PluginManager:220 - loadIPPluginJar : add cryp
2025-04-12 08:43:02,604 [INFO] IPUIPlugin:80 - create IPUIPlugin
2025-04-12 08:43:02,604 [INFO] PluginManager:220 - loadIPPluginJar : add ddr_ctrl_phy
2025-04-12 08:43:02,606 [INFO] IPUIPlugin:80 - create IPUIPlugin
2025-04-12 08:43:02,606 [INFO] PluginManager:220 - loadIPPluginJar : add dfsdm
2025-04-12 08:43:02,609 [INFO] IPUIPlugin:80 - create IPUIPlugin
2025-04-12 08:43:02,610 [INFO] PluginManager:220 - loadIPPluginJar : add dma
2025-04-12 08:43:02,611 [INFO] IPUIPlugin:80 - create IPUIPlugin
2025-04-12 08:43:02,611 [INFO] PluginManager:220 - loadIPPluginJar : add dma3
2025-04-12 08:43:02,613 [INFO] IPUIPlugin:80 - create IPUIPlugin
2025-04-12 08:43:02,613 [INFO] PluginManager:220 - loadIPPluginJar : add extmemmanager
2025-04-12 08:43:02,614 [INFO] IPUIPlugin:80 - create IPUIPlugin
2025-04-12 08:43:02,614 [INFO] PluginManager:220 - loadIPPluginJar : add fatfs
2025-04-12 08:43:02,617 [INFO] IPUIPlugin:80 - create IPUIPlugin
2025-04-12 08:43:02,617 [INFO] PluginManager:220 - loadIPPluginJar : add fmc
2025-04-12 08:43:02,620 [INFO] IPUIPlugin:80 - create IPUIPlugin
2025-04-12 08:43:02,620 [INFO] PluginManager:220 - loadIPPluginJar : add freertos
2025-04-12 08:43:02,621 [INFO] IPUIPlugin:80 - create IPUIPlugin
2025-04-12 08:43:02,621 [INFO] PluginManager:220 - loadIPPluginJar : add genericplugin
2025-04-12 08:43:02,623 [INFO] IPUIPlugin:80 - create IPUIPlugin
2025-04-12 08:43:02,623 [INFO] PluginManager:220 - loadIPPluginJar : add gfxmmu
2025-04-12 08:43:02,627 [INFO] IPUIPlugin:80 - create IPUIPlugin
2025-04-12 08:43:02,627 [INFO] PluginManager:220 - loadIPPluginJar : add gic
2025-04-12 08:43:02,630 [INFO] IPUIPlugin:80 - create IPUIPlugin
2025-04-12 08:43:02,630 [INFO] PluginManager:220 - loadIPPluginJar : add gpio
2025-04-12 08:43:02,632 [INFO] IPUIPlugin:80 - create IPUIPlugin
2025-04-12 08:43:02,632 [INFO] PluginManager:220 - loadIPPluginJar : add gtzc
2025-04-12 08:43:02,633 [INFO] IPUIPlugin:80 - create IPUIPlugin
2025-04-12 08:43:02,633 [INFO] PluginManager:220 - loadIPPluginJar : add hash
2025-04-12 08:43:02,635 [INFO] IPUIPlugin:80 - create IPUIPlugin
2025-04-12 08:43:02,635 [INFO] PluginManager:220 - loadIPPluginJar : add i2c
2025-04-12 08:43:02,637 [INFO] IPUIPlugin:80 - create IPUIPlugin
2025-04-12 08:43:02,637 [INFO] PluginManager:220 - loadIPPluginJar : add i2s
2025-04-12 08:43:02,639 [INFO] IPUIPlugin:80 - create IPUIPlugin
2025-04-12 08:43:02,639 [INFO] PluginManager:220 - loadIPPluginJar : add i3c
2025-04-12 08:43:02,642 [INFO] IPUIPlugin:80 - create IPUIPlugin
2025-04-12 08:43:02,642 [INFO] PluginManager:220 - loadIPPluginJar : add ipddr
2025-04-12 08:43:02,646 [INFO] IPUIPlugin:80 - create IPUIPlugin
2025-04-12 08:43:02,646 [INFO] PluginManager:220 - loadIPPluginJar : add linkedlist
2025-04-12 08:43:02,650 [INFO] IPUIPlugin:80 - create IPUIPlugin
2025-04-12 08:43:02,650 [INFO] PluginManager:220 - loadIPPluginJar : add lorawan
2025-04-12 08:43:02,651 [INFO] IPUIPlugin:80 - create IPUIPlugin
2025-04-12 08:43:02,651 [INFO] PluginManager:220 - loadIPPluginJar : add ltdc
2025-04-12 08:43:02,655 [INFO] IPUIPlugin:80 - create IPUIPlugin
2025-04-12 08:43:02,655 [INFO] PluginManager:220 - loadIPPluginJar : add mdma
2025-04-12 08:43:02,657 [INFO] IPUIPlugin:80 - create IPUIPlugin
2025-04-12 08:43:02,657 [INFO] PluginManager:220 - loadIPPluginJar : add nvic
2025-04-12 08:43:02,660 [INFO] IPUIPlugin:80 - create IPUIPlugin
2025-04-12 08:43:02,660 [INFO] PluginManager:220 - loadIPPluginJar : add opamp
2025-04-12 08:43:02,662 [INFO] IPUIPlugin:80 - create IPUIPlugin
2025-04-12 08:43:02,662 [INFO] PluginManager:220 - loadIPPluginJar : add openamp
2025-04-12 08:43:02,664 [INFO] IPUIPlugin:80 - create IPUIPlugin
2025-04-12 08:43:02,664 [INFO] PluginManager:220 - loadIPPluginJar : add pdm2pcm
2025-04-12 08:43:02,669 [INFO] IPUIPlugin:80 - create IPUIPlugin
2025-04-12 08:43:02,671 [INFO] PluginManager:220 - loadIPPluginJar : add plateformsettings
2025-04-12 08:43:02,672 [INFO] IPUIPlugin:80 - create IPUIPlugin
2025-04-12 08:43:02,672 [INFO] PluginManager:220 - loadIPPluginJar : add quadspi
2025-04-12 08:43:02,673 [INFO] IPUIPlugin:80 - create IPUIPlugin
2025-04-12 08:43:02,674 [INFO] PluginManager:220 - loadIPPluginJar : add radio
2025-04-12 08:43:02,676 [INFO] IPUIPlugin:80 - create IPUIPlugin
2025-04-12 08:43:02,676 [INFO] PluginManager:220 - loadIPPluginJar : add resmgrutility
2025-04-12 08:43:02,677 [INFO] IPUIPlugin:80 - create IPUIPlugin
2025-04-12 08:43:02,678 [INFO] PluginManager:220 - loadIPPluginJar : add sai
2025-04-12 08:43:02,679 [INFO] IPUIPlugin:80 - create IPUIPlugin
2025-04-12 08:43:02,679 [INFO] PluginManager:220 - loadIPPluginJar : add spi
2025-04-12 08:43:02,682 [INFO] IPUIPlugin:80 - create IPUIPlugin
2025-04-12 08:43:02,682 [INFO] PluginManager:220 - loadIPPluginJar : add stm32_wpan
2025-04-12 08:43:02,683 [INFO] IPUIPlugin:80 - create IPUIPlugin
2025-04-12 08:43:02,683 [INFO] PluginManager:220 - loadIPPluginJar : add tim
2025-04-12 08:43:02,686 [INFO] IPUIPlugin:80 - create IPUIPlugin
2025-04-12 08:43:02,686 [INFO] PluginManager:220 - loadIPPluginJar : add touchsensing
2025-04-12 08:43:02,687 [INFO] IPUIPlugin:80 - create IPUIPlugin
2025-04-12 08:43:02,687 [INFO] PluginManager:220 - loadIPPluginJar : add tracer_emb
2025-04-12 08:43:02,689 [INFO] IPUIPlugin:80 - create IPUIPlugin
2025-04-12 08:43:02,689 [INFO] PluginManager:220 - loadIPPluginJar : add ts
2025-04-12 08:43:02,690 [INFO] IPUIPlugin:80 - create IPUIPlugin
2025-04-12 08:43:02,690 [INFO] PluginManager:220 - loadIPPluginJar : add tsc
2025-04-12 08:43:02,691 [INFO] IPUIPlugin:80 - create IPUIPlugin
2025-04-12 08:43:02,692 [INFO] PluginManager:220 - loadIPPluginJar : add ucpd
2025-04-12 08:43:02,694 [INFO] IPUIPlugin:80 - create IPUIPlugin
2025-04-12 08:43:02,694 [INFO] PluginManager:220 - loadIPPluginJar : add usart
2025-04-12 08:43:02,696 [INFO] IPUIPlugin:80 - create IPUIPlugin
2025-04-12 08:43:02,696 [INFO] PluginManager:220 - loadIPPluginJar : add usbx
2025-04-12 08:43:02,845 [FATAL] Updater:351 - Updater called before beeing initialized
2025-04-12 08:43:02,882 [INFO] RulesReader:64 - Compatibility file has been processed (297 Rules)
2025-04-12 08:43:02,891 [INFO] RulesReader:64 - Compatibility file has been processed (297 Rules)
2025-04-12 08:43:02,899 [INFO] CADModel:165 - CPN selected for project level
2025-04-12 08:43:02,899 [INFO] CADModel:114 - Register for checkConnection events
2025-04-12 08:43:02,899 [FATAL] Updater:351 - Updater called before beeing initialized
2025-04-12 08:43:02,900 [ERROR] CADModel:125 - Updater not yet initialized, retry later 
2025-04-12 08:43:03,018 [FATAL] Updater:351 - Updater called before beeing initialized
2025-04-12 08:43:03,019 [INFO] CADModel:165 - CPN selected for project level
2025-04-12 08:43:03,019 [INFO] CADModel:114 - Register for checkConnection events
2025-04-12 08:43:03,019 [FATAL] Updater:351 - Updater called before beeing initialized
2025-04-12 08:43:03,019 [ERROR] CADModel:125 - Updater not yet initialized, retry later 
2025-04-12 08:43:03,021 [FATAL] Updater:351 - Updater called before beeing initialized
2025-04-12 08:43:03,109 [FATAL] Updater:351 - Updater called before beeing initialized
2025-04-12 08:43:03,113 [INFO] DbMcusAds:53 - JSON generation date=Thu Mar 06 15:54:21 CET 2025 (1741272861825)
2025-04-12 08:43:03,113 [FATAL] Updater:351 - Updater called before beeing initialized
2025-04-12 08:43:03,143 [WARN] DetailPanel:346 - Failed to get advertising image, set to default
2025-04-12 08:43:03,396 [FATAL] Updater:351 - Updater called before beeing initialized
2025-04-12 08:43:03,398 [FATAL] Updater:351 - Updater called before beeing initialized
2025-04-12 08:43:03,398 [FATAL] Updater:351 - Updater called before beeing initialized
2025-04-12 08:43:03,398 [WARN] DetailPanel:346 - Failed to get advertising image, set to default
2025-04-12 08:43:03,399 [FATAL] Updater:351 - Updater called before beeing initialized
2025-04-12 08:43:03,441 [ERROR] Updater:1198 - MainUpdater not yet initialized. External WinMGr cannot be set.
2025-04-12 08:43:03,443 [INFO] Updater:1134 - Updater Version found : 6.13.0
2025-04-12 08:43:03,455 [INFO] ApplicationProperties:184 - Using Application install path: C:\ST\STM32CubeIDE_1.17.0\STM32CubeIDE\plugins\com.st.stm32cube.common.mx_6.13.0.202411220809
2025-04-12 08:43:05,035 [ERROR] LogOutputStream:75 - [STDERR_REDIRECT] Apr 12, 2025 8:43:05 AM java.util.prefs.WindowsPreferences <init>
2025-04-12 08:43:05,039 [ERROR] LogOutputStream:75 - [STDERR_REDIRECT] WARNING: Could not open/create prefs root node Software\JavaSoft\Prefs at root 0xffffffff80000002. Windows RegCreateKeyEx(...) returned error code 5.
2025-04-12 08:43:05,039 [ERROR] LogOutputStream:75 - [STDERR_REDIRECT] 
2025-04-12 08:43:05,170 [INFO] ThirdPartyUpdaterWithRetryManager:70 - Updater plugin not ready yet. [2/15]
2025-04-12 08:43:05,346 [INFO] MainUpdater:2872 - connection check result : 10
2025-04-12 08:43:05,347 [INFO] MainUpdater:289 - Updater Check For Update Now.
2025-04-12 08:43:05,347 [INFO] MicroXplorer:498 - Change Database Version : DB.6.0.130
2025-04-12 08:43:05,356 [INFO] McuFinderGlobals:63 - Set McuFinder mode to 2 (CubeIDE integrated)
2025-04-12 08:43:05,357 [INFO] UserAuth:486 - Internet connection configuration mode: 1
2025-04-12 08:43:05,373 [INFO] JxBrowserEngine:152 - Initiate JxBrowser Engine with user profile folder
2025-04-12 08:43:05,530 [INFO] CheckServerUpdateThread:120 - End of CheckServer Thread
2025-04-12 08:43:06,052 [INFO] WebApp:168 - Instantiating new browser for Auth
2025-04-12 08:43:06,165 [INFO] McuFinderGlobals:63 - Set McuFinder mode to 2 (CubeIDE integrated)
2025-04-12 08:43:06,203 [INFO] MainUpdater:2872 - connection check result : 10
2025-04-12 08:43:07,042 [INFO] WebApp:449 - Apply proxy settings
2025-04-12 08:43:07,043 [INFO] WebApp:534 - Chromium requires no authentication
2025-04-12 08:43:07,056 [INFO] WebApp:477 - Direct internet connection detected
2025-04-12 08:43:07,089 [INFO] WebApp:880 - Register for checkConnection events
2025-04-12 08:43:07,090 [INFO] WebApp:449 - Apply proxy settings
2025-04-12 08:43:07,090 [INFO] WebApp:534 - Chromium requires no authentication
2025-04-12 08:43:07,091 [INFO] WebApp:477 - Direct internet connection detected
2025-04-12 08:43:07,238 [INFO] ApiDb:581 - Connected to CubeFinder SQLite database (C:\Users\Flori\.stmcufinder\plugins\mcufinder\mcu\cube-finder-db.db)
2025-04-12 08:43:07,369 [INFO] WebApp:221 - Starting web application
2025-04-12 08:43:07,369 [INFO] WebApp:579 - Web application path used C:\ST\STM32CubeIDE_1.17.0\STM32CubeIDE\plugins\com.st.stm32cube.common.mx_6.13.0.202411220809\db\plugins\mcufinder\reactClient1\index.html
2025-04-12 08:43:07,379 [INFO] ApiDb:668 - CubeFinder database Data Model version=2.1
2025-04-12 08:43:07,380 [INFO] ApiDb:669 - CubeFinder database Configuration version=3.0.39
2025-04-12 08:43:07,380 [INFO] ApiDb:670 - CubeFinder database generation date=2025-03-24 (1742811287)
2025-04-12 08:43:07,381 [INFO] ApiDb:671 - CubeFinder database FW Pack versions=[FP-ATR-ASTRA1_V2.0.0, FP-SNS-FLIGHT1_V5.0.2, FP-SNS-MOTENV1_V5.0.0, FP-SNS-MOTENVWB1_V1.4.0, FP-SNS-SMARTAG2_V1.2.0, FP-SNS-STBOX1_V2.0.0, STM32Cube_FW_C0_V1.4.0, STM32Cube_FW_F4_V1.28.1, STM32Cube_FW_F7_V1.17.2, STM32Cube_FW_G0_V1.6.2, STM32Cube_FW_G4_V1.6.1, STM32Cube_FW_H5_V1.5.0, STM32Cube_FW_H7RS_V1.2.0, STM32Cube_FW_H7_V1.12.1, STM32Cube_FW_L0_V1.12.2, STM32Cube_FW_L4_V1.18.1, STM32Cube_FW_L5_V1.5.1, STM32Cube_FW_N6_V1.1.0, STM32Cube_FW_U0_V1.2.0, STM32Cube_FW_U3_V1.1.0, STM32Cube_FW_U5_V1.7.0, STM32Cube_FW_WB0_V1.2.0, STM32Cube_FW_WBA_V1.6.0, STM32Cube_FW_WB_V1.22.0, STM32Cube_FW_WL3_V1.1.0, STM32Cube_FW_WL_V1.3.1, X-CUBE-ALGOBUILD_V1.4.0, X-CUBE-ALS_V1.0.2, X-CUBE-AZRTOS-F4_V1.1.0, X-CUBE-AZRTOS-F7_V1.1.0, X-CUBE-AZRTOS-G0_V1.1.0, X-CUBE-AZRTOS-G4_V2.0.0, X-CUBE-AZRTOS-H7RS_V1.0.0, X-CUBE-AZRTOS-H7_V3.3.0, X-CUBE-AZRTOS-L4_V2.0.0, X-CUBE-AZRTOS-L5_V2.0.0, X-CUBE-AZRTOS-WB_V2.0.0, X-CUBE-AZRTOS-WL_V2.0.0, X-CUBE-BLE1_V7.1.0, X-CUBE-BLE2_V3.3.0, X-CUBE-BLEMGR_V4.0.0, X-CUBE-EEPRMA1_V5.1.0, X-CUBE-FREERTOS_V1.3.0, X-CUBE-GNSS1_V6.0.0, X-CUBE-MEMS1_V11.1.0, X-CUBE-NFC4_V3.0.0, X-CUBE-NFC7_V1.0.1, X-CUBE-SFXS2LP1_V4.0.0, X-CUBE-SUBG2_V5.0.0, X-CUBE-TOF1_V3.4.2]
2025-04-12 08:43:07,394 [INFO] WebApp:187 - Connection restablished
2025-04-12 08:43:07,556 [INFO] DbBoardsSqlite:226 - include board P-NUCLEO-WB55-NUCLEO as a kit item of type 'Nucleo-64'
2025-04-12 08:43:07,556 [INFO] DbBoardsSqlite:226 - include board P-NUCLEO-WB55-USBDONGLE as a kit item of type 'Nucleo USB Dongle'
2025-04-12 08:43:07,557 [INFO] DbBoardsSqlite:226 - include board STEVAL-IDP005V1 as a kit item of type 'Evaluation Board'
2025-04-12 08:43:07,558 [INFO] DbBoardsSqlite:226 - include board STEVAL-IDP005V2 as a kit item of type 'Evaluation Board'
2025-04-12 08:43:07,605 [INFO] UserAuth:486 - Internet connection configuration mode: 1
2025-04-12 08:43:07,756 [INFO] ApiDb:240 - Found 858 in-development CPN: [B-G473E-ZEST1S, B-WB1M-WPAN1, B-WBA5M-WPAN, B-WL5M-SUBG1, NUCLEO-C031C6, NUCLEO-C051C8, NUCLEO-C071RB, NUCLEO-C092RC, NUCLEO-H503RB, NUCLEO-H533RE, NUCLEO-H563ZI, NUCLEO-H7S3L8, NUCLEO-N657X0-Q, NUCLEO-U031R8, NUCLEO-U083RC, NUCLEO-U385RG-Q, NUCLEO-U545RE-Q, NUCLEO-U5A5ZJ-Q, NUCLEO-WB05KZ, NUCLEO-WB07CC, NUCLEO-WB09KE, NUCLEO-WBA52CG, NUCLEO-WBA55CG, NUCLEO-WL33CC1, NUCLEO-WL33CC2, STEVAL-PROTEUS1, STEVAL-SMARTAG2, STEVAL-STWINBX1, STM320518-EVAL, STM32C0116-DK, STM32C011D6Y3TR, STM32C011D6Y6TR, STM32C011F4P3, STM32C011F4P6, STM32C011F4U3, STM32C011F4U6TR, STM32C011F6P3, STM32C011F6P6, STM32C011F6U3, STM32C011F6U6TR, STM32C011J4M3, STM32C011J4M6, STM32C011J6M3, STM32C011J6M6, STM32C0316-DK, STM32C031C4T3, STM32C031C4T6, STM32C031C4U3, STM32C031C4U6, STM32C031C6T3, STM32C031C6T6, STM32C031C6U3, STM32C031C6U6, STM32C031F4P3, STM32C031F4P6, STM32C031F6P3, STM32C031F6P6, STM32C031G4U3, STM32C031G4U6, STM32C031G6U3, STM32C031G6U6, STM32C031K4T3, STM32C031K4T6, STM32C031K4U3, STM32C031K4U6, STM32C031K6T3, STM32C031K6T6, STM32C031K6U3, STM32C031K6U6, STM32C051C6T6, STM32C051C6U6, STM32C051C8T6, STM32C051C8U6, STM32C051D8Y6TR, STM32C051F6P6, STM32C051F8P6, STM32C051G6U6, STM32C051G8U6, STM32C051K6T6, STM32C051K6U6, STM32C051K8T6, STM32C071C8T6, STM32C071C8T6N, STM32C071C8U6, STM32C071C8U6N, STM32C071CBT6, STM32C071CBT6N, STM32C071CBU6, STM32C071CBU6N, STM32C071F8P6, STM32C071F8P6N, STM32C071FBP6, STM32C071FBP6N, STM32C071FBY6TR, STM32C071G8U6, STM32C071G8U6N, STM32C071GBU6, STM32C071GBU6N, STM32C071K8T6, STM32C071K8T6N, STM32C071K8U6, STM32C071K8U6N, STM32C071KBT6, STM32C071KBT6N, STM32C071KBU6, STM32C071KBU6N, STM32C071R8T6, STM32C071R8T6N, STM32C071RBI6N, STM32C071RBT6, STM32C071RBT6N, STM32C091CBT6, STM32C091CBU6, STM32C091CCT6, STM32C091CCU6, STM32C091ECY6TR, STM32C091FBP6, STM32C091FCP6, STM32C091GBU6, STM32C091GCU6, STM32C091KBT6, STM32C091KBU6, STM32C091KCT6, STM32C091KCU6, STM32C091RBT6, STM32C091RCI6, STM32C091RCT6, STM32C092CBT6, STM32C092CBU6, STM32C092CCT6, STM32C092CCU6, STM32C092ECY6TR, STM32C092FBP6, STM32C092FCP6, STM32C092GBU6, STM32C092GCU6, STM32C092KBT6, STM32C092KBU6, STM32C092KCT6, STM32C092KCU6, STM32C092RBT6, STM32C092RCI6, STM32C092RCT6, STM32G071K8TXN, STM32G071K8UXN, STM32G081GBU6N, STM32G081KBT6N, STM32G081KBUXN, STM32G0B1CCT6N, STM32G0B1KCT6, STM32G0B1NEY6TR, STM32G0B1RCT6N, STM32G0C1CCT6, STM32G0C1CCT6N, STM32G0C1CCU6N, STM32G0C1CET6N, STM32G0C1CEU6N, STM32G0C1KCT6, STM32G0C1NEY6TR, STM32G0C1RCI6N, STM32G0C1RCT6N, STM32G0C1REI6N, STM32G0C1RET6N, STM32G0C1VCI6, STM32G0C1VEI6, STM32G411C6T3, STM32G411C6T6, STM32G411C6U3, STM32G411C6U6, STM32G411C8T3, STM32G411C8T6, STM32G411C8U3, STM32G411C8U6, STM32G411CBT3, STM32G411CBT6, STM32G411CBU3, STM32G411CBU6, STM32G411CCT3, STM32G411CCT6, STM32G411CCU3, STM32G411CCU6, STM32G411K6T3, STM32G411K6T6, STM32G411K6U3, STM32G411K6U6, STM32G411K8T3, STM32G411K8T6, STM32G411K8U3, STM32G411K8U6, STM32G411KBT3, STM32G411KBT6, STM32G411KBU3, STM32G411KBU6, STM32G411M6T3, STM32G411M6T6, STM32G411M8T3, STM32G411M8T6, STM32G411MBT3, STM32G411MBT6, STM32G411MCT3, STM32G411MCT6, STM32G411R6T3, STM32G411R6T6, STM32G411R8T3, STM32G411R8T6, STM32G411RBT3, STM32G411RBT6, STM32G411RCT3, STM32G411RCT6, STM32G414CBT3, STM32G414CBT6, STM32G414CBU3, STM32G414CBU6, STM32G414CCT3, STM32G414CCT6, STM32G414CCU3, STM32G414CCU6, STM32G414MBT3, STM32G414MBT6, STM32G414MCT3, STM32G414MCT6, STM32G414RBT3, STM32G414RBT6, STM32G414RCT3, STM32G414RCT6, STM32G414VBT3, STM32G414VBT6, STM32G414VCT3, STM32G414VCT6, STM32G431CBT3Z, STM32G431RBT3Z, STM32G471CCT6, STM32G471CCU6, STM32G471CET3, STM32G471CET6, STM32G471CEU3, STM32G471CEU6, STM32G471MCT6, STM32G471MET3, STM32G471MET6, STM32G471MEY6TR, STM32G471QCT6, STM32G471QET3, STM32G471RCT6, STM32G471RET3, STM32G471RET6, STM32G471VCH6, STM32G471VCI6, STM32G471VCT6, STM32G471VEH3, STM32G471VEH6, STM32G471VEI3, STM32G471VEI6, STM32G471VET3, STM32G471VET6, STM32G473QET3Z, STM32G473RET3Z, STM32G474CCT6, STM32G491RET3Z, STM32H503CBT6, STM32H503CBU6, STM32H503EBY6TR, STM32H503KBU6, STM32H503RBT6, STM32H523CCT6, STM32H523CCU6, STM32H523CET6, STM32H523CEU6, STM32H523HEY6TR, STM32H523RCT6, STM32H523RET6, STM32H523VCI6, STM32H523VCT6, STM32H523VEI6, STM32H523VET6, STM32H523ZCJ6, STM32H523ZCT6, STM32H523ZEJ6, STM32H523ZET6, STM32H533CET6, STM32H533CEU6, STM32H533HEY6TR, STM32H533RET6, STM32H533VEI6, STM32H533VET6, STM32H533ZEJ6, STM32H533ZET6, STM32H562AGI6, STM32H562AII6, STM32H562IGK6, STM32H562IGT6, STM32H562IIK6, STM32H562IIT6, STM32H562RGT6, STM32H562RGV6, STM32H562RIT6, STM32H562RIV6, STM32H562VGT6, STM32H562VIT6, STM32H562ZGT6, STM32H562ZIT6, STM32H563AGI6, STM32H563AII3Q, STM32H563AII6, STM32H563IGK6, STM32H563IGT6, STM32H563IIK3Q, STM32H563IIK6, STM32H563IIT3Q, STM32H563IIT6, STM32H563MIY3QTR, STM32H563RGT6, STM32H563RGV6, STM32H563RIT6, STM32H563RIV6, STM32H563VGT6, STM32H563VIT3Q, STM32H563VIT6, STM32H563ZGT6, STM32H563ZIT3Q, STM32H563ZIT6, STM32H573AII3Q, STM32H573AII6, STM32H573I-DK, STM32H573IIK3Q, STM32H573IIK6, STM32H573IIT3Q, STM32H573IIT6, STM32H573MIY3QTR, STM32H573RIT6, STM32H573RIV6, STM32H573VIT3Q, STM32H573VIT6, STM32H573ZIT3Q, STM32H573ZIT6, STM32H7R3A8I6, STM32H7R3I8K6, STM32H7R3I8T6, STM32H7R3L8H6, STM32H7R3L8H6H, STM32H7R3R8V6, STM32H7R3V8H6, STM32H7R3V8T6, STM32H7R3V8Y6TR, STM32H7R3Z8J6, STM32H7R3Z8T6, STM32H7R7A8I6, STM32H7R7I8K6, STM32H7R7I8T6, STM32H7R7L8H6, STM32H7R7L8H6H, STM32H7R7Z8J6, STM32H7S3A8I6, STM32H7S3I8K6, STM32H7S3I8T6, STM32H7S3L8H6, STM32H7S3L8H6H, STM32H7S3R8V6, STM32H7S3V8H6, STM32H7S3V8T6, STM32H7S3V8Y6TR, STM32H7S3Z8J6, STM32H7S3Z8T6, STM32H7S78-DK, STM32H7S7A8I6, STM32H7S7I8K6, STM32H7S7I8T6, STM32H7S7L8H6, STM32H7S7L8H6H, STM32H7S7Z8J6, STM32L4R5QGI6STR, STM32MP131AAE3, STM32MP131AAF3, STM32MP131AAG3, STM32MP131CAE3, STM32MP131CAF3, STM32MP131CAG3, STM32MP131DAE7, STM32MP131DAF7, STM32MP131DAG7, STM32MP131FAE7, STM32MP131FAF7, STM32MP131FAG7, STM32MP133AAE3, STM32MP133AAF3, STM32MP133AAG3, STM32MP133CAE3, STM32MP133CAF3, STM32MP133CAG3, STM32MP133DAE7, STM32MP133DAF7, STM32MP133DAG7, STM32MP133FAE7, STM32MP133FAF7, STM32MP133FAG7, STM32MP135AAE3, STM32MP135AAF3, STM32MP135AAG3, STM32MP135CAE3, STM32MP135CAF3, STM32MP135CAG3, STM32MP135DAE7, STM32MP135DAF7, STM32MP135DAG7, STM32MP135F-DK, STM32MP135FAE7, STM32MP135FAF7, STM32MP135FAF7T, STM32MP135FAF7U, STM32MP135FAG7, STM32MP231AAJ3, STM32MP231AAK3, STM32MP231AAL3, STM32MP231CAJ3, STM32MP231CAK3, STM32MP231CAL3, STM32MP231DAJ3, STM32MP231DAK3, STM32MP231DAL3, STM32MP231FAJ3, STM32MP231FAK3, STM32MP231FAL3, STM32MP233AAJ3, STM32MP233AAK3, STM32MP233AAL3, STM32MP233CAJ3, STM32MP233CAK3, STM32MP233CAL3, STM32MP233DAJ3, STM32MP233DAK3, STM32MP233DAL3, STM32MP233FAJ3, STM32MP233FAK3, STM32MP233FAL3, STM32MP235AAJ3, STM32MP235AAK3, STM32MP235AAL3, STM32MP235CAJ3, STM32MP235CAK3, STM32MP235CAL3, STM32MP235DAJ3, STM32MP235DAK3, STM32MP235DAL3, STM32MP235FAJ3, STM32MP235FAK3, STM32MP235FAL3, STM32MP251AAI3, STM32MP251AAJ3, STM32MP251AAK3, STM32MP251AAL3, STM32MP251CAI3, STM32MP251CAJ3, STM32MP251CAK3, STM32MP251CAL3, STM32MP251DAI3, STM32MP251DAJ3, STM32MP251DAK3, STM32MP251DAL3, STM32MP251FAI3, STM32MP251FAJ3, STM32MP251FAK3, STM32MP251FAL3, STM32MP253AAI3, STM32MP253AAJ3, STM32MP253AAK3, STM32MP253AAL3, STM32MP253CAI3, STM32MP253CAJ3, STM32MP253CAK3, STM32MP253CAL3, STM32MP253DAI3, STM32MP253DAJ3, STM32MP253DAK3, STM32MP253DAL3, STM32MP253FAI3, STM32MP253FAJ3, STM32MP253FAK3, STM32MP253FAL3, STM32MP255AAI3, STM32MP255AAJ3, STM32MP255AAK3, STM32MP255AAL3, STM32MP255CAI3, STM32MP255CAJ3, STM32MP255CAK3, STM32MP255CAL3, STM32MP255DAI3, STM32MP255DAJ3, STM32MP255DAK3, STM32MP255DAL3, STM32MP255FAI3, STM32MP255FAJ3, STM32MP255FAK3, STM32MP255FAL3, STM32MP257AAI3, STM32MP257AAJ3, STM32MP257AAK3, STM32MP257AAL3, STM32MP257CAI3, STM32MP257CAJ3, STM32MP257CAK3, STM32MP257CAL3, STM32MP257DAI3, STM32MP257DAJ3, STM32MP257DAK3, STM32MP257DAL3, STM32MP257F-DK, STM32MP257F-EV1, STM32MP257FAI3, STM32MP257FAJ3, STM32MP257FAK3, STM32MP257FAL3, STM32N645A0H3Q, STM32N645B0H3Q, STM32N645I0H3Q, STM32N645L0H3Q, STM32N645X0H3Q, STM32N645Z0H3Q, STM32N647A0H3Q, STM32N647B0H3Q, STM32N647I0H3Q, STM32N647L0H3Q, STM32N647X0H3Q, STM32N647Z0H3Q, STM32N655A0H3Q, STM32N655B0H3Q, STM32N655I0H3Q, STM32N655L0H3Q, STM32N655X0H3Q, STM32N655Z0H3Q, STM32N6570-DK, STM32N657A0H3Q, STM32N657B0H3Q, STM32N657I0H3Q, STM32N657L0H3Q, STM32N657X0H3Q, STM32N657Z0H3Q, STM32U031C6T6, STM32U031C6U6, STM32U031C8T6, STM32U031C8U6, STM32U031F4P6, STM32U031F6P6, STM32U031F8P6, STM32U031G6Y6TR, STM32U031G8Y6TR, STM32U031K4U6, STM32U031K6U6, STM32U031K8U6, STM32U031R6I6, STM32U031R6T6, STM32U031R8I6, STM32U031R8T6, STM32U073C8T6, STM32U073C8U6, STM32U073CBT6, STM32U073CBU6, STM32U073CCT6, STM32U073CCU6, STM32U073H8Y6TR, STM32U073HBY6TR, STM32U073HCY6TR, STM32U073K8U6, STM32U073KBU6, STM32U073KCU6, STM32U073M8I6, STM32U073M8T6, STM32U073MBI6, STM32U073MBT6, STM32U073MCI6, STM32U073MCT6, STM32U073R8I6, STM32U073R8T6, STM32U073RBI6, STM32U073RBT6, STM32U073RCI6, STM32U073RCT6, STM32U083C-DK, STM32U083CCT6, STM32U083CCU6, STM32U083HCY6TR, STM32U083KCU6, STM32U083MCI6, STM32U083MCT6, STM32U083RCI6, STM32U083RCT6, STM32U375CET6, STM32U375CET6Q, STM32U375CEU6, STM32U375CEU6Q, STM32U375CEY6QTR, STM32U375CGT6, STM32U375CGT6Q, STM32U375CGU6, STM32U375CGU6Q, STM32U375CGY6QTR, STM32U375KEU6, STM32U375KGU6, STM32U375REI6, STM32U375REI6Q, STM32U375RET6, STM32U375RET6Q, STM32U375REY6GTR, STM32U375REY6QTR, STM32U375RGI6, STM32U375RGI6Q, STM32U375RGT6, STM32U375RGT6Q, STM32U375RGY6GTR, STM32U375RGY6QTR, STM32U375VEI6, STM32U375VEI6Q, STM32U375VET6, STM32U375VET6Q, STM32U375VGI6, STM32U375VGI6Q, STM32U375VGT6, STM32U375VGT6Q, STM32U385CGT6, STM32U385CGT6Q, STM32U385CGU6, STM32U385CGU6Q, STM32U385CGY6QTR, STM32U385KGU6, STM32U385RGI6, STM32U385RGI6Q, STM32U385RGT6, STM32U385RGT6Q, STM32U385RGY6GTR, STM32U385RGY6QTR, STM32U385VGI6, STM32U385VGI6Q, STM32U385VGT6, STM32U385VGT6Q, STM32U535CBT6, STM32U535CBT6Q, STM32U535CBU6, STM32U535CBU6Q, STM32U535CCT6, STM32U535CCT6Q, STM32U535CCU6, STM32U535CCU6Q, STM32U535CET6, STM32U535CET6Q, STM32U535CEU6, STM32U535CEU6Q, STM32U535JEY6QTR, STM32U535NCY6QTR, STM32U535NEY6QTR, STM32U535RBI6, STM32U535RBI6Q, STM32U535RBT6, STM32U535RBT6Q, STM32U535RCI6, STM32U535RCI6Q, STM32U535RCT6, STM32U535RCT6Q, STM32U535REI6, STM32U535REI6Q, STM32U535RET6, STM32U535RET6Q, STM32U535VCI6, STM32U535VCI6Q, STM32U535VCT6, STM32U535VCT6Q, STM32U535VEI6, STM32U535VEI6Q, STM32U535VET6, STM32U535VET6Q, STM32U545CET6, STM32U545CET6Q, STM32U545CEU6, STM32U545CEU6Q, STM32U545JEY6QTR, STM32U545NEY6QTR, STM32U545REI6, STM32U545REI6Q, STM32U545RET6, STM32U545RET6Q, STM32U545VEI6, STM32U545VEI6Q, STM32U545VET6, STM32U545VET6Q, STM32U595AIH6, STM32U595AIH6Q, STM32U595AJH6, STM32U595AJH6Q, STM32U595QII6, STM32U595QII6Q, STM32U595QJI6, STM32U595QJI6Q, STM32U595RIT6, STM32U595RIT6Q, STM32U595RJT6, STM32U595RJT6Q, STM32U595VIT6, STM32U595VIT6Q, STM32U595VJT6, STM32U595VJT6Q, STM32U595ZIT6, STM32U595ZIT6Q, STM32U595ZIY6QTR, STM32U595ZJT6, STM32U595ZJT6Q, STM32U595ZJY6QTR, STM32U599BJY6QTR, STM32U599NIH6Q, STM32U599NJH6Q, STM32U599VIT6Q, STM32U599VJT6, STM32U599VJT6Q, STM32U599ZIT6Q, STM32U599ZIY6QTR, STM32U599ZJT6Q, STM32U599ZJY6QTR, STM32U5A5AJH6, STM32U5A5AJH6Q, STM32U5A5QII3Q , STM32U5A5QJI6, STM32U5A5QJI6Q, STM32U5A5RJT6, STM32U5A5RJT6Q, STM32U5A5VJT6, STM32U5A5VJT6Q, STM32U5A5ZJT6, STM32U5A5ZJT6Q, STM32U5A5ZJY6QTR, STM32U5A9BJY6QTR, STM32U5A9J-DK, STM32U5A9NJH6Q, STM32U5A9VJT6Q, STM32U5A9ZJT6Q, STM32U5A9ZJY6QTR, STM32U5F7VIT6, STM32U5F7VIT6Q, STM32U5F7VJT6, STM32U5F7VJT6Q, STM32U5F9BJY6QTR, STM32U5F9NJH6Q, STM32U5F9VIT6Q, STM32U5F9VJT6Q, STM32U5F9ZIJ6QTR, STM32U5F9ZIT6Q, STM32U5F9ZJJ6QTR, STM32U5F9ZJT6Q, STM32U5G7VJT6, STM32U5G7VJT6Q, STM32U5G9BJY6QTR, STM32U5G9J-DK1, STM32U5G9J-DK2, STM32U5G9NJH6Q, STM32U5G9VJT6Q, STM32U5G9ZJJ6QTR, STM32U5G9ZJT6Q, STM32WB05KZV6TR, STM32WB05KZV7TR, STM32WB05TZF6TR, STM32WB05TZF7TR, STM32WB06CCF6TR, STM32WB06CCF7TR, STM32WB06CCV6TR, STM32WB06CCV7TR, STM32WB06KCV6TR, STM32WB06KCV7TR, STM32WB07CCF6TR, STM32WB07CCF7TR, STM32WB07CCV6TR, STM32WB07CCV7TR, STM32WB07KCV6TR, STM32WB07KCV7TR, STM32WB09KEV6TR, STM32WB09KEV7TR, STM32WB09TEF6TR, STM32WB09TEF7TR, STM32WB1MMCH6, STM32WBA50KGU6, STM32WBA50KGU6TR, STM32WBA52CEU6, STM32WBA52CEU6TR, STM32WBA52CEU7, STM32WBA52CEU7TR, STM32WBA52CGU6, STM32WBA52CGU6TR, STM32WBA52CGU6U, STM32WBA52CGU7, STM32WBA52CGU7TR, STM32WBA52KEU6, STM32WBA52KEU6TR, STM32WBA52KGU6, STM32WBA52KGU6TR, STM32WBA54CEU6, STM32WBA54CEU6TR, STM32WBA54CEU7, STM32WBA54CEU7TR, STM32WBA54CGU6, STM32WBA54CGU6TR, STM32WBA54CGU7, STM32WBA54CGU7TR, STM32WBA54KEU6, STM32WBA54KEU6TR, STM32WBA54KEU7, STM32WBA54KEU7TR, STM32WBA54KGU6, STM32WBA54KGU6TR, STM32WBA54KGU7, STM32WBA54KGU7TR, STM32WBA55CEU6, STM32WBA55CEU6TR, STM32WBA55CEU7, STM32WBA55CEU7TR, STM32WBA55CGU6, STM32WBA55CGU6TR, STM32WBA55CGU6U, STM32WBA55CGU7, STM32WBA55CGU7TR, STM32WBA55G-DK1, STM32WBA55HEF6, STM32WBA55HEF7, STM32WBA55HGF6, STM32WBA55HGF7, STM32WBA55UEI6, STM32WBA55UEI6TR, STM32WBA55UEI7, STM32WBA55UEI7TR, STM32WBA55UGI6, STM32WBA55UGI6TR, STM32WBA55UGI7, STM32WBA55UGI7TR, STM32WBA5MJGH6TR, STM32WBA5MJGH6U, STM32WL33C8V6, STM32WL33C8V6TR, STM32WL33C8V7, STM32WL33C8V7TR, STM32WL33CBV6, STM32WL33CBV6TR, STM32WL33CBV7, STM32WL33CBV7TR, STM32WL33CCV6, STM32WL33CCV6TR, STM32WL33CCV7, STM32WL33CCV7A, STM32WL33CCV7ATR, STM32WL33CCV7TR, STM32WL33K8V6, STM32WL33K8V6TR, STM32WL33K8V7, STM32WL33K8V7TR, STM32WL33KBV6, STM32WL33KBV6TR, STM32WL33KBV7, STM32WL33KBV7TR, STM32WL33KCV6, STM32WL33KCV6TR, STM32WL33KCV7, STM32WL33KCV7TR, STM32WL5MOCH6, STM32WL5MOCH6TR]
2025-04-12 08:43:08,627 [WARN] PackLoader:240 - Cannot read IP mode file for STMicroelectronics.FP-SNS-MOTENVWB1.1.4.0
2025-04-12 08:43:08,653 [WARN] PackLoader:240 - Cannot read IP mode file for STMicroelectronics.FP-ATR-ASTRA1.2.0.2
2025-04-12 08:43:08,679 [WARN] PackLoader:240 - Cannot read IP mode file for STMicroelectronics.X-CUBE-SMBUS.2.1.0
2025-04-12 08:43:08,708 [WARN] PackLoader:240 - Cannot read IP mode file for STMicroelectronics.X-CUBE-WB05N.1.1.0
2025-04-12 08:43:08,787 [INFO] BoardInfo:889 - No configuration file found for board NUCLEO-WBA65RI
2025-04-12 08:43:08,796 [INFO] DbBoards:161 - Board is not supported: NUCLEO-WBA65RI
2025-04-12 08:43:08,848 [WARN] PackLoader:240 - Cannot read IP mode file for STMicroelectronics.X-CUBE-AZRTOS-F7.1.1.0
2025-04-12 08:43:08,864 [INFO] BoardInfo:889 - No configuration file found for board P-NUCLEO-WB55
2025-04-12 08:43:08,871 [INFO] DbBoards:161 - Kit is not supported: P-NUCLEO-WB55
2025-04-12 08:43:08,876 [WARN] PackLoader:240 - Cannot read IP mode file for STMicroelectronics.FP-SNS-FLIGHT1.5.0.2
2025-04-12 08:43:08,908 [INFO] BoardInfo:889 - No configuration file found for board STEVAL-BFA001V1B
2025-04-12 08:43:08,915 [INFO] DbBoards:161 - Kit is not supported: STEVAL-BFA001V1B
2025-04-12 08:43:08,919 [INFO] BoardInfo:889 - No configuration file found for board STEVAL-BFA001V2B
2025-04-12 08:43:08,925 [INFO] DbBoards:161 - Kit is not supported: STEVAL-BFA001V2B
2025-04-12 08:43:09,022 [WARN] PackLoader:240 - Cannot read IP mode file for Infineon.AIROC-Wi-Fi-Bluetooth-STM32.1.7.0
2025-04-12 08:43:09,070 [WARN] PackLoader:240 - Cannot read IP mode file for STMicroelectronics.X-CUBE-DISPLAY.3.0.0
2025-04-12 08:43:09,100 [WARN] PackLoader:240 - Cannot read IP mode file for STMicroelectronics.X-CUBE-BLE1.7.0.0
2025-04-12 08:43:09,120 [WARN] PackLoader:240 - Cannot read IP mode file for STMicroelectronics.X-CUBE-NFC10.1.0.0
2025-04-12 08:43:09,155 [WARN] PackLoader:240 - Cannot read IP mode file for STMicroelectronics.X-CUBE-BLEMGR.4.0.0
2025-04-12 08:43:09,177 [WARN] PackLoader:240 - Cannot read IP mode file for emotas.I-CUBE-CANOPEN.1.3.0
2025-04-12 08:43:09,187 [WARN] PackLoader:240 - Cannot read IP mode file for STMicroelectronics.X-CUBE-AI.10.0.0
2025-04-12 08:43:09,197 [WARN] PackLoader:240 - Cannot read IP mode file for STMicroelectronics.FP-SNS-SMARTAG2.1.2.0
2025-04-12 08:43:09,205 [WARN] PackLoader:240 - Cannot read IP mode file for STMicroelectronics.FP-SNS-FLIGHT1.5.1.0
2025-04-12 08:43:09,342 [WARN] PackLoader:240 - Cannot read IP mode file for STMicroelectronics.X-CUBE-MEMS1.11.1.0
2025-04-12 08:43:09,751 [INFO] LogOutputStream:77 - [STDOUT_REDIRECT] 1 : Invalid condition id : UX_CORESTACK_Condition cause : null
2025-04-12 08:43:09,752 [INFO] LogOutputStream:77 - [STDOUT_REDIRECT] 1 : Invalid condition id : UX_CORESTACK_Condition cause : null
2025-04-12 08:43:09,755 [INFO] LogOutputStream:77 - [STDOUT_REDIRECT] 1 : Invalid condition id : UX_CORESTACK_Condition cause : null
2025-04-12 08:43:09,758 [INFO] LogOutputStream:77 - [STDOUT_REDIRECT] 1 : Invalid condition id : UX_CORESTACK_Condition cause : null
2025-04-12 08:43:09,761 [INFO] LogOutputStream:77 - [STDOUT_REDIRECT] 1 : Invalid condition id : UX_CORESTACK_Condition cause : null
2025-04-12 08:43:09,768 [WARN] PackLoader:240 - Cannot read IP mode file for STMicroelectronics.X-CUBE-AZRTOS-WL.2.0.0
2025-04-12 08:43:09,780 [WARN] PackLoader:240 - Cannot read IP mode file for STMicroelectronics.FP-SNS-MOTENV1.5.0.0
2025-04-12 08:43:09,797 [WARN] PackLoader:240 - Cannot read IP mode file for WES.I-CUBE-Cesium.1.3.0
2025-04-12 08:43:09,807 [WARN] PackLoader:240 - Cannot read IP mode file for STMicroelectronics.X-CUBE-BLE2.3.3.0
2025-04-12 08:43:09,820 [WARN] PackLoader:240 - Cannot read IP mode file for STMicroelectronics.X-CUBE-NFC9.1.0.0
2025-04-12 08:43:09,832 [WARN] PackLoader:240 - Cannot read IP mode file for STMicroelectronics.X-CUBE-BLE1.7.1.0
2025-04-12 08:43:09,840 [WARN] PackLoader:240 - Cannot read IP mode file for wolfSSL.I-CUBE-wolfMQTT.1.19.2
2025-04-12 08:43:09,873 [WARN] PackLoader:240 - Cannot read IP mode file for STMicroelectronics.X-CUBE-AZRTOS-G0.1.1.0
2025-04-12 08:43:09,889 [WARN] PackLoader:240 - Cannot read IP mode file for STMicroelectronics.X-CUBE-SAFEA1.1.2.2
2025-04-12 08:43:09,900 [WARN] PackLoader:240 - Cannot read IP mode file for STMicroelectronics.X-CUBE-NFC4.3.0.0
2025-04-12 08:43:09,918 [WARN] PackLoader:240 - Cannot read IP mode file for EmbeddedOffice.I-CUBE-FS-RTOS.1.0.1
2025-04-12 08:43:09,922 [INFO] BoardInfo:889 - No configuration file found for board STM32WBA65I-DK1
2025-04-12 08:43:09,926 [WARN] PackLoader:240 - Cannot read IP mode file for wolfSSL.I-CUBE-wolfTPM.3.8.0
2025-04-12 08:43:09,927 [INFO] DbBoards:161 - Board is not supported: STM32WBA65I-DK1
2025-04-12 08:43:09,928 [INFO] DbBoards:168 - Found 211 boards, 206 are supported
2025-04-12 08:43:09,928 [INFO] DbBoards:169 - Found 211 boards, 42 of them is supported for  Bsp
2025-04-12 08:43:09,936 [WARN] PackLoader:240 - Cannot read IP mode file for STMicroelectronics.X-CUBE-TCPP.4.2.0
2025-04-12 08:43:09,939 [INFO] ApiDb:668 - CubeFinder database Data Model version=2.1
2025-04-12 08:43:09,939 [INFO] ApiDb:669 - CubeFinder database Configuration version=3.0.39
2025-04-12 08:43:09,939 [INFO] ApiDb:670 - CubeFinder database generation date=2025-03-24 (1742811287)
2025-04-12 08:43:09,939 [INFO] ApiDb:671 - CubeFinder database FW Pack versions=[FP-ATR-ASTRA1_V2.0.0, FP-SNS-FLIGHT1_V5.0.2, FP-SNS-MOTENV1_V5.0.0, FP-SNS-MOTENVWB1_V1.4.0, FP-SNS-SMARTAG2_V1.2.0, FP-SNS-STBOX1_V2.0.0, STM32Cube_FW_C0_V1.4.0, STM32Cube_FW_F4_V1.28.1, STM32Cube_FW_F7_V1.17.2, STM32Cube_FW_G0_V1.6.2, STM32Cube_FW_G4_V1.6.1, STM32Cube_FW_H5_V1.5.0, STM32Cube_FW_H7RS_V1.2.0, STM32Cube_FW_H7_V1.12.1, STM32Cube_FW_L0_V1.12.2, STM32Cube_FW_L4_V1.18.1, STM32Cube_FW_L5_V1.5.1, STM32Cube_FW_N6_V1.1.0, STM32Cube_FW_U0_V1.2.0, STM32Cube_FW_U3_V1.1.0, STM32Cube_FW_U5_V1.7.0, STM32Cube_FW_WB0_V1.2.0, STM32Cube_FW_WBA_V1.6.0, STM32Cube_FW_WB_V1.22.0, STM32Cube_FW_WL3_V1.1.0, STM32Cube_FW_WL_V1.3.1, X-CUBE-ALGOBUILD_V1.4.0, X-CUBE-ALS_V1.0.2, X-CUBE-AZRTOS-F4_V1.1.0, X-CUBE-AZRTOS-F7_V1.1.0, X-CUBE-AZRTOS-G0_V1.1.0, X-CUBE-AZRTOS-G4_V2.0.0, X-CUBE-AZRTOS-H7RS_V1.0.0, X-CUBE-AZRTOS-H7_V3.3.0, X-CUBE-AZRTOS-L4_V2.0.0, X-CUBE-AZRTOS-L5_V2.0.0, X-CUBE-AZRTOS-WB_V2.0.0, X-CUBE-AZRTOS-WL_V2.0.0, X-CUBE-BLE1_V7.1.0, X-CUBE-BLE2_V3.3.0, X-CUBE-BLEMGR_V4.0.0, X-CUBE-EEPRMA1_V5.1.0, X-CUBE-FREERTOS_V1.3.0, X-CUBE-GNSS1_V6.0.0, X-CUBE-MEMS1_V11.1.0, X-CUBE-NFC4_V3.0.0, X-CUBE-NFC7_V1.0.1, X-CUBE-SFXS2LP1_V4.0.0, X-CUBE-SUBG2_V5.0.0, X-CUBE-TOF1_V3.4.2]
2025-04-12 08:43:09,948 [WARN] PackLoader:240 - Cannot read IP mode file for RealThread.X-CUBE-RT-Thread_Nano.4.1.1
2025-04-12 08:43:09,956 [WARN] PackLoader:240 - Cannot read IP mode file for STMicroelectronics.FP-ATR-SIGFOX1.3.2.0
2025-04-12 08:43:09,963 [WARN] ConditionMgr:438 - getConditionDescription Invalid condition id : Cortex-A Device cause : null
2025-04-12 08:43:09,995 [WARN] ConditionMgr:1044 - genDependencies : Invalid condition id : Cortex-A Device cause : null
2025-04-12 08:43:09,995 [WARN] ConditionMgr:1044 - genDependencies : Invalid condition id : Cortex-A Device cause : null
2025-04-12 08:43:09,995 [WARN] ConditionMgr:1044 - genDependencies : Invalid condition id : Cortex-A Device cause : null
2025-04-12 08:43:10,007 [WARN] PackLoader:240 - Cannot read IP mode file for STMicroelectronics.X-CUBE-EEPRMA1.5.1.0
2025-04-12 08:43:10,017 [WARN] PackLoader:240 - Cannot read IP mode file for wolfSSL.I-CUBE-wolfSSL.5.7.6
2025-04-12 08:43:10,030 [WARN] PackLoader:240 - Cannot read IP mode file for ITTIA_DB.I-CUBE-ITTIADB.8.9.0
2025-04-12 08:43:10,095 [WARN] PackLoader:240 - Cannot read IP mode file for SEGGER.I-CUBE-embOS.1.3.1
2025-04-12 08:43:10,207 [WARN] PackLoader:240 - Cannot read IP mode file for STMicroelectronics.X-CUBE-ALGOBUILD.1.4.0
2025-04-12 08:43:10,249 [WARN] PackLoader:240 - Cannot read IP mode file for STMicroelectronics.X-CUBE-AZRTOS-F4.1.1.0
2025-04-12 08:43:10,262 [WARN] PackLoader:240 - Cannot read IP mode file for Avnet-IotConnect.X-CUBE-IoTC-DA16k-PMOD.1.0.0
2025-04-12 08:43:10,270 [WARN] PackLoader:240 - Cannot read IP mode file for STMicroelectronics.X-CUBE-ISPU.2.1.0
2025-04-12 08:43:10,308 [WARN] PackLoader:240 - Cannot read IP mode file for STMicroelectronics.X-CUBE-AZRTOS-L5.2.0.0
2025-04-12 08:43:10,329 [WARN] PackLoader:240 - Cannot read IP mode file for STMicroelectronics.X-CUBE-NFC6.3.1.0
2025-04-12 08:43:10,345 [WARN] PackLoader:240 - Cannot read IP mode file for STMicroelectronics.X-CUBE-DPower.1.2.0
2025-04-12 08:43:10,372 [WARN] PackLoader:240 - Cannot read IP mode file for STMicroelectronics.X-CUBE-FREERTOS.1.3.0
2025-04-12 08:43:10,385 [WARN] PackLoader:240 - Cannot read IP mode file for STMicroelectronics.X-CUBE-NFC7.1.0.1
2025-04-12 08:43:10,394 [WARN] PackLoader:240 - Cannot read IP mode file for STMicroelectronics.X-CUBE-DPower.1.3.0
2025-04-12 08:43:10,433 [WARN] ConditionMgr:438 - getConditionDescription Invalid condition id : LAN8742 Phy interface Condition cause : null
2025-04-12 08:43:10,434 [WARN] PackLoader:240 - Cannot read IP mode file for STMicroelectronics.X-CUBE-AZRTOS-L4.2.0.0
2025-04-12 08:43:10,437 [WARN] ConditionMgr:1044 - genDependencies : Invalid condition id : LAN8742 Phy interface Condition cause : null
2025-04-12 08:43:10,438 [WARN] ConditionMgr:1044 - genDependencies : Invalid condition id : LAN8742 Phy interface Condition cause : null
2025-04-12 08:43:10,439 [WARN] ConditionMgr:1044 - genDependencies : Invalid condition id : LAN8742 Phy interface Condition cause : null
2025-04-12 08:43:10,453 [WARN] PackLoader:240 - Cannot read IP mode file for STMicroelectronics.X-CUBE-SFXS2LP1.4.0.0
2025-04-12 08:43:10,498 [WARN] PackLoader:240 - Cannot read IP mode file for STMicroelectronics.X-CUBE-AZRTOS-H7.3.3.0
2025-04-12 08:43:10,531 [WARN] ConditionMgr:438 - getConditionDescription Invalid condition id : UX DEVICE CLASS RTOS Condition cause : null
2025-04-12 08:43:10,531 [WARN] ConditionMgr:438 - getConditionDescription Invalid condition id : UX DEVICE CLASS RTOS Condition cause : null
2025-04-12 08:43:10,535 [WARN] PackLoader:240 - Cannot read IP mode file for STMicroelectronics.X-CUBE-AZRTOS-WB.2.0.0
2025-04-12 08:43:10,535 [WARN] ConditionMgr:1044 - genDependencies : Invalid condition id : UX DEVICE CLASS RTOS Condition cause : null
2025-04-12 08:43:10,536 [WARN] ConditionMgr:1044 - genDependencies : Invalid condition id : UX DEVICE CLASS RTOS Condition cause : null
2025-04-12 08:43:10,537 [WARN] ConditionMgr:1044 - genDependencies : Invalid condition id : UX DEVICE CLASS RTOS Condition cause : null
2025-04-12 08:43:10,538 [WARN] ConditionMgr:1044 - genDependencies : Invalid condition id : UX DEVICE CLASS RTOS Condition cause : null
2025-04-12 08:43:10,538 [WARN] ConditionMgr:1044 - genDependencies : Invalid condition id : UX DEVICE CLASS RTOS Condition cause : null
2025-04-12 08:43:10,549 [WARN] PackLoader:240 - Cannot read IP mode file for STMicroelectronics.X-CUBE-GNSS1.7.0.1
2025-04-12 08:43:10,569 [WARN] PackLoader:240 - Cannot read IP mode file for STMicroelectronics.X-CUBE-TOUCHGFX.4.25.0
2025-04-12 08:43:10,583 [WARN] PackLoader:240 - Cannot read IP mode file for STMicroelectronics.FP-SNS-STBOX1.2.0.0
2025-04-12 08:43:10,608 [WARN] PackLoader:240 - Cannot read IP mode file for STMicroelectronics.X-CUBE-SUBG2.5.0.0
2025-04-12 08:43:10,654 [WARN] PackLoader:240 - Cannot read IP mode file for STMicroelectronics.X-CUBE-AZRTOS-H7RS.1.1.0
2025-04-12 08:43:10,664 [WARN] PackLoader:240 - Cannot read IP mode file for Cesanta.I-CUBE-Mongoose.7.13.0
2025-04-12 08:43:10,685 [WARN] PackLoader:240 - Cannot read IP mode file for STMicroelectronics.X-CUBE-AZRTOS-G4.2.0.0
2025-04-12 08:43:10,706 [WARN] PackLoader:240 - Cannot read IP mode file for wolfSSL.I-CUBE-wolfSSH.1.4.20
2025-04-12 08:43:10,727 [WARN] PackLoader:240 - Cannot read IP mode file for STMicroelectronics.X-CUBE-IPS.3.1.0
2025-04-12 08:43:10,739 [WARN] PackLoader:240 - Cannot read IP mode file for STMicroelectronics.X-CUBE-ALS.1.0.2
2025-04-12 08:43:10,744 [WARN] PackLoader:240 - Cannot read IP mode file for STMicroelectronics.X-CUBE-TOUCHGFX.4.24.2
2025-04-12 08:43:10,751 [WARN] PackLoader:240 - Cannot read IP mode file for portGmbH.I-Cube-SoM-uGOAL.1.1.0
2025-04-12 08:43:10,790 [WARN] PackLoader:240 - Cannot read IP mode file for STMicroelectronics.X-CUBE-AZRTOS-H7RS.1.0.0
2025-04-12 08:43:10,807 [WARN] PackLoader:240 - Cannot read IP mode file for STMicroelectronics.X-CUBE-TOF1.3.4.2
2025-04-12 08:43:10,825 [INFO] ThirdParty:978 - Integrity check success = true
2025-04-12 08:43:10,825 [INFO] IntegrityCheckThread:100 - exiting critical section [integrity check]
2025-04-12 08:43:10,825 [INFO] IntegrityCheckThread:103 - End integrity checks thread
2025-04-12 08:43:13,229 [INFO] ApiDb:240 - Found 858 in-development CPN: [B-G473E-ZEST1S, B-WB1M-WPAN1, B-WBA5M-WPAN, B-WL5M-SUBG1, NUCLEO-C031C6, NUCLEO-C051C8, NUCLEO-C071RB, NUCLEO-C092RC, NUCLEO-H503RB, NUCLEO-H533RE, NUCLEO-H563ZI, NUCLEO-H7S3L8, NUCLEO-N657X0-Q, NUCLEO-U031R8, NUCLEO-U083RC, NUCLEO-U385RG-Q, NUCLEO-U545RE-Q, NUCLEO-U5A5ZJ-Q, NUCLEO-WB05KZ, NUCLEO-WB07CC, NUCLEO-WB09KE, NUCLEO-WBA52CG, NUCLEO-WBA55CG, NUCLEO-WL33CC1, NUCLEO-WL33CC2, STEVAL-PROTEUS1, STEVAL-SMARTAG2, STEVAL-STWINBX1, STM320518-EVAL, STM32C0116-DK, STM32C011D6Y3TR, STM32C011D6Y6TR, STM32C011F4P3, STM32C011F4P6, STM32C011F4U3, STM32C011F4U6TR, STM32C011F6P3, STM32C011F6P6, STM32C011F6U3, STM32C011F6U6TR, STM32C011J4M3, STM32C011J4M6, STM32C011J6M3, STM32C011J6M6, STM32C0316-DK, STM32C031C4T3, STM32C031C4T6, STM32C031C4U3, STM32C031C4U6, STM32C031C6T3, STM32C031C6T6, STM32C031C6U3, STM32C031C6U6, STM32C031F4P3, STM32C031F4P6, STM32C031F6P3, STM32C031F6P6, STM32C031G4U3, STM32C031G4U6, STM32C031G6U3, STM32C031G6U6, STM32C031K4T3, STM32C031K4T6, STM32C031K4U3, STM32C031K4U6, STM32C031K6T3, STM32C031K6T6, STM32C031K6U3, STM32C031K6U6, STM32C051C6T6, STM32C051C6U6, STM32C051C8T6, STM32C051C8U6, STM32C051D8Y6TR, STM32C051F6P6, STM32C051F8P6, STM32C051G6U6, STM32C051G8U6, STM32C051K6T6, STM32C051K6U6, STM32C051K8T6, STM32C071C8T6, STM32C071C8T6N, STM32C071C8U6, STM32C071C8U6N, STM32C071CBT6, STM32C071CBT6N, STM32C071CBU6, STM32C071CBU6N, STM32C071F8P6, STM32C071F8P6N, STM32C071FBP6, STM32C071FBP6N, STM32C071FBY6TR, STM32C071G8U6, STM32C071G8U6N, STM32C071GBU6, STM32C071GBU6N, STM32C071K8T6, STM32C071K8T6N, STM32C071K8U6, STM32C071K8U6N, STM32C071KBT6, STM32C071KBT6N, STM32C071KBU6, STM32C071KBU6N, STM32C071R8T6, STM32C071R8T6N, STM32C071RBI6N, STM32C071RBT6, STM32C071RBT6N, STM32C091CBT6, STM32C091CBU6, STM32C091CCT6, STM32C091CCU6, STM32C091ECY6TR, STM32C091FBP6, STM32C091FCP6, STM32C091GBU6, STM32C091GCU6, STM32C091KBT6, STM32C091KBU6, STM32C091KCT6, STM32C091KCU6, STM32C091RBT6, STM32C091RCI6, STM32C091RCT6, STM32C092CBT6, STM32C092CBU6, STM32C092CCT6, STM32C092CCU6, STM32C092ECY6TR, STM32C092FBP6, STM32C092FCP6, STM32C092GBU6, STM32C092GCU6, STM32C092KBT6, STM32C092KBU6, STM32C092KCT6, STM32C092KCU6, STM32C092RBT6, STM32C092RCI6, STM32C092RCT6, STM32G071K8TXN, STM32G071K8UXN, STM32G081GBU6N, STM32G081KBT6N, STM32G081KBUXN, STM32G0B1CCT6N, STM32G0B1KCT6, STM32G0B1NEY6TR, STM32G0B1RCT6N, STM32G0C1CCT6, STM32G0C1CCT6N, STM32G0C1CCU6N, STM32G0C1CET6N, STM32G0C1CEU6N, STM32G0C1KCT6, STM32G0C1NEY6TR, STM32G0C1RCI6N, STM32G0C1RCT6N, STM32G0C1REI6N, STM32G0C1RET6N, STM32G0C1VCI6, STM32G0C1VEI6, STM32G411C6T3, STM32G411C6T6, STM32G411C6U3, STM32G411C6U6, STM32G411C8T3, STM32G411C8T6, STM32G411C8U3, STM32G411C8U6, STM32G411CBT3, STM32G411CBT6, STM32G411CBU3, STM32G411CBU6, STM32G411CCT3, STM32G411CCT6, STM32G411CCU3, STM32G411CCU6, STM32G411K6T3, STM32G411K6T6, STM32G411K6U3, STM32G411K6U6, STM32G411K8T3, STM32G411K8T6, STM32G411K8U3, STM32G411K8U6, STM32G411KBT3, STM32G411KBT6, STM32G411KBU3, STM32G411KBU6, STM32G411M6T3, STM32G411M6T6, STM32G411M8T3, STM32G411M8T6, STM32G411MBT3, STM32G411MBT6, STM32G411MCT3, STM32G411MCT6, STM32G411R6T3, STM32G411R6T6, STM32G411R8T3, STM32G411R8T6, STM32G411RBT3, STM32G411RBT6, STM32G411RCT3, STM32G411RCT6, STM32G414CBT3, STM32G414CBT6, STM32G414CBU3, STM32G414CBU6, STM32G414CCT3, STM32G414CCT6, STM32G414CCU3, STM32G414CCU6, STM32G414MBT3, STM32G414MBT6, STM32G414MCT3, STM32G414MCT6, STM32G414RBT3, STM32G414RBT6, STM32G414RCT3, STM32G414RCT6, STM32G414VBT3, STM32G414VBT6, STM32G414VCT3, STM32G414VCT6, STM32G431CBT3Z, STM32G431RBT3Z, STM32G471CCT6, STM32G471CCU6, STM32G471CET3, STM32G471CET6, STM32G471CEU3, STM32G471CEU6, STM32G471MCT6, STM32G471MET3, STM32G471MET6, STM32G471MEY6TR, STM32G471QCT6, STM32G471QET3, STM32G471RCT6, STM32G471RET3, STM32G471RET6, STM32G471VCH6, STM32G471VCI6, STM32G471VCT6, STM32G471VEH3, STM32G471VEH6, STM32G471VEI3, STM32G471VEI6, STM32G471VET3, STM32G471VET6, STM32G473QET3Z, STM32G473RET3Z, STM32G474CCT6, STM32G491RET3Z, STM32H503CBT6, STM32H503CBU6, STM32H503EBY6TR, STM32H503KBU6, STM32H503RBT6, STM32H523CCT6, STM32H523CCU6, STM32H523CET6, STM32H523CEU6, STM32H523HEY6TR, STM32H523RCT6, STM32H523RET6, STM32H523VCI6, STM32H523VCT6, STM32H523VEI6, STM32H523VET6, STM32H523ZCJ6, STM32H523ZCT6, STM32H523ZEJ6, STM32H523ZET6, STM32H533CET6, STM32H533CEU6, STM32H533HEY6TR, STM32H533RET6, STM32H533VEI6, STM32H533VET6, STM32H533ZEJ6, STM32H533ZET6, STM32H562AGI6, STM32H562AII6, STM32H562IGK6, STM32H562IGT6, STM32H562IIK6, STM32H562IIT6, STM32H562RGT6, STM32H562RGV6, STM32H562RIT6, STM32H562RIV6, STM32H562VGT6, STM32H562VIT6, STM32H562ZGT6, STM32H562ZIT6, STM32H563AGI6, STM32H563AII3Q, STM32H563AII6, STM32H563IGK6, STM32H563IGT6, STM32H563IIK3Q, STM32H563IIK6, STM32H563IIT3Q, STM32H563IIT6, STM32H563MIY3QTR, STM32H563RGT6, STM32H563RGV6, STM32H563RIT6, STM32H563RIV6, STM32H563VGT6, STM32H563VIT3Q, STM32H563VIT6, STM32H563ZGT6, STM32H563ZIT3Q, STM32H563ZIT6, STM32H573AII3Q, STM32H573AII6, STM32H573I-DK, STM32H573IIK3Q, STM32H573IIK6, STM32H573IIT3Q, STM32H573IIT6, STM32H573MIY3QTR, STM32H573RIT6, STM32H573RIV6, STM32H573VIT3Q, STM32H573VIT6, STM32H573ZIT3Q, STM32H573ZIT6, STM32H7R3A8I6, STM32H7R3I8K6, STM32H7R3I8T6, STM32H7R3L8H6, STM32H7R3L8H6H, STM32H7R3R8V6, STM32H7R3V8H6, STM32H7R3V8T6, STM32H7R3V8Y6TR, STM32H7R3Z8J6, STM32H7R3Z8T6, STM32H7R7A8I6, STM32H7R7I8K6, STM32H7R7I8T6, STM32H7R7L8H6, STM32H7R7L8H6H, STM32H7R7Z8J6, STM32H7S3A8I6, STM32H7S3I8K6, STM32H7S3I8T6, STM32H7S3L8H6, STM32H7S3L8H6H, STM32H7S3R8V6, STM32H7S3V8H6, STM32H7S3V8T6, STM32H7S3V8Y6TR, STM32H7S3Z8J6, STM32H7S3Z8T6, STM32H7S78-DK, STM32H7S7A8I6, STM32H7S7I8K6, STM32H7S7I8T6, STM32H7S7L8H6, STM32H7S7L8H6H, STM32H7S7Z8J6, STM32L4R5QGI6STR, STM32MP131AAE3, STM32MP131AAF3, STM32MP131AAG3, STM32MP131CAE3, STM32MP131CAF3, STM32MP131CAG3, STM32MP131DAE7, STM32MP131DAF7, STM32MP131DAG7, STM32MP131FAE7, STM32MP131FAF7, STM32MP131FAG7, STM32MP133AAE3, STM32MP133AAF3, STM32MP133AAG3, STM32MP133CAE3, STM32MP133CAF3, STM32MP133CAG3, STM32MP133DAE7, STM32MP133DAF7, STM32MP133DAG7, STM32MP133FAE7, STM32MP133FAF7, STM32MP133FAG7, STM32MP135AAE3, STM32MP135AAF3, STM32MP135AAG3, STM32MP135CAE3, STM32MP135CAF3, STM32MP135CAG3, STM32MP135DAE7, STM32MP135DAF7, STM32MP135DAG7, STM32MP135F-DK, STM32MP135FAE7, STM32MP135FAF7, STM32MP135FAF7T, STM32MP135FAF7U, STM32MP135FAG7, STM32MP231AAJ3, STM32MP231AAK3, STM32MP231AAL3, STM32MP231CAJ3, STM32MP231CAK3, STM32MP231CAL3, STM32MP231DAJ3, STM32MP231DAK3, STM32MP231DAL3, STM32MP231FAJ3, STM32MP231FAK3, STM32MP231FAL3, STM32MP233AAJ3, STM32MP233AAK3, STM32MP233AAL3, STM32MP233CAJ3, STM32MP233CAK3, STM32MP233CAL3, STM32MP233DAJ3, STM32MP233DAK3, STM32MP233DAL3, STM32MP233FAJ3, STM32MP233FAK3, STM32MP233FAL3, STM32MP235AAJ3, STM32MP235AAK3, STM32MP235AAL3, STM32MP235CAJ3, STM32MP235CAK3, STM32MP235CAL3, STM32MP235DAJ3, STM32MP235DAK3, STM32MP235DAL3, STM32MP235FAJ3, STM32MP235FAK3, STM32MP235FAL3, STM32MP251AAI3, STM32MP251AAJ3, STM32MP251AAK3, STM32MP251AAL3, STM32MP251CAI3, STM32MP251CAJ3, STM32MP251CAK3, STM32MP251CAL3, STM32MP251DAI3, STM32MP251DAJ3, STM32MP251DAK3, STM32MP251DAL3, STM32MP251FAI3, STM32MP251FAJ3, STM32MP251FAK3, STM32MP251FAL3, STM32MP253AAI3, STM32MP253AAJ3, STM32MP253AAK3, STM32MP253AAL3, STM32MP253CAI3, STM32MP253CAJ3, STM32MP253CAK3, STM32MP253CAL3, STM32MP253DAI3, STM32MP253DAJ3, STM32MP253DAK3, STM32MP253DAL3, STM32MP253FAI3, STM32MP253FAJ3, STM32MP253FAK3, STM32MP253FAL3, STM32MP255AAI3, STM32MP255AAJ3, STM32MP255AAK3, STM32MP255AAL3, STM32MP255CAI3, STM32MP255CAJ3, STM32MP255CAK3, STM32MP255CAL3, STM32MP255DAI3, STM32MP255DAJ3, STM32MP255DAK3, STM32MP255DAL3, STM32MP255FAI3, STM32MP255FAJ3, STM32MP255FAK3, STM32MP255FAL3, STM32MP257AAI3, STM32MP257AAJ3, STM32MP257AAK3, STM32MP257AAL3, STM32MP257CAI3, STM32MP257CAJ3, STM32MP257CAK3, STM32MP257CAL3, STM32MP257DAI3, STM32MP257DAJ3, STM32MP257DAK3, STM32MP257DAL3, STM32MP257F-DK, STM32MP257F-EV1, STM32MP257FAI3, STM32MP257FAJ3, STM32MP257FAK3, STM32MP257FAL3, STM32N645A0H3Q, STM32N645B0H3Q, STM32N645I0H3Q, STM32N645L0H3Q, STM32N645X0H3Q, STM32N645Z0H3Q, STM32N647A0H3Q, STM32N647B0H3Q, STM32N647I0H3Q, STM32N647L0H3Q, STM32N647X0H3Q, STM32N647Z0H3Q, STM32N655A0H3Q, STM32N655B0H3Q, STM32N655I0H3Q, STM32N655L0H3Q, STM32N655X0H3Q, STM32N655Z0H3Q, STM32N6570-DK, STM32N657A0H3Q, STM32N657B0H3Q, STM32N657I0H3Q, STM32N657L0H3Q, STM32N657X0H3Q, STM32N657Z0H3Q, STM32U031C6T6, STM32U031C6U6, STM32U031C8T6, STM32U031C8U6, STM32U031F4P6, STM32U031F6P6, STM32U031F8P6, STM32U031G6Y6TR, STM32U031G8Y6TR, STM32U031K4U6, STM32U031K6U6, STM32U031K8U6, STM32U031R6I6, STM32U031R6T6, STM32U031R8I6, STM32U031R8T6, STM32U073C8T6, STM32U073C8U6, STM32U073CBT6, STM32U073CBU6, STM32U073CCT6, STM32U073CCU6, STM32U073H8Y6TR, STM32U073HBY6TR, STM32U073HCY6TR, STM32U073K8U6, STM32U073KBU6, STM32U073KCU6, STM32U073M8I6, STM32U073M8T6, STM32U073MBI6, STM32U073MBT6, STM32U073MCI6, STM32U073MCT6, STM32U073R8I6, STM32U073R8T6, STM32U073RBI6, STM32U073RBT6, STM32U073RCI6, STM32U073RCT6, STM32U083C-DK, STM32U083CCT6, STM32U083CCU6, STM32U083HCY6TR, STM32U083KCU6, STM32U083MCI6, STM32U083MCT6, STM32U083RCI6, STM32U083RCT6, STM32U375CET6, STM32U375CET6Q, STM32U375CEU6, STM32U375CEU6Q, STM32U375CEY6QTR, STM32U375CGT6, STM32U375CGT6Q, STM32U375CGU6, STM32U375CGU6Q, STM32U375CGY6QTR, STM32U375KEU6, STM32U375KGU6, STM32U375REI6, STM32U375REI6Q, STM32U375RET6, STM32U375RET6Q, STM32U375REY6GTR, STM32U375REY6QTR, STM32U375RGI6, STM32U375RGI6Q, STM32U375RGT6, STM32U375RGT6Q, STM32U375RGY6GTR, STM32U375RGY6QTR, STM32U375VEI6, STM32U375VEI6Q, STM32U375VET6, STM32U375VET6Q, STM32U375VGI6, STM32U375VGI6Q, STM32U375VGT6, STM32U375VGT6Q, STM32U385CGT6, STM32U385CGT6Q, STM32U385CGU6, STM32U385CGU6Q, STM32U385CGY6QTR, STM32U385KGU6, STM32U385RGI6, STM32U385RGI6Q, STM32U385RGT6, STM32U385RGT6Q, STM32U385RGY6GTR, STM32U385RGY6QTR, STM32U385VGI6, STM32U385VGI6Q, STM32U385VGT6, STM32U385VGT6Q, STM32U535CBT6, STM32U535CBT6Q, STM32U535CBU6, STM32U535CBU6Q, STM32U535CCT6, STM32U535CCT6Q, STM32U535CCU6, STM32U535CCU6Q, STM32U535CET6, STM32U535CET6Q, STM32U535CEU6, STM32U535CEU6Q, STM32U535JEY6QTR, STM32U535NCY6QTR, STM32U535NEY6QTR, STM32U535RBI6, STM32U535RBI6Q, STM32U535RBT6, STM32U535RBT6Q, STM32U535RCI6, STM32U535RCI6Q, STM32U535RCT6, STM32U535RCT6Q, STM32U535REI6, STM32U535REI6Q, STM32U535RET6, STM32U535RET6Q, STM32U535VCI6, STM32U535VCI6Q, STM32U535VCT6, STM32U535VCT6Q, STM32U535VEI6, STM32U535VEI6Q, STM32U535VET6, STM32U535VET6Q, STM32U545CET6, STM32U545CET6Q, STM32U545CEU6, STM32U545CEU6Q, STM32U545JEY6QTR, STM32U545NEY6QTR, STM32U545REI6, STM32U545REI6Q, STM32U545RET6, STM32U545RET6Q, STM32U545VEI6, STM32U545VEI6Q, STM32U545VET6, STM32U545VET6Q, STM32U595AIH6, STM32U595AIH6Q, STM32U595AJH6, STM32U595AJH6Q, STM32U595QII6, STM32U595QII6Q, STM32U595QJI6, STM32U595QJI6Q, STM32U595RIT6, STM32U595RIT6Q, STM32U595RJT6, STM32U595RJT6Q, STM32U595VIT6, STM32U595VIT6Q, STM32U595VJT6, STM32U595VJT6Q, STM32U595ZIT6, STM32U595ZIT6Q, STM32U595ZIY6QTR, STM32U595ZJT6, STM32U595ZJT6Q, STM32U595ZJY6QTR, STM32U599BJY6QTR, STM32U599NIH6Q, STM32U599NJH6Q, STM32U599VIT6Q, STM32U599VJT6, STM32U599VJT6Q, STM32U599ZIT6Q, STM32U599ZIY6QTR, STM32U599ZJT6Q, STM32U599ZJY6QTR, STM32U5A5AJH6, STM32U5A5AJH6Q, STM32U5A5QII3Q , STM32U5A5QJI6, STM32U5A5QJI6Q, STM32U5A5RJT6, STM32U5A5RJT6Q, STM32U5A5VJT6, STM32U5A5VJT6Q, STM32U5A5ZJT6, STM32U5A5ZJT6Q, STM32U5A5ZJY6QTR, STM32U5A9BJY6QTR, STM32U5A9J-DK, STM32U5A9NJH6Q, STM32U5A9VJT6Q, STM32U5A9ZJT6Q, STM32U5A9ZJY6QTR, STM32U5F7VIT6, STM32U5F7VIT6Q, STM32U5F7VJT6, STM32U5F7VJT6Q, STM32U5F9BJY6QTR, STM32U5F9NJH6Q, STM32U5F9VIT6Q, STM32U5F9VJT6Q, STM32U5F9ZIJ6QTR, STM32U5F9ZIT6Q, STM32U5F9ZJJ6QTR, STM32U5F9ZJT6Q, STM32U5G7VJT6, STM32U5G7VJT6Q, STM32U5G9BJY6QTR, STM32U5G9J-DK1, STM32U5G9J-DK2, STM32U5G9NJH6Q, STM32U5G9VJT6Q, STM32U5G9ZJJ6QTR, STM32U5G9ZJT6Q, STM32WB05KZV6TR, STM32WB05KZV7TR, STM32WB05TZF6TR, STM32WB05TZF7TR, STM32WB06CCF6TR, STM32WB06CCF7TR, STM32WB06CCV6TR, STM32WB06CCV7TR, STM32WB06KCV6TR, STM32WB06KCV7TR, STM32WB07CCF6TR, STM32WB07CCF7TR, STM32WB07CCV6TR, STM32WB07CCV7TR, STM32WB07KCV6TR, STM32WB07KCV7TR, STM32WB09KEV6TR, STM32WB09KEV7TR, STM32WB09TEF6TR, STM32WB09TEF7TR, STM32WB1MMCH6, STM32WBA50KGU6, STM32WBA50KGU6TR, STM32WBA52CEU6, STM32WBA52CEU6TR, STM32WBA52CEU7, STM32WBA52CEU7TR, STM32WBA52CGU6, STM32WBA52CGU6TR, STM32WBA52CGU6U, STM32WBA52CGU7, STM32WBA52CGU7TR, STM32WBA52KEU6, STM32WBA52KEU6TR, STM32WBA52KGU6, STM32WBA52KGU6TR, STM32WBA54CEU6, STM32WBA54CEU6TR, STM32WBA54CEU7, STM32WBA54CEU7TR, STM32WBA54CGU6, STM32WBA54CGU6TR, STM32WBA54CGU7, STM32WBA54CGU7TR, STM32WBA54KEU6, STM32WBA54KEU6TR, STM32WBA54KEU7, STM32WBA54KEU7TR, STM32WBA54KGU6, STM32WBA54KGU6TR, STM32WBA54KGU7, STM32WBA54KGU7TR, STM32WBA55CEU6, STM32WBA55CEU6TR, STM32WBA55CEU7, STM32WBA55CEU7TR, STM32WBA55CGU6, STM32WBA55CGU6TR, STM32WBA55CGU6U, STM32WBA55CGU7, STM32WBA55CGU7TR, STM32WBA55G-DK1, STM32WBA55HEF6, STM32WBA55HEF7, STM32WBA55HGF6, STM32WBA55HGF7, STM32WBA55UEI6, STM32WBA55UEI6TR, STM32WBA55UEI7, STM32WBA55UEI7TR, STM32WBA55UGI6, STM32WBA55UGI6TR, STM32WBA55UGI7, STM32WBA55UGI7TR, STM32WBA5MJGH6TR, STM32WBA5MJGH6U, STM32WL33C8V6, STM32WL33C8V6TR, STM32WL33C8V7, STM32WL33C8V7TR, STM32WL33CBV6, STM32WL33CBV6TR, STM32WL33CBV7, STM32WL33CBV7TR, STM32WL33CCV6, STM32WL33CCV6TR, STM32WL33CCV7, STM32WL33CCV7A, STM32WL33CCV7ATR, STM32WL33CCV7TR, STM32WL33K8V6, STM32WL33K8V6TR, STM32WL33K8V7, STM32WL33K8V7TR, STM32WL33KBV6, STM32WL33KBV6TR, STM32WL33KBV7, STM32WL33KBV7TR, STM32WL33KCV6, STM32WL33KCV6TR, STM32WL33KCV7, STM32WL33KCV7TR, STM32WL5MOCH6, STM32WL5MOCH6TR]
2025-04-12 08:43:13,237 [INFO] DbMcus:218 - Found 4674 MCUs, 4674 are supported
2025-04-12 08:43:13,238 [INFO] ApiDb:423 - Load user favorites file C:\Users\Flori/.stm32cubeide/favorites.mcus.txt: 0 item(s)
2025-04-12 08:43:13,238 [INFO] ApiDb:427 - User favorites MCUs=[]
2025-04-12 08:43:13,238 [INFO] DbMcus:224 - Set 0 / 0 favorites MCUs
2025-04-12 08:43:13,780 [INFO] ApiDb:423 - Load user favorites file C:\Users\Flori/.stm32cubeide/favorites.boards.txt: 0 item(s)
2025-04-12 08:43:13,780 [INFO] ApiDb:427 - User favorites Boards=[]
2025-04-12 08:43:13,781 [INFO] DbBoards:198 - Set 0 / 0 favorites Boards
2025-04-12 08:43:13,781 [INFO] McuFinderGlobals:76 - Set McuFinderConnectedMode to true
2025-04-12 08:43:13,787 [INFO] MultiScanPanel:200 - Auto-refresh data requested => check proxy status ongoing
2025-04-12 08:43:13,789 [INFO] FinderPluginLoader:95 - Searching for filters in installed packs
2025-04-12 08:43:15,627 [INFO] LoadUrlFilesThread:185 - End of LoadServerUrlFiles without Thread
2025-04-12 08:43:15,709 [INFO] DetailPanel:341 - Set advertising image to C:/Users/Flori/STM32Cube/Repository/\en.prom-stm32u3-mcu-finder.jpg
2025-04-12 09:00:04,217 [INFO] MultiScanPanel:200 - Auto-refresh data requested => check proxy status ongoing
2025-04-12 09:00:04,387 [INFO] LoadUrlFilesThread:185 - End of LoadServerUrlFiles without Thread
2025-04-12 09:00:04,387 [INFO] DetailPanel:341 - Set advertising image to C:/Users/Flori/STM32Cube/Repository/\en.prom-stm32u3-mcu-finder.jpg
2025-04-12 09:00:04,398 [INFO] DbBoards:642 - Loading board mini-images...
2025-04-12 09:00:04,471 [ERROR] DbBoards:659 - Image file not found for board B-WBA5M-WPAN: C:\Users\Flori\.stmcufinder\plugins\mcufinder//mcu//boards_images/B-WBA5M-WPAN.jpg
2025-04-12 09:00:06,644 [INFO] DbBoards:665 - Loaded 210 board mini-images
2025-04-12 09:01:24,930 [INFO] MainUpdater:2872 - connection check result : 10
2025-04-12 09:01:24,930 [INFO] MainUpdater:2872 - connection check result : 10
2025-04-12 09:01:24,978 [INFO] MicroXplorer:468 - Change Database Path : 
2025-04-12 09:01:24,978 [INFO] MicroXplorer:498 - Change Database Version : DB.6.0.130
2025-04-12 09:01:24,986 [WARN] ThirdParty:871 - waiting for thirdparty lock release [close project]
2025-04-12 09:01:24,986 [INFO] ThirdParty:873 - entering critical section [close project]
2025-04-12 09:01:24,987 [INFO] ThirdParty:883 - exiting critical section [close project]
2025-04-12 09:01:24,992 [INFO] PinOutPanel:1589 - setPackage(No Configuration,No Configuration)
2025-04-12 09:01:25,002 [INFO] UtilMem:75 - Begin LoadConfig() Used Memory: 797535208 Bytes (1073741824)
2025-04-12 09:01:25,006 [INFO] OpenFileManager:332 - Change cursor
2025-04-12 09:01:25,131 [INFO] ProjectFactory:442 - No CPN specified for board NUCLEO-F411RE => set CPN to STM32F411RET6
2025-04-12 09:01:25,132 [INFO] Mcu:2035 - Initializing MCU STM32F411R(C-E)Tx STM32F411RETx STM32F411RET6
2025-04-12 09:01:26,820 [INFO] Context:748 - Trying to add GPIOservice into a context  which must be forbidden
2025-04-12 09:01:27,216 [INFO] Rule:228 - rule 117617 - U5Cobra4M][GTZC] default value MPCBB3 and MPCBB5 - Not Secured memory - MPCBB1 is applicable
2025-04-12 09:01:27,216 [INFO] Rule:228 - rule 117617 - U5Cobra4M][GTZC] default value MPCBB3 and MPCBB5 - Not Secured memory - MPCBB1 is applicable
2025-04-12 09:01:27,217 [INFO] Rule:228 - rule 117617 - U5Cobra4M][GTZC] default value MPCBB3 and MPCBB5 - Not Secured memory - MPCBB2 is applicable
2025-04-12 09:01:27,217 [INFO] Rule:228 - rule 117617 - U5Cobra4M][GTZC] default value MPCBB3 and MPCBB5 - Not Secured memory - MPCBB2 is applicable
2025-04-12 09:01:27,217 [INFO] Rule:228 - rule 117617 - U5Cobra4M][GTZC] default value MPCBB3 and MPCBB5 - Not Secured memory - MPCBB3 is applicable
2025-04-12 09:01:27,217 [INFO] Rule:228 - rule 117617 - U5Cobra4M][GTZC] default value MPCBB3 and MPCBB5 - Not Secured memory - MPCBB3 is applicable
2025-04-12 09:01:27,217 [INFO] Rule:228 - rule 117617 - U5Cobra4M][GTZC] default value MPCBB3 and MPCBB5 - Not Secured memory - MPCBB4 is applicable
2025-04-12 09:01:27,217 [INFO] Rule:228 - rule 117617 - U5Cobra4M][GTZC] default value MPCBB3 and MPCBB5 - Not Secured memory - MPCBB4 is applicable
2025-04-12 09:01:27,217 [INFO] Rule:228 - rule 117617 - U5Cobra4M][GTZC] default value MPCBB3 and MPCBB5 - Secured memory - MPCBB1 is applicable
2025-04-12 09:01:27,217 [INFO] Rule:228 - rule 117617 - U5Cobra4M][GTZC] default value MPCBB3 and MPCBB5 - Secured memory - MPCBB2 is applicable
2025-04-12 09:01:27,217 [INFO] Rule:228 - rule 117617 - U5Cobra4M][GTZC] default value MPCBB3 and MPCBB5 - Secured memory - MPCBB3 is applicable
2025-04-12 09:01:27,217 [INFO] Rule:228 - rule 117617 - U5Cobra4M][GTZC] default value MPCBB3 and MPCBB5 - Secured memory - MPCBB4 is applicable
2025-04-12 09:01:27,217 [INFO] Rule:228 - rule 117617 - U5Cobra4M][GTZC] default value MPCBB3 and MPCBB5 - Privileged memory - MPCBB1 is applicable
2025-04-12 09:01:27,217 [INFO] Rule:228 - rule 117617 - U5Cobra4M][GTZC] default value MPCBB3 and MPCBB5 - Privileged memory - MPCBB2 is applicable
2025-04-12 09:01:27,217 [INFO] Rule:228 - rule 117617 - U5Cobra4M][GTZC] default value MPCBB3 and MPCBB5 - Privileged memory - MPCBB3 is applicable
2025-04-12 09:01:27,217 [INFO] Rule:228 - rule 117617 - U5Cobra4M][GTZC] default value MPCBB3 and MPCBB5 - Privileged memory - MPCBB4 is applicable
2025-04-12 09:01:27,217 [INFO] Rule:228 - rule 117617 - U5Cobra4M][GTZC] default value MPCBB3 and MPCBB5 - Not Privileged memory - MPCBB1 is applicable
2025-04-12 09:01:27,217 [INFO] Rule:228 - rule 117617 - U5Cobra4M][GTZC] default value MPCBB3 and MPCBB5 - Not Privileged memory - MPCBB2 is applicable
2025-04-12 09:01:27,217 [INFO] Rule:228 - rule 117617 - U5Cobra4M][GTZC] default value MPCBB3 and MPCBB5 - Not Privileged memory - MPCBB3 is applicable
2025-04-12 09:01:27,218 [INFO] Rule:228 - rule 117617 - U5Cobra4M][GTZC] default value MPCBB3 and MPCBB5 - Not Privileged memory - MPCBB4 is applicable
2025-04-12 09:01:27,218 [INFO] Rule:228 - rule 117617 - U5Cobra4M][GTZC] default value MPCBB3 and MPCBB5 - Privileged memory - MPCBB1 is applicable
2025-04-12 09:01:27,218 [INFO] Rule:228 - rule 117617 - U5Cobra4M][GTZC] default value MPCBB3 and MPCBB5 - Privileged memory - MPCBB2 is applicable
2025-04-12 09:01:27,218 [INFO] Rule:228 - rule 117617 - U5Cobra4M][GTZC] default value MPCBB3 and MPCBB5 - Privileged memory - MPCBB3 is applicable
2025-04-12 09:01:27,218 [INFO] Rule:228 - rule 117617 - U5Cobra4M][GTZC] default value MPCBB3 and MPCBB5 - Privileged memory - MPCBB4 is applicable
2025-04-12 09:01:27,218 [INFO] Rule:228 - rule 117617 - U5Cobra4M][GTZC] default value MPCBB3 and MPCBB5 - Privileged memory - MPCBB1 is applicable
2025-04-12 09:01:27,218 [INFO] Rule:228 - rule 117617 - U5Cobra4M][GTZC] default value MPCBB3 and MPCBB5 - Privileged memory - MPCBB2 is applicable
2025-04-12 09:01:27,218 [INFO] Rule:228 - rule 117617 - U5Cobra4M][GTZC] default value MPCBB3 and MPCBB5 - Privileged memory - MPCBB3 is applicable
2025-04-12 09:01:27,218 [INFO] Rule:228 - rule 117617 - U5Cobra4M][GTZC] default value MPCBB3 and MPCBB5 - Privileged memory - MPCBB4 is applicable
2025-04-12 09:01:27,218 [INFO] Rule:228 - rule 117617 - U5Cobra4M][GTZC] default value MPCBB3 and MPCBB5 - Not Privileged memory - MPCBB1 is applicable
2025-04-12 09:01:27,218 [INFO] Rule:228 - rule 117617 - U5Cobra4M][GTZC] default value MPCBB3 and MPCBB5 - Not Privileged memory - MPCBB2 is applicable
2025-04-12 09:01:27,218 [INFO] Rule:228 - rule 117617 - U5Cobra4M][GTZC] default value MPCBB3 and MPCBB5 - Not Privileged memory - MPCBB3 is applicable
2025-04-12 09:01:27,218 [INFO] Rule:228 - rule 117617 - U5Cobra4M][GTZC] default value MPCBB3 and MPCBB5 - Not Privileged memory - MPCBB4 is applicable
2025-04-12 09:01:27,218 [INFO] Rule:228 - rule 117617 - U5Cobra4M][GTZC] default value MPCBB3 and MPCBB5 - Privileged memory - MPCBB1 is applicable
2025-04-12 09:01:27,218 [INFO] Rule:228 - rule 117617 - U5Cobra4M][GTZC] default value MPCBB3 and MPCBB5 - Privileged memory - MPCBB2 is applicable
2025-04-12 09:01:27,218 [INFO] Rule:228 - rule 117617 - U5Cobra4M][GTZC] default value MPCBB3 and MPCBB5 - Privileged memory - MPCBB3 is applicable
2025-04-12 09:01:27,218 [INFO] Rule:228 - rule 117617 - U5Cobra4M][GTZC] default value MPCBB3 and MPCBB5 - Privileged memory - MPCBB4 is applicable
2025-04-12 09:01:27,218 [INFO] Rule:228 - rule Rename SubGHz_Phy SUBGHZ_APPLICATION SUBGHZ_PINGPONG to SUBGHZ_ADV_APPLICATION is applicable
2025-04-12 09:01:27,218 [INFO] Rule:228 - rule Rename Enabled to IBEACON is applicable
2025-04-12 09:01:27,218 [INFO] Rule:228 - rule GTZC_S instance for project manager is applicable
2025-04-12 09:01:27,219 [INFO] Rule:228 - rule GTZC_S instance for context M33S is applicable
2025-04-12 09:01:27,219 [INFO] Rule:228 - rule GTZC_S instance value for IP GTZC is applicable
2025-04-12 09:01:27,219 [INFO] Rule:228 - rule GTZC_S instance for mcu.IP is applicable
2025-04-12 09:01:27,219 [INFO] Rule:228 - rule GTZC_S instance for VP is applicable
2025-04-12 09:01:27,219 [INFO] Rule:228 - rule GTZC_S instance for signal is applicable
2025-04-12 09:01:27,219 [INFO] Rule:228 - rule GTZC_S instance for mcu.Pin is applicable
2025-04-12 09:01:27,219 [INFO] Rule:228 - rule GTZC_S instance for VP is applicable
2025-04-12 09:01:27,219 [INFO] Rule:228 - rule GTZC_S instance for signal is applicable
2025-04-12 09:01:27,219 [INFO] Rule:228 - rule GTZC_S instance for mcu is applicable
2025-04-12 09:01:27,219 [INFO] Rule:228 - rule GTZC_S instance for mcu.Pin is applicable
2025-04-12 09:01:27,219 [INFO] Rule:228 - rule GTZC_S instance value for IP GTZC is applicable
2025-04-12 09:01:27,219 [INFO] Rule:228 - rule GTZC_S instance for project manager is applicable
2025-04-12 09:01:27,219 [INFO] Rule:228 - rule GTZC_S instance for context M33S is applicable
2025-04-12 09:01:27,219 [INFO] Rule:228 - rule GTZC_S instance for VP is applicable
2025-04-12 09:01:27,219 [INFO] Rule:228 - rule GTZC_S instance for signal is applicable
2025-04-12 09:01:27,219 [INFO] Rule:228 - rule SPDIFRX instance for mcu is applicable
2025-04-12 09:01:27,219 [INFO] Rule:228 - rule Rename Tracer Mode is applicable
2025-04-12 09:01:27,219 [INFO] Rule:228 - rule SPDIFRX instance value for IP SPDIFRX is applicable
2025-04-12 09:01:27,219 [INFO] Rule:228 - rule SPDIFRX instance for signal is applicable
2025-04-12 09:01:27,219 [INFO] Rule:228 - rule SPDIFRX instance for project manager is applicable
2025-04-12 09:01:27,219 [INFO] Rule:228 - rule SPDIFRX instance for project manager is applicable
2025-04-12 09:01:27,220 [INFO] Rule:228 - rule ADC Scan  fix with FW F7 is applicable
2025-04-12 09:01:27,220 [INFO] Rule:228 - rule ADC Scan  fix with FW F7 is applicable
2025-04-12 09:01:27,220 [INFO] Rule:228 - rule WakeUp0 Mode is applicable
2025-04-12 09:01:27,220 [INFO] Rule:228 - rule WakeUp0 SIGNAL is applicable
2025-04-12 09:01:27,220 [INFO] Rule:228 - rule WakeUp1 Mode is applicable
2025-04-12 09:01:27,220 [INFO] Rule:228 - rule WakeUp1 SIGNAL is applicable
2025-04-12 09:01:27,220 [INFO] Rule:228 - rule WakeUp2 Mode is applicable
2025-04-12 09:01:27,220 [INFO] Rule:228 - rule WakeUp2 SIGNAL is applicable
2025-04-12 09:01:27,220 [INFO] Rule:228 - rule WakeUp4 Mode is applicable
2025-04-12 09:01:27,220 [INFO] Rule:228 - rule WakeUp4 SIGNAL is applicable
2025-04-12 09:01:27,220 [INFO] Rule:228 - rule WakeUp5 Mode is applicable
2025-04-12 09:01:27,220 [INFO] Rule:228 - rule WakeUp5 SIGNAL is applicable
2025-04-12 09:01:27,220 [INFO] Rule:228 - rule Add RTC Activate Clock Source is applicable
2025-04-12 09:01:27,220 [INFO] Rule:228 - rule Add RTC Activate Calendar 1 is applicable
2025-04-12 09:01:27,220 [INFO] Rule:228 - rule Add RTC Activate Calendar 2 is applicable
2025-04-12 09:01:27,221 [INFO] Rule:228 - rule Add RTC Activate Calendar 3 is applicable
2025-04-12 09:01:27,221 [INFO] Rule:228 - rule UART/USART TX Mode is applicable
2025-04-12 09:01:27,221 [INFO] Rule:228 - rule UART/USART RX Mode is applicable
2025-04-12 09:01:27,221 [INFO] Rule:228 - rule UART/USART RX TX Mode is applicable
2025-04-12 09:01:27,221 [INFO] Rule:228 - rule UART/USART PARITY NONE is applicable
2025-04-12 09:01:27,221 [INFO] Rule:228 - rule UART/USART PARITY EVEN is applicable
2025-04-12 09:01:27,221 [INFO] Rule:228 - rule UART/USART PARITY ODD is applicable
2025-04-12 09:01:27,221 [INFO] Rule:228 - rule USART StopBits 1 is applicable
2025-04-12 09:01:27,221 [INFO] Rule:228 - rule USART StopBits 2 is applicable
2025-04-12 09:01:27,221 [INFO] Rule:228 - rule USART StopBits 1.5 is applicable
2025-04-12 09:01:27,221 [INFO] Rule:228 - rule USART StopBits 0.5 is applicable
2025-04-12 09:01:27,221 [INFO] Rule:228 - rule UART/USART WORD LENGTH 7 is applicable
2025-04-12 09:01:27,221 [INFO] Rule:228 - rule UART/USART WORD LENGTH 8 is applicable
2025-04-12 09:01:27,221 [INFO] Rule:228 - rule UART/USART WORD LENGTH 9 is applicable
2025-04-12 09:01:27,221 [INFO] Rule:228 - rule Rename FMC NAND NCE signal is applicable
2025-04-12 09:01:27,221 [INFO] Rule:228 - rule Rename FMC NAND INT signal is applicable
2025-04-12 09:01:27,222 [INFO] Rule:228 - rule Change Default Value for LSE Drive Capability for WB family is applicable
2025-04-12 09:01:27,222 [INFO] Rule:228 - rule Change Default Value for ADC Clock Prescaler G0 family is applicable
2025-04-12 09:01:27,222 [INFO] Rule:228 - rule Change Default Value for ADC ExternalTrigConv L4 family is applicable
2025-04-12 09:01:27,222 [INFO] Rule:228 - rule Change Default Value for ADC ExternalTrigInjecConv L4 family is applicable
2025-04-12 09:01:27,222 [INFO] Rule:228 - rule Change Default Value for ADC ExternalTrigConv F3 family is applicable
2025-04-12 09:01:27,222 [INFO] Rule:228 - rule Change Default Value for ADC ExternalTrigInjecConv F3 family is applicable
2025-04-12 09:01:27,222 [INFO] Rule:228 - rule Change Default Value for ADC ExternalTrigConv Goldfish serie is applicable
2025-04-12 09:01:27,222 [INFO] Rule:228 - rule Change Default Value for ADC ExternalTrigInjecConv Goldfish serie is applicable
2025-04-12 09:01:27,222 [INFO] Rule:228 - rule Change Default Value for ADC ExternalTrigConv L0 family is applicable
2025-04-12 09:01:27,222 [INFO] Rule:228 - rule Change Default Value for ADC ExternalTrigConv F0 family is applicable
2025-04-12 09:01:27,222 [INFO] Rule:228 - rule Change Default Value for ADC ExternalTrigConvn L1 family is applicable
2025-04-12 09:01:27,222 [INFO] Rule:228 - rule Change Default Value for ADC ExternalTrigInjecConv L1 family is applicable
2025-04-12 09:01:27,222 [INFO] Rule:228 - rule Change Default Value for ADC ExternalTrigConv F1 family is applicable
2025-04-12 09:01:27,222 [INFO] Rule:228 - rule Change Default Value for ADC ExternalTrigInjecConv F1 family is applicable
2025-04-12 09:01:27,222 [INFO] Rule:228 - rule Change Default Value for ADC ExternalTrigConv F7 family is applicable
2025-04-12 09:01:27,222 [INFO] Rule:228 - rule Change Default Value for ADC ExternalTrigInjecConv F7 family is applicable
2025-04-12 09:01:27,223 [INFO] Rule:228 - rule Change Default Value for ADC ExternalTrigConv F4 and F2 family is applicable
2025-04-12 09:01:27,223 [INFO] Rule:228 - rule Change Default Value for ADC ExternalTrigInjecConv F4 and F2 family is applicable
2025-04-12 09:01:27,223 [INFO] Rule:228 - rule ADC SamplingTime fix with FW L0  is applicable
2025-04-12 09:01:27,223 [INFO] Rule:228 - rule ADC SamplingTime fix with FW L0  is applicable
2025-04-12 09:01:27,223 [INFO] Rule:228 - rule ADC SamplingTime fix with FW L0 is applicable
2025-04-12 09:01:27,223 [INFO] Rule:228 - rule ADC SamplingTime fix with FW L0 is applicable
2025-04-12 09:01:27,223 [INFO] Rule:228 - rule ADC SamplingTime fix with FW L0  is applicable
2025-04-12 09:01:27,223 [INFO] Rule:228 - rule ADC SamplingTime fix with FW L0 is applicable
2025-04-12 09:01:27,223 [INFO] Rule:228 - rule Rename USB_OE Signal is applicable
2025-04-12 09:01:27,223 [INFO] Rule:228 - rule Rename Activate_OE Mode is applicable
2025-04-12 09:01:27,223 [INFO] Rule:228 - rule Rename DIE462/DIE415 pin PC14/OSC32_IN -> PC14-OSC32_IN (PC14) is applicable
2025-04-12 09:01:27,223 [INFO] Rule:228 - rule Rename DIE462/DIE415 pin PC15/OSC32_OUT -> PC15-OSC32_OUT (PC15) is applicable
2025-04-12 09:01:27,223 [INFO] Rule:228 - rule Rename DIE462/DIE415 pin PH0/OSC_IN -> PH0-OSC_IN (PH0) is applicable
2025-04-12 09:01:27,223 [INFO] Rule:228 - rule Rename DIE462/DIE415 pin PH1/OSC_OUT -> PH1-OSC_OUT (PH1) is applicable
2025-04-12 09:01:27,223 [INFO] Rule:228 - rule Rename DIE462 pin PA13 -> PA13 (JTMS/SWDIO) is applicable
2025-04-12 09:01:27,223 [INFO] Rule:228 - rule Rename DIE415 pin PA13 -> PA13 (JTMS/SWDIO) is applicable
2025-04-12 09:01:27,224 [INFO] Rule:228 - rule Rename DIE462 pin PA14 -> PA14 (JTCK/SWCLK) is applicable
2025-04-12 09:01:27,224 [INFO] Rule:228 - rule Rename DIE415 pin PA14 -> PA14 (JTCK/SWCLK) is applicable
2025-04-12 09:01:27,224 [INFO] Rule:228 - rule Rename DIE462/DIE415 pin PA15 -> PA15 (JTDI) is applicable
2025-04-12 09:01:27,224 [INFO] Rule:228 - rule Rename DIE462 pin PB3 -> PB3 (JTD0/TRACESWO) is applicable
2025-04-12 09:01:27,224 [INFO] Rule:228 - rule Rename DIE415 pin PB3 -> PB3 (JTD0-TRACESWO) is applicable
2025-04-12 09:01:27,224 [INFO] Rule:228 - rule Rename DIE462/DIE415 pin PB4 -> PB4 (NJTRST) is applicable
2025-04-12 09:01:27,224 [INFO] Rule:228 - rule Rename DIE462 pin PH3/BOOT0 -> PH3-BOOT0 (BOOT0) is applicable
2025-04-12 09:01:27,224 [INFO] Rule:228 - rule Rename CRYP DataEncryptionTypesList to Algorithm is applicable
2025-04-12 09:01:27,224 [INFO] Rule:228 - rule Rename AES DataEncryptionTypesList to Algorithm is applicable
2025-04-12 09:01:27,224 [INFO] Rule:228 - rule Rename TDESECB to CRYP_TDES_ECB is applicable
2025-04-12 09:01:27,224 [INFO] Rule:228 - rule Rename TDESCBC to CRYP_TDES_CBC is applicable
2025-04-12 09:01:27,224 [INFO] Rule:228 - rule Rename DESECB to CRYP_DES_ECB is applicable
2025-04-12 09:01:27,224 [INFO] Rule:228 - rule Rename DESCBC to CRYP_DES_CBC is applicable
2025-04-12 09:01:27,224 [INFO] Rule:228 - rule Rename AESECB to CRYP_AES_ECB is applicable
2025-04-12 09:01:27,224 [INFO] Rule:228 - rule Rename AESCBC to CRYP_AES_CBC is applicable
2025-04-12 09:01:27,224 [INFO] Rule:228 - rule Rename AESCTR to CRYP_AES_CTR is applicable
2025-04-12 09:01:27,225 [INFO] Rule:228 - rule Rename AESGCM to CRYP_AES_GCM is applicable
2025-04-12 09:01:27,225 [INFO] Rule:228 - rule Rename AESCCM to CRYP_AES_CCM is applicable
2025-04-12 09:01:27,225 [INFO] Rule:228 - rule Rename CAN TimeSeg1 to BS1 is applicable
2025-04-12 09:01:27,225 [INFO] Rule:228 - rule Rename CAN TimeSeg2 to BS2 is applicable
2025-04-12 09:01:27,225 [INFO] Rule:228 - rule Rename CAN SyncJumpWidth to SJW is applicable
2025-04-12 09:01:27,225 [INFO] Rule:228 - rule TimeTriggeredMode to TTCM is applicable
2025-04-12 09:01:27,225 [INFO] Rule:228 - rule Rename CAN AutoBusOff to ABOM is applicable
2025-04-12 09:01:27,225 [INFO] Rule:228 - rule Rename CAN AutoWakeUp to AWUM is applicable
2025-04-12 09:01:27,225 [INFO] Rule:228 - rule Rename CAN AutoRetransmission to NART is applicable
2025-04-12 09:01:27,225 [INFO] Rule:228 - rule Rename CAN ReceiveFifoLocked to RFLM is applicable
2025-04-12 09:01:27,225 [INFO] Rule:228 - rule Rename CAN TransmitFifoPriority to TXFP is applicable
2025-04-12 09:01:27,225 [INFO] Rule:228 - rule Rename HRTIMER HRTIM_OUTPUTFAULTLEVEL_HIGH in HRTIMER HRTIM_OUTPUTFAULTLEVEL_HIGHZ is applicable
2025-04-12 09:01:27,225 [INFO] Rule:228 - rule Rename TIMER TIM_CLEARINPUTSOURCE_OCREFCLR in  TIMER TIM_CLEARINPUTSOURCE_NONE for F7 family is applicable
2025-04-12 09:01:27,225 [INFO] Rule:228 - rule FDCAN_R1 - Rename FDCAN mode Master into Classic is applicable
2025-04-12 09:01:27,226 [INFO] Rule:228 - rule FDCAN_R2 - Rename FDCAN mode Slave into Classic is applicable
2025-04-12 09:01:27,226 [INFO] Rule:228 - rule FDCAN1_R3 - if PA10.Mode=FullDuplex, add Pin PA12 is applicable
2025-04-12 09:01:27,226 [INFO] Rule:228 - rule FDCAN1_R3 - if PA9.Mode=FullDuplex, add Pin PA11 is applicable
2025-04-12 09:01:27,226 [INFO] Rule:228 - rule FDCAN1_R3 - Alternatepin_1 - if PE1.Mode=FullDuplex, add Pin PB9 is applicable
2025-04-12 09:01:27,226 [INFO] Rule:228 - rule FDCAN1_R3 - Alternatepin_1 - if PE0.Mode=FullDuplex, add Pin PB8 is applicable
2025-04-12 09:01:27,226 [INFO] Rule:228 - rule FDCAN1_R3 - Alternatepin_2 - if PD5.Mode=FullDuplex, add Pin PD1 is applicable
2025-04-12 09:01:27,226 [INFO] Rule:228 - rule FDCAN1_R3 - Alternatepin_2 - if PD4.Mode=FullDuplex, add Pin PD0 is applicable
2025-04-12 09:01:27,226 [INFO] Rule:228 - rule FDCAN1_R4 - Rename Mode FullDuplex into Enable FDCAN_TXFD for pin PA10 is applicable
2025-04-12 09:01:27,226 [INFO] Rule:228 - rule FDCAN1_R4 - Rename Mode FullDuplex into Enable FDCAN_TXFD for pin PA9 is applicable
2025-04-12 09:01:27,226 [INFO] Rule:228 - rule FDCAN1_R4 - Alternatepin_1 - Rename Mode FullDuplex into Enable FDCAN_TXFD for pin PE1 is applicable
2025-04-12 09:01:27,226 [INFO] Rule:228 - rule FDCAN1_R4 - Alternatepin_1 - Rename Mode FullDuplex into Enable FDCAN_TXFD for pin PE0 is applicable
2025-04-12 09:01:27,226 [INFO] Rule:228 - rule FDCAN1_R4 - Alternatepin_2 - Rename Mode FullDuplex into Enable FDCAN_TXFD for pin PD5 is applicable
2025-04-12 09:01:27,226 [INFO] Rule:228 - rule FDCAN1_R4 - Alternatepin_2 - Rename Mode FullDuplex into Enable FDCAN_TXFD for pin PD4 is applicable
2025-04-12 09:01:27,226 [INFO] Rule:228 - rule FDCAN2_R3 - if PD10.Mode=FullDuplex, add Pin PB13 is applicable
2025-04-12 09:01:27,226 [INFO] Rule:228 - rule FDCAN2_R3 - if PD9.Mode=FullDuplex, add Pin PB12 is applicable
2025-04-12 09:01:27,226 [INFO] Rule:228 - rule FDCAN2_R3 - Alternatepin_1 - if PB7.Mode=FullDuplex, add Pin PB6 is applicable
2025-04-12 09:01:27,226 [INFO] Rule:228 - rule FDCAN2_R3 - Alternatepin_1 - if PD9.Mode=FullDuplex, add Pin PB12 is applicable
2025-04-12 09:01:27,226 [INFO] Rule:228 - rule FDCAN2_R4 - Rename Mode FullDuplex into Enable FDCAN_TXFD for pin PD10 is applicable
2025-04-12 09:01:27,226 [INFO] Rule:228 - rule FDCAN2_R4 - Rename Mode FullDuplex into Enable FDCAN_TXFD for pin PD9 is applicable
2025-04-12 09:01:27,226 [INFO] Rule:228 - rule FDCAN2_R4 - Alternatepin_1 - Rename Mode FullDuplex into Enable FDCAN_TXFD for pin PB7 is applicable
2025-04-12 09:01:27,227 [INFO] Rule:228 - rule FDCAN2_R4 - Alternatepin_1 - Rename Mode FullDuplex into Enable FDCAN_TXFD for pin PD6 is applicable
2025-04-12 09:01:27,227 [INFO] Rule:228 - rule USART TxPinLevelInvertParam Mode is applicable
2025-04-12 09:01:27,227 [INFO] Rule:228 - rule USART RxPinLevelInvertParam Mode is applicable
2025-04-12 09:01:27,227 [INFO] Rule:228 - rule USART DataInvertParam Mode is applicable
2025-04-12 09:01:27,227 [INFO] Rule:228 - rule USART SwapParam Mode is applicable
2025-04-12 09:01:27,227 [INFO] Rule:228 - rule USART OverrunDisableParam Mode is applicable
2025-04-12 09:01:27,227 [INFO] Rule:228 - rule USART DMADisableonRxErrorParam Mode is applicable
2025-04-12 09:01:27,227 [INFO] Rule:228 - rule USART MSBFirstParam Mode is applicable
2025-04-12 09:01:27,227 [INFO] Rule:228 - rule Update MwName for USB_DEVICE is applicable
2025-04-12 09:01:27,227 [INFO] Rule:228 - rule Change PWR_Regulator_Voltage_Scale Default Value for RCC  H7 family is applicable
2025-04-12 09:01:27,227 [INFO] Rule:228 - rule UART/USART IPParameter rename Prescaler parameter to ClockPrescaler is applicable
2025-04-12 09:01:27,227 [INFO] Rule:228 - rule UART/USART Prescaler rename Prescaler parameter to ClockPrescaler is applicable
2025-04-12 09:01:27,228 [INFO] Rule:228 - rule TIM1CLockSelection is applicable
2025-04-12 09:01:27,228 [INFO] Rule:228 - rule TIM15CLockSelection is applicable
2025-04-12 09:01:27,228 [INFO] Rule:228 - rule align RCC SDMMC3CLockSelection default value on MP1 is applicable
2025-04-12 09:01:27,228 [INFO] Rule:228 - rule align RCC SDMMC12CLockSelection default value on MP1 is applicable
2025-04-12 09:01:27,229 [INFO] Rule:228 - rule align RCC QSPICLockSelection default value on MP1 is applicable
2025-04-12 09:01:27,229 [INFO] Rule:228 - rule align RCC QSPICLockSelection default value on MP1 is applicable
2025-04-12 09:01:27,229 [INFO] Rule:228 - rule align RCC SPI6CLockSelection default value on MP1 is applicable
2025-04-12 09:01:27,229 [INFO] Rule:228 - rule align RCC LPTIM23CLockSelection default value on MP1 is applicable
2025-04-12 09:01:27,229 [INFO] Rule:228 - rule align RCC LPTIM1CLockSelection default value on MP1 is applicable
2025-04-12 09:01:27,229 [INFO] Rule:228 - rule align RCC USART1CLockSelection default value on MP1 is applicable
2025-04-12 09:01:27,229 [INFO] Rule:228 - rule align RCC USART24CLockSelection default value on MP1 is applicable
2025-04-12 09:01:27,229 [INFO] Rule:228 - rule align RCC USART6CLockSelection default value on MP1 is applicable
2025-04-12 09:01:27,229 [INFO] Rule:228 - rule align RCC UART78CLockSelection default value on MP1 is applicable
2025-04-12 09:01:27,229 [INFO] Rule:228 - rule align RCC USART35CLockSelection default value on MP1 is applicable
2025-04-12 09:01:27,229 [INFO] Rule:228 - rule align RCC SPI45CLockSelection default value on MP1 is applicable
2025-04-12 09:01:27,229 [INFO] Rule:228 - rule align RCC I2C46CLockSelection BCLK value on MP1 is applicable
2025-04-12 09:01:27,229 [INFO] Rule:228 - rule align RCC SPI45CLockSelection default value on MP1 is applicable
2025-04-12 09:01:27,230 [INFO] Rule:228 - rule align RCC I2C12CLockSelection default value on MP1 is applicable
2025-04-12 09:01:27,230 [INFO] Rule:228 - rule align RCC I2C35CLockSelection default value on MP1 is applicable
2025-04-12 09:01:27,230 [INFO] Rule:228 - rule align RCC LPTIM45CLockSelection default value on MP1 is applicable
2025-04-12 09:01:27,230 [INFO] Rule:228 - rule Rename DCMI PIXCK signal is applicable
2025-04-12 09:01:27,230 [INFO] Rule:228 - rule Change Default Value for I2C46CLockSelection MP1 family is applicable
2025-04-12 09:01:27,230 [INFO] Rule:228 - rule Change Default Value for UART for G4, G0 and WB families is applicable
2025-04-12 09:01:27,230 [INFO] Rule:228 - rule Change Default Value for USART for G4, G0 and WB families is applicable
2025-04-12 09:01:27,230 [INFO] Rule:228 - rule Change Default Value for USART for G4 family is applicable
2025-04-12 09:01:27,230 [INFO] Rule:228 - rule Change USART1CLockSelection refparam name for MP1 is applicable
2025-04-12 09:01:27,230 [INFO] Rule:228 - rule Change USART2CLockSelection refparam name for MP1 is applicable
2025-04-12 09:01:27,230 [INFO] Rule:228 - rule Change USART3CLockSelection refparam name for MP1 is applicable
2025-04-12 09:01:27,230 [INFO] Rule:228 - rule Change UART4CLockSelection refparam name for MP1 is applicable
2025-04-12 09:01:27,230 [INFO] Rule:228 - rule Change UART5CLockSelection refparam name for MP1 is applicable
2025-04-12 09:01:27,230 [INFO] Rule:228 - rule Change LPUART1CLockSelection refparam name for MP1 is applicable
2025-04-12 09:01:27,230 [INFO] Rule:228 - rule Change LPTIM1CLockSelection refparam name for MP1 is applicable
2025-04-12 09:01:27,230 [INFO] Rule:228 - rule Change LPTIM2CLockSelection refparam name for MP1 is applicable
2025-04-12 09:01:27,231 [INFO] Rule:228 - rule Change RCC_MCO1Source refparam name for MP1 is applicable
2025-04-12 09:01:27,231 [INFO] Rule:228 - rule Change LSCOSource1 refparam name for MP1 is applicable
2025-04-12 09:01:27,231 [INFO] Rule:228 - rule Change SMPSCLockSelection refparam name for MP1 is applicable
2025-04-12 09:01:27,231 [INFO] Rule:228 - rule Change LPTIM3CLockSelection refparam name for MP1 is applicable
2025-04-12 09:01:27,231 [INFO] Rule:228 - rule Change MPCBB* Default Template Mode to Parameters is applicable
2025-04-12 09:01:27,231 [INFO] Rule:228 - rule Change MPCWM* or MPCBB* Secure Mode to Parameters is applicable
2025-04-12 09:01:27,231 [INFO] Rule:228 - rule Change MPCWM* or MPCBB* No Secure Mode to Parameters is applicable
2025-04-12 09:01:27,231 [INFO] Rule:228 - rule Change TZSC IP Secure Mode to Parameters is applicable
2025-04-12 09:01:27,231 [INFO] Rule:228 - rule Change TZSC IP No Secure Mode to Parameters is applicable
2025-04-12 09:01:27,231 [INFO] Rule:228 - rule Change TZSC IP Privilege Mode to Parameters is applicable
2025-04-12 09:01:27,231 [INFO] Rule:228 - rule Change TZSC IP No Privilege Mode to Parameters is applicable
2025-04-12 09:01:27,231 [INFO] Rule:228 - rule Change TZIC IT Secure Mode to Parameters is applicable
2025-04-12 09:01:27,231 [INFO] Rule:228 - rule Change TZIC IT No Secure Mode to Parameters is applicable
2025-04-12 09:01:27,231 [INFO] Rule:228 - rule Add MPCBB1_NonSecureArea_Start_Address value with referenced to MPCBB1_NonSecureArea_Start value is applicable
2025-04-12 09:01:27,231 [INFO] Rule:228 - rule Add MPCBB2_NonSecureArea_Start_Address value with referenced to MPCBB2_NonSecureArea_Start value is applicable
2025-04-12 09:01:27,231 [INFO] Rule:228 - rule Add MPCWM1_NonSecureArea*_Start_Address value with referenced to MPCWM1_NonSecureArea*_Start value is applicable
2025-04-12 09:01:27,231 [INFO] Rule:228 - rule Add MPCWM2_NonSecureArea*_Start_Address value with referenced to MPCWM2_NonSecureArea*_Start value is applicable
2025-04-12 09:01:27,231 [INFO] Rule:228 - rule Add MPCWM3_NonSecureArea_Start_Address value with referenced to MPCWM3_NonSecureArea_Start value is applicable
2025-04-12 09:01:27,231 [INFO] Rule:228 - rule Change Default Value for PLL1UserDefinedConfig is applicable
2025-04-12 09:01:27,231 [INFO] Rule:228 - rule Change GPIO_PuPd Default Value for USART in async mode is applicable
2025-04-12 09:01:27,231 [INFO] Rule:228 - rule Change SMPSDivider Default Value is applicable
2025-04-12 09:01:27,232 [INFO] Rule:228 - rule OPAMP is applicable
2025-04-12 09:01:27,232 [INFO] Rule:228 - rule LPUART IPParameter rename Prescaler parameter to ClockPrescaler for STM32H7 is applicable
2025-04-12 09:01:27,232 [INFO] Rule:228 - rule LPUART IPParameter rename Prescaler parameter to ClockPrescaler for STM32H7 is applicable
2025-04-12 09:01:27,232 [INFO] Rule:228 - rule LPUART IPParameter rename Prescaler parameter to ClockPrescaler for STM32WB is applicable
2025-04-12 09:01:27,232 [INFO] Rule:228 - rule LPUART IPParameter rename Prescaler parameter to ClockPrescaler for STM32WB is applicable
2025-04-12 09:01:27,232 [INFO] Rule:228 - rule LPUART IPParameter rename Prescaler parameter to ClockPrescaler for STM32G4 is applicable
2025-04-12 09:01:27,232 [INFO] Rule:228 - rule LPUART IPParameter rename Prescaler parameter to ClockPrescaler for STM32G4 is applicable
2025-04-12 09:01:27,232 [INFO] Rule:228 - rule LPUART IPParameter rename Prescaler parameter to ClockPrescaler for STM32L5 is applicable
2025-04-12 09:01:27,232 [INFO] Rule:228 - rule LPUART IPParameter rename Prescaler parameter to ClockPrescaler for STM32L5 is applicable
2025-04-12 09:01:27,232 [INFO] Rule:228 - rule LPUART IPParameter rename Prescaler parameter to ClockPrescaler for STM32G4 is applicable
2025-04-12 09:01:27,232 [INFO] Rule:228 - rule LPUART IPParameter rename Prescaler parameter to ClockPrescaler for STM32G4 is applicable
2025-04-12 09:01:27,232 [INFO] Rule:228 - rule USB device lib V2.5.3 for L0 rename USBD_SUPPORT_USER_STRING parameter to USBD_SUPPORT_USER_STRING_DESC4 is applicable
2025-04-12 09:01:27,232 [INFO] Rule:228 - rule I2SCLockSelection clock entry align is applicable
2025-04-12 09:01:27,232 [INFO] Rule:228 - rule Assign TIMx context if used as SYS timebase is applicable
2025-04-12 09:01:27,232 [INFO] Rule:228 - rule Change GPIO_Pu Default Value for I2C is applicable
2025-04-12 09:01:27,232 [INFO] Rule:228 - rule Change GPIO_Pu Default Value for SMBus is applicable
2025-04-12 09:01:27,232 [INFO] Rule:228 - rule change FDCAN default value is applicable
2025-04-12 09:01:27,232 [INFO] Rule:228 - rule Change mode sai is applicable
2025-04-12 09:01:27,232 [INFO] Rule:228 - rule **Change sai mode is applicable
2025-04-12 09:01:27,232 [INFO] Rule:228 - rule Rename STM32WPAN CFG_BLE_IRK to CFG_BLE_IR is applicable
2025-04-12 09:01:27,233 [INFO] Rule:228 - rule Rename STM32WPAN CFG_BLE_ERK to CFG_BLE_ER is applicable
2025-04-12 09:01:27,233 [INFO] Rule:228 - rule Rename STM32WPAN CFG_BLE_IRK_HEX to CFG_BLE_IR_HEX is applicable
2025-04-12 09:01:27,233 [INFO] Rule:228 - rule Rename STM32WPAN CFG_BLE_ERK_HEX to CFG_BLE_ER_HEX is applicable
2025-04-12 09:01:27,246 [INFO] DbConfProperties:307 - Apply Compatibility (49/262 Rules)
2025-04-12 09:01:27,281 [INFO] ImportTextPane:218 - (OptionalMessage_ERROR) Unable to find key (Mcu.ThirdPartyNb) in loaded IOC file
2025-04-12 09:01:27,373 [INFO] RtosManager:555 - Registered RTOS mode: class=CMSIS, group=RTOS, mode=CMSIS_V1, owner=FREERTOS
2025-04-12 09:01:27,373 [INFO] RtosManager:555 - Registered RTOS mode: class=CMSIS, group=RTOS2, mode=CMSIS_V2, owner=FREERTOS
2025-04-12 09:01:27,373 [INFO] RtosManager:555 - Registered RTOS mode: class=RTOS, group=Core, mode=CMSIS_V1, owner=FREERTOS
2025-04-12 09:01:27,373 [INFO] RtosManager:555 - Registered RTOS mode: class=RTOS, group=Core, mode=CMSIS_V2, owner=FREERTOS
2025-04-12 09:01:27,373 [WARN] ModelIntegratedComponent:184 - Missing modes for component STMicroelectronics:FreeRTOS:0.0.1:STMicroelectronics:RTOS:FreeRTOS:Core:::10.2.0:
2025-04-12 09:01:27,389 [WARN] ModelIntegratedComponent:182 - Modes not found for component STMicroelectronics:USB_HOST:1.0.0:STMicroelectronics:USB::USB Host:Audio HS::1.0:USB_HOST_1_0_RESTRICTED_HS
2025-04-12 09:01:27,389 [WARN] ModelIntegratedComponent:188 - Modes not found for component STMicroelectronics:USB_HOST:1.0.0:STMicroelectronics:USB::USB Host:Audio HS::1.0:USB_HOST_1_0_RESTRICTED_HS
2025-04-12 09:01:27,389 [WARN] ModelIntegratedComponent:182 - Modes not found for component STMicroelectronics:USB_HOST:1.0.0:STMicroelectronics:USB::USB Host:CDC HS::1.0:USB_HOST_1_0_RESTRICTED_HS
2025-04-12 09:01:27,389 [WARN] ModelIntegratedComponent:188 - Modes not found for component STMicroelectronics:USB_HOST:1.0.0:STMicroelectronics:USB::USB Host:CDC HS::1.0:USB_HOST_1_0_RESTRICTED_HS
2025-04-12 09:01:27,389 [WARN] ModelIntegratedComponent:182 - Modes not found for component STMicroelectronics:USB_HOST:1.0.0:STMicroelectronics:USB::USB Host:MSC HS::1.0:USB_HOST_1_0_RESTRICTED_HS
2025-04-12 09:01:27,389 [WARN] ModelIntegratedComponent:188 - Modes not found for component STMicroelectronics:USB_HOST:1.0.0:STMicroelectronics:USB::USB Host:MSC HS::1.0:USB_HOST_1_0_RESTRICTED_HS
2025-04-12 09:01:27,389 [WARN] ModelIntegratedComponent:182 - Modes not found for component STMicroelectronics:USB_HOST:1.0.0:STMicroelectronics:USB::USB Host:HID HS::1.0:USB_HOST_1_0_RESTRICTED_HS
2025-04-12 09:01:27,389 [WARN] ModelIntegratedComponent:188 - Modes not found for component STMicroelectronics:USB_HOST:1.0.0:STMicroelectronics:USB::USB Host:HID HS::1.0:USB_HOST_1_0_RESTRICTED_HS
2025-04-12 09:01:27,389 [WARN] ModelIntegratedComponent:182 - Modes not found for component STMicroelectronics:USB_HOST:1.0.0:STMicroelectronics:USB::USB Host:MTP HS::1.0:USB_HOST_1_0_RESTRICTED_HS
2025-04-12 09:01:27,389 [WARN] ModelIntegratedComponent:188 - Modes not found for component STMicroelectronics:USB_HOST:1.0.0:STMicroelectronics:USB::USB Host:MTP HS::1.0:USB_HOST_1_0_RESTRICTED_HS
2025-04-12 09:01:27,400 [WARN] ModelIntegratedComponent:63 - No mode defined for component null
2025-04-12 09:01:27,400 [WARN] ModelIntegratedComponent:63 - No mode defined for component null
2025-04-12 09:01:27,400 [WARN] ModelIntegratedComponent:63 - No mode defined for component null
2025-04-12 09:01:27,400 [WARN] ModelIntegratedComponent:63 - No mode defined for component null
2025-04-12 09:01:27,400 [WARN] ModelIntegratedComponent:63 - No mode defined for component null
2025-04-12 09:01:27,401 [WARN] ModelIntegratedComponent:63 - No mode defined for component null
2025-04-12 09:01:27,401 [WARN] ModelIntegratedComponent:63 - No mode defined for component null
2025-04-12 09:01:27,401 [WARN] ModelIntegratedComponent:63 - No mode defined for component null
2025-04-12 09:01:27,401 [WARN] ModelIntegratedComponent:63 - No mode defined for component null
2025-04-12 09:01:27,401 [WARN] ModelIntegratedComponent:63 - No mode defined for component null
2025-04-12 09:01:27,401 [WARN] ModelIntegratedComponent:63 - No mode defined for component null
2025-04-12 09:01:27,401 [WARN] ModelIntegratedComponent:63 - No mode defined for component null
2025-04-12 09:01:27,401 [WARN] ModelIntegratedComponent:63 - No mode defined for component null
2025-04-12 09:01:27,401 [WARN] ModelIntegratedComponent:63 - No mode defined for component null
2025-04-12 09:01:27,401 [WARN] ModelIntegratedComponent:63 - No mode defined for component null
2025-04-12 09:01:27,401 [WARN] ModelIntegratedComponent:63 - No mode defined for component null
2025-04-12 09:01:27,401 [WARN] ModelIntegratedComponent:63 - No mode defined for component null
2025-04-12 09:01:27,401 [WARN] ModelIntegratedComponent:63 - No mode defined for component null
2025-04-12 09:01:27,402 [WARN] ModelIntegratedComponent:63 - No mode defined for component null
2025-04-12 09:01:27,402 [WARN] ModelIntegratedComponent:63 - No mode defined for component null
2025-04-12 09:01:27,402 [WARN] ModelIntegratedComponent:63 - No mode defined for component null
2025-04-12 09:01:27,402 [WARN] ModelIntegratedComponent:63 - No mode defined for component null
2025-04-12 09:01:27,402 [WARN] ModelIntegratedComponent:63 - No mode defined for component null
2025-04-12 09:01:27,402 [WARN] ModelIntegratedComponent:63 - No mode defined for component null
2025-04-12 09:01:27,402 [WARN] ModelIntegratedComponent:63 - No mode defined for component null
2025-04-12 09:01:27,402 [WARN] ModelIntegratedComponent:63 - No mode defined for component null
2025-04-12 09:01:27,402 [WARN] ModelIntegratedComponent:63 - No mode defined for component null
2025-04-12 09:01:27,402 [WARN] ModelIntegratedComponent:63 - No mode defined for component null
2025-04-12 09:01:27,402 [WARN] ModelIntegratedComponent:63 - No mode defined for component null
2025-04-12 09:01:27,402 [WARN] ModelIntegratedComponent:63 - No mode defined for component null
2025-04-12 09:01:27,402 [WARN] ModelIntegratedComponent:63 - No mode defined for component null
2025-04-12 09:01:27,402 [WARN] ModelIntegratedComponent:63 - No mode defined for component null
2025-04-12 09:01:27,402 [WARN] ModelIntegratedComponent:63 - No mode defined for component null
2025-04-12 09:01:27,402 [WARN] ModelIntegratedComponent:63 - No mode defined for component null
2025-04-12 09:01:27,402 [WARN] ModelIntegratedComponent:63 - No mode defined for component null
2025-04-12 09:01:27,403 [WARN] ModelPack:524 - Component already loaded: STMicroelectronics:HAL Drivers:0.0.0:STMicroelectronics:Device:STMicro_Driver:XSPI:HAL::0.0.1:HAL_XSPI
2025-04-12 09:01:27,540 [WARN] ModelIntegratedComponent:182 - Modes not found for component STMicroelectronics:USB_DEVICE:1.0.0:STMicroelectronics:USB::USB Device:Audio HS::1.0:USB_DEVICE_1_0_RESTRICTED_HS
2025-04-12 09:01:27,540 [WARN] ModelIntegratedComponent:188 - Modes not found for component STMicroelectronics:USB_DEVICE:1.0.0:STMicroelectronics:USB::USB Device:Audio HS::1.0:USB_DEVICE_1_0_RESTRICTED_HS
2025-04-12 09:01:27,540 [WARN] ModelIntegratedComponent:182 - Modes not found for component STMicroelectronics:USB_DEVICE:1.0.0:STMicroelectronics:USB::USB Device:CDC HS::1.0:USB_DEVICE_1_0_RESTRICTED_HS
2025-04-12 09:01:27,540 [WARN] ModelIntegratedComponent:188 - Modes not found for component STMicroelectronics:USB_DEVICE:1.0.0:STMicroelectronics:USB::USB Device:CDC HS::1.0:USB_DEVICE_1_0_RESTRICTED_HS
2025-04-12 09:01:27,540 [WARN] ModelIntegratedComponent:182 - Modes not found for component STMicroelectronics:USB_DEVICE:1.0.0:STMicroelectronics:USB::USB Device:DFU HS::1.0:USB_DEVICE_1_0_RESTRICTED_HS
2025-04-12 09:01:27,540 [WARN] ModelIntegratedComponent:188 - Modes not found for component STMicroelectronics:USB_DEVICE:1.0.0:STMicroelectronics:USB::USB Device:DFU HS::1.0:USB_DEVICE_1_0_RESTRICTED_HS
2025-04-12 09:01:27,540 [WARN] ModelIntegratedComponent:182 - Modes not found for component STMicroelectronics:USB_DEVICE:1.0.0:STMicroelectronics:USB::USB Device:HID HS::1.0:USB_DEVICE_1_0_RESTRICTED_HS
2025-04-12 09:01:27,540 [WARN] ModelIntegratedComponent:188 - Modes not found for component STMicroelectronics:USB_DEVICE:1.0.0:STMicroelectronics:USB::USB Device:HID HS::1.0:USB_DEVICE_1_0_RESTRICTED_HS
2025-04-12 09:01:27,540 [WARN] ModelIntegratedComponent:182 - Modes not found for component STMicroelectronics:USB_DEVICE:1.0.0:STMicroelectronics:USB::USB Device:Custom HID HS::1.0:USB_DEVICE_1_0_RESTRICTED_HS
2025-04-12 09:01:27,540 [WARN] ModelIntegratedComponent:188 - Modes not found for component STMicroelectronics:USB_DEVICE:1.0.0:STMicroelectronics:USB::USB Device:Custom HID HS::1.0:USB_DEVICE_1_0_RESTRICTED_HS
2025-04-12 09:01:27,540 [WARN] ModelIntegratedComponent:182 - Modes not found for component STMicroelectronics:USB_DEVICE:1.0.0:STMicroelectronics:USB::USB Device:MSC HS::1.0:USB_DEVICE_1_0_RESTRICTED_HS
2025-04-12 09:01:27,540 [WARN] ModelIntegratedComponent:188 - Modes not found for component STMicroelectronics:USB_DEVICE:1.0.0:STMicroelectronics:USB::USB Device:MSC HS::1.0:USB_DEVICE_1_0_RESTRICTED_HS
2025-04-12 09:01:27,559 [INFO] ThirdPartyModel:298 - Start build external matchings
2025-04-12 09:01:28,178 [INFO] ThirdPartyModel:316 - End build external matchings
2025-04-12 09:01:28,200 [INFO] ImportTextPane:218 - (OptionalMessage_ERROR) IP (RCC) : Parameter (48MHZClocksFreq_Value) has invalid value (84000000)
2025-04-12 09:01:28,201 [INFO] ImportTextPane:218 - (OptionalMessage_ERROR) IP (RCC) : Parameter (FLatency) has Id (AdvancedSettings) currently not set
2025-04-12 09:01:28,202 [INFO] ImportTextPane:218 - (OptionalMessage_ERROR) IP (RCC) : Parameter (RTCHSEDivFreq_Value) has invalid value (4000000)
2025-04-12 09:01:28,506 [INFO] UtilMem:75 - End LoadConfig() Used Memory: 711296584 Bytes (1073741824)
2025-04-12 09:01:28,658 [WARN] ThirdParty:833 - waiting for thirdparty lock release [change project]
2025-04-12 09:01:28,659 [INFO] ThirdParty:835 - entering critical section [change project]
2025-04-12 09:01:28,659 [INFO] ThirdParty:1030 - CMSIS Pack Vendor :STMicroelectronics USBPD 4.1
2025-04-12 09:01:28,659 [INFO] ThirdParty:1030 - CMSIS Pack Vendor :STMicroelectronics X-CUBE-AZRTOS-H7 3.3.0
2025-04-12 09:01:28,659 [INFO] ThirdParty:1030 - CMSIS Pack Vendor :STMicroelectronics X-CUBE-NFC9 1.0.0
2025-04-12 09:01:28,659 [INFO] ThirdParty:1030 - CMSIS Pack Vendor :STMicroelectronics USB_HOST 2.0.0
2025-04-12 09:01:28,659 [INFO] ThirdParty:1030 - CMSIS Pack Vendor :STMicroelectronics FP-SNS-MOTENVWB1 1.4.0
2025-04-12 09:01:28,659 [INFO] ThirdParty:1030 - CMSIS Pack Vendor :STMicroelectronics X-CUBE-AZRTOS-F4 1.1.0
2025-04-12 09:01:28,659 [INFO] ThirdParty:1030 - CMSIS Pack Vendor :STMicroelectronics LIBJPEG 8.0.0
2025-04-12 09:01:28,659 [INFO] ThirdParty:1030 - CMSIS Pack Vendor :STMicroelectronics FP-ATR-ASTRA1 2.0.2
2025-04-12 09:01:28,659 [INFO] ThirdParty:1030 - CMSIS Pack Vendor :STMicroelectronics X-CUBE-BLE1 7.1.0
2025-04-12 09:01:28,659 [INFO] ThirdParty:1030 - CMSIS Pack Vendor :Avnet-IotConnect X-CUBE-IoTC-DA16k-PMOD 1.0.0
2025-04-12 09:01:28,659 [INFO] ThirdParty:1030 - CMSIS Pack Vendor :STMicroelectronics X-CUBE-SMBUS 2.1.0
2025-04-12 09:01:28,659 [INFO] ThirdParty:1030 - CMSIS Pack Vendor :STMicroelectronics X-CUBE-WB05N 1.1.0
2025-04-12 09:01:28,659 [INFO] ThirdParty:1030 - CMSIS Pack Vendor :wolfSSL I-CUBE-wolfMQTT 1.19.2
2025-04-12 09:01:28,659 [INFO] ThirdParty:1030 - CMSIS Pack Vendor :STMicroelectronics USB_DEVICE 3.0.0
2025-04-12 09:01:28,659 [INFO] ThirdParty:1030 - CMSIS Pack Vendor :STMicroelectronics X-CUBE-ISPU 2.1.0
2025-04-12 09:01:28,659 [INFO] ThirdParty:1030 - CMSIS Pack Vendor :STMicroelectronics X-CUBE-AZRTOS-WB 2.0.0
2025-04-12 09:01:28,659 [INFO] ThirdParty:1030 - CMSIS Pack Vendor :STMicroelectronics X-CUBE-GNSS1 7.0.1
2025-04-12 09:01:28,659 [INFO] ThirdParty:1030 - CMSIS Pack Vendor :STMicroelectronics X-CUBE-AZRTOS-F7 1.1.0
2025-04-12 09:01:28,660 [INFO] ThirdParty:1030 - CMSIS Pack Vendor :STMicroelectronics X-CUBE-AZRTOS-L5 2.0.0
2025-04-12 09:01:28,660 [INFO] ThirdParty:1030 - CMSIS Pack Vendor :STMicroelectronics X-CUBE-TOUCHGFX 4.25.0
2025-04-12 09:01:28,660 [INFO] ThirdParty:1030 - CMSIS Pack Vendor :STMicroelectronics USB_DEVICE 2.0.0
2025-04-12 09:01:28,660 [INFO] ThirdParty:1030 - CMSIS Pack Vendor :STMicroelectronics X-CUBE-NFC6 3.1.0
2025-04-12 09:01:28,660 [INFO] ThirdParty:1030 - CMSIS Pack Vendor :STMicroelectronics FP-SNS-STBOX1 2.0.0
2025-04-12 09:01:28,660 [INFO] ThirdParty:1030 - CMSIS Pack Vendor :STMicroelectronics FreeRTOS 0.0.1
2025-04-12 09:01:28,660 [INFO] ThirdParty:1030 - CMSIS Pack Vendor :STMicroelectronics X-CUBE-AZRTOS-G0 1.1.0
2025-04-12 09:01:28,660 [INFO] ThirdParty:1030 - CMSIS Pack Vendor :STMicroelectronics X-CUBE-SAFEA1 1.2.2
2025-04-12 09:01:28,660 [INFO] ThirdParty:1030 - CMSIS Pack Vendor :STMicroelectronics X-CUBE-NFC4 3.0.0
2025-04-12 09:01:28,660 [INFO] ThirdParty:1030 - CMSIS Pack Vendor :STMicroelectronics X-CUBE-DPower 1.2.0
2025-04-12 09:01:28,660 [INFO] ThirdParty:1030 - CMSIS Pack Vendor :STMicroelectronics X-CUBE-SUBG2 5.0.0
2025-04-12 09:01:28,660 [INFO] ThirdParty:1030 - CMSIS Pack Vendor :STMicroelectronics X-CUBE-AZRTOS-H7RS 1.1.0
2025-04-12 09:01:28,660 [INFO] ThirdParty:1030 - CMSIS Pack Vendor :STMicroelectronics STM32_WPAN 1.0.0
2025-04-12 09:01:28,660 [INFO] ThirdParty:1030 - CMSIS Pack Vendor :EmbeddedOffice I-CUBE-FS-RTOS 1.0.1
2025-04-12 09:01:28,660 [INFO] ThirdParty:1030 - CMSIS Pack Vendor :STMicroelectronics lwIP 2.0.3
2025-04-12 09:01:28,660 [INFO] ThirdParty:1030 - CMSIS Pack Vendor :STMicroelectronics FP-SNS-FLIGHT1 5.0.2
2025-04-12 09:01:28,660 [INFO] ThirdParty:1030 - CMSIS Pack Vendor :Cesanta I-CUBE-Mongoose 7.13.0
2025-04-12 09:01:28,660 [INFO] ThirdParty:1030 - CMSIS Pack Vendor :STMicroelectronics USB_HOST 1.0.0
2025-04-12 09:01:28,660 [INFO] ThirdParty:1030 - CMSIS Pack Vendor :Infineon AIROC-Wi-Fi-Bluetooth-STM32 1.7.0
2025-04-12 09:01:28,660 [INFO] ThirdParty:1030 - CMSIS Pack Vendor :STMicroelectronics X-CUBE-AZRTOS-G4 2.0.0
2025-04-12 09:01:28,660 [INFO] ThirdParty:1030 - CMSIS Pack Vendor :STMicroelectronics PDM2PCM 3.1.0
2025-04-12 09:01:28,660 [INFO] ThirdParty:1030 - CMSIS Pack Vendor :STMicroelectronics PDM2PCM 3.3.0
2025-04-12 09:01:28,660 [INFO] ThirdParty:1030 - CMSIS Pack Vendor :wolfSSL I-CUBE-wolfTPM 3.8.0
2025-04-12 09:01:28,660 [INFO] ThirdParty:1030 - CMSIS Pack Vendor :STMicroelectronics X-CUBE-DISPLAY 3.0.0
2025-04-12 09:01:28,660 [INFO] ThirdParty:1030 - CMSIS Pack Vendor :wolfSSL I-CUBE-wolfSSH 1.4.20
2025-04-12 09:01:28,660 [INFO] ThirdParty:1030 - CMSIS Pack Vendor :STMicroelectronics X-CUBE-TCPP 4.2.0
2025-04-12 09:01:28,660 [INFO] ThirdParty:1030 - CMSIS Pack Vendor :RealThread X-CUBE-RT-Thread_Nano 4.1.1
2025-04-12 09:01:28,660 [INFO] ThirdParty:1030 - CMSIS Pack Vendor :STMicroelectronics X-CUBE-BLE1 7.0.0
2025-04-12 09:01:28,661 [INFO] ThirdParty:1030 - CMSIS Pack Vendor :STMicroelectronics FP-ATR-SIGFOX1 3.2.0
2025-04-12 09:01:28,661 [INFO] ThirdParty:1030 - CMSIS Pack Vendor :STMicroelectronics X-CUBE-NFC10 1.0.0
2025-04-12 09:01:28,661 [INFO] ThirdParty:1030 - CMSIS Pack Vendor :quantropi X-CUBE-qispace-sdk-base 1.9.3
2025-04-12 09:01:28,661 [INFO] ThirdParty:1030 - CMSIS Pack Vendor :STMicroelectronics X-CUBE-BLEMGR 4.0.0
2025-04-12 09:01:28,661 [INFO] ThirdParty:1030 - CMSIS Pack Vendor :STMicroelectronics X-CUBE-EEPRMA1 5.1.0
2025-04-12 09:01:28,661 [INFO] ThirdParty:1030 - CMSIS Pack Vendor :STMicroelectronics HAL Drivers 0.0.0
2025-04-12 09:01:28,661 [INFO] ThirdParty:1030 - CMSIS Pack Vendor :STMicroelectronics MBEDTLS 2.16.2
2025-04-12 09:01:28,661 [INFO] ThirdParty:1030 - CMSIS Pack Vendor :STMicroelectronics X-CUBE-IPS 3.1.0
2025-04-12 09:01:28,661 [INFO] ThirdParty:1030 - CMSIS Pack Vendor :STMicroelectronics X-CUBE-ALS 1.0.2
2025-04-12 09:01:28,661 [INFO] ThirdParty:1030 - CMSIS Pack Vendor :emotas I-CUBE-CANOPEN 1.3.0
2025-04-12 09:01:28,661 [INFO] ThirdParty:1030 - CMSIS Pack Vendor :STMicroelectronics X-CUBE-FREERTOS 1.3.0
2025-04-12 09:01:28,661 [INFO] ThirdParty:1030 - CMSIS Pack Vendor :STMicroelectronics X-CUBE-NFC7 1.0.1
2025-04-12 09:01:28,661 [INFO] ThirdParty:1030 - CMSIS Pack Vendor :STMicroelectronics MBEDTLS 2.14.1
2025-04-12 09:01:28,661 [INFO] ThirdParty:1030 - CMSIS Pack Vendor :wolfSSL I-CUBE-wolfSSL 5.7.6
2025-04-12 09:01:28,661 [INFO] ThirdParty:1030 - CMSIS Pack Vendor :ITTIA_DB I-CUBE-ITTIADB 8.9.0
2025-04-12 09:01:28,661 [INFO] ThirdParty:1030 - CMSIS Pack Vendor :STMicroelectronics X-CUBE-TOUCHGFX 4.24.2
2025-04-12 09:01:28,661 [INFO] ThirdParty:1030 - CMSIS Pack Vendor :portGmbH I-Cube-SoM-uGOAL 1.1.0
2025-04-12 09:01:28,661 [INFO] ThirdParty:1030 - CMSIS Pack Vendor :STMicroelectronics X-CUBE-AI 10.0.0
2025-04-12 09:01:28,661 [INFO] ThirdParty:1030 - CMSIS Pack Vendor :STMicroelectronics ThreadX 1.0.0
2025-04-12 09:01:28,661 [INFO] ThirdParty:1030 - CMSIS Pack Vendor :STMicroelectronics FP-SNS-SMARTAG2 1.2.0
2025-04-12 09:01:28,661 [INFO] ThirdParty:1030 - CMSIS Pack Vendor :STMicroelectronics FP-SNS-FLIGHT1 5.1.0
2025-04-12 09:01:28,661 [INFO] ThirdParty:1030 - CMSIS Pack Vendor :STMicroelectronics X-CUBE-MEMS1 11.1.0
2025-04-12 09:01:28,661 [INFO] ThirdParty:1030 - CMSIS Pack Vendor :STMicroelectronics X-CUBE-AZRTOS-WL 2.0.0
2025-04-12 09:01:28,661 [INFO] ThirdParty:1030 - CMSIS Pack Vendor :SEGGER I-CUBE-embOS 1.3.1
2025-04-12 09:01:28,661 [INFO] ThirdParty:1030 - CMSIS Pack Vendor :STMicroelectronics X-CUBE-ALGOBUILD 1.4.0
2025-04-12 09:01:28,661 [INFO] ThirdParty:1030 - CMSIS Pack Vendor :STMicroelectronics X-CUBE-DPower 1.3.0
2025-04-12 09:01:28,662 [INFO] ThirdParty:1030 - CMSIS Pack Vendor :STMicroelectronics FP-SNS-MOTENV1 5.0.0
2025-04-12 09:01:28,662 [INFO] ThirdParty:1030 - CMSIS Pack Vendor :STMicroelectronics USB_DEVICE 1.0.0
2025-04-12 09:01:28,662 [INFO] ThirdParty:1030 - CMSIS Pack Vendor :STMicroelectronics X-CUBE-AZRTOS-H7RS 1.0.0
2025-04-12 09:01:28,662 [INFO] ThirdParty:1030 - CMSIS Pack Vendor :STMicroelectronics X-CUBE-AZRTOS-L4 2.0.0
2025-04-12 09:01:28,662 [INFO] ThirdParty:1030 - CMSIS Pack Vendor :STMicroelectronics ThreadX 0.0.2
2025-04-12 09:01:28,662 [INFO] ThirdParty:1030 - CMSIS Pack Vendor :WES I-CUBE-Cesium 1.3.0
2025-04-12 09:01:28,662 [INFO] ThirdParty:1030 - CMSIS Pack Vendor :STMicroelectronics lwIP 2.1.2
2025-04-12 09:01:28,662 [INFO] ThirdParty:1030 - CMSIS Pack Vendor :STMicroelectronics X-CUBE-SFXS2LP1 4.0.0
2025-04-12 09:01:28,662 [INFO] ThirdParty:1030 - CMSIS Pack Vendor :STMicroelectronics X-CUBE-BLE2 3.3.0
2025-04-12 09:01:28,662 [INFO] ThirdParty:1030 - CMSIS Pack Vendor :STMicroelectronics X-CUBE-TOF1 3.4.2
2025-04-12 09:01:28,662 [INFO] ThirdParty:1030 - CMSIS Pack Vendor :STMicroelectronics PDM2PCM 3.2.0
2025-04-12 09:01:28,662 [INFO] ThirdParty:841 - exiting critical section [change project]
2025-04-12 09:01:28,993 [INFO] PinOutPanel:1589 - setPackage(No Configuration,No Configuration)
2025-04-12 09:01:28,994 [INFO] PinOutPanel:1589 - setPackage(STM32F411RETx,LQFP64)
2025-04-12 09:01:29,578 [INFO] UtilMem:75 - Before build in PCC Used Memory: 888009952 Bytes (1073741824)
2025-04-12 09:01:30,524 [INFO] UtilMem:75 - After build in PCC Used Memory: 955645152 Bytes (1073741824)
2025-04-12 09:01:30,557 [INFO] IPUIPlugin:80 - create IPUIPlugin
2025-04-12 09:01:30,558 [INFO] IPUIPlugin:80 - create IPUIPlugin
2025-04-12 09:01:30,558 [INFO] IPUIPlugin:80 - create IPUIPlugin
2025-04-12 09:01:30,558 [INFO] IPUIPlugin:80 - create IPUIPlugin
2025-04-12 09:01:30,558 [INFO] IPUIPlugin:80 - create IPUIPlugin
2025-04-12 09:01:30,558 [INFO] IPUIPlugin:80 - create IPUIPlugin
2025-04-12 09:01:30,558 [INFO] IPUIPlugin:80 - create IPUIPlugin
2025-04-12 09:01:30,558 [INFO] IPUIPlugin:80 - create IPUIPlugin
2025-04-12 09:01:30,558 [INFO] IPUIPlugin:80 - create IPUIPlugin
2025-04-12 09:01:30,558 [INFO] IPUIPlugin:80 - create IPUIPlugin
2025-04-12 09:01:30,558 [INFO] IPUIPlugin:80 - create IPUIPlugin
2025-04-12 09:01:30,558 [INFO] IPUIPlugin:80 - create IPUIPlugin
2025-04-12 09:01:30,559 [INFO] IPUIPlugin:80 - create IPUIPlugin
2025-04-12 09:01:30,559 [INFO] IPUIPlugin:80 - create IPUIPlugin
2025-04-12 09:01:30,559 [INFO] IPUIPlugin:80 - create IPUIPlugin
2025-04-12 09:01:30,559 [INFO] IPUIPlugin:80 - create IPUIPlugin
2025-04-12 09:01:30,559 [INFO] IPUIPlugin:80 - create IPUIPlugin
2025-04-12 09:01:30,560 [INFO] IPUIPlugin:80 - create IPUIPlugin
2025-04-12 09:01:30,560 [INFO] IPUIPlugin:80 - create IPUIPlugin
2025-04-12 09:01:30,560 [INFO] IPUIPlugin:80 - create IPUIPlugin
2025-04-12 09:01:30,560 [INFO] IPUIPlugin:80 - create IPUIPlugin
2025-04-12 09:01:30,561 [INFO] IPUIPlugin:80 - create IPUIPlugin
2025-04-12 09:01:30,561 [INFO] IPUIPlugin:80 - create IPUIPlugin
2025-04-12 09:01:30,561 [INFO] IPUIPlugin:80 - create IPUIPlugin
2025-04-12 09:01:30,561 [INFO] IPUIPlugin:80 - create IPUIPlugin
2025-04-12 09:01:30,562 [INFO] IPUIPlugin:80 - create IPUIPlugin
2025-04-12 09:01:30,562 [INFO] IPUIPlugin:80 - create IPUIPlugin
2025-04-12 09:01:30,562 [INFO] IPUIPlugin:80 - create IPUIPlugin
2025-04-12 09:01:30,562 [INFO] IPUIPlugin:80 - create IPUIPlugin
2025-04-12 09:01:30,562 [INFO] IPUIPlugin:80 - create IPUIPlugin
2025-04-12 09:01:30,562 [INFO] IPUIPlugin:80 - create IPUIPlugin
2025-04-12 09:01:30,562 [INFO] IPUIPlugin:80 - create IPUIPlugin
2025-04-12 09:01:30,563 [INFO] IPUIPlugin:80 - create IPUIPlugin
2025-04-12 09:01:30,563 [INFO] IPUIPlugin:80 - create IPUIPlugin
2025-04-12 09:01:30,563 [INFO] IPUIPlugin:80 - create IPUIPlugin
2025-04-12 09:01:30,563 [INFO] IPUIPlugin:80 - create IPUIPlugin
2025-04-12 09:01:30,563 [INFO] IPUIPlugin:80 - create IPUIPlugin
2025-04-12 09:01:30,565 [INFO] IPUIPlugin:80 - create IPUIPlugin
2025-04-12 09:01:30,565 [INFO] IPUIPlugin:80 - create IPUIPlugin
2025-04-12 09:01:30,566 [INFO] IPUIPlugin:80 - create IPUIPlugin
2025-04-12 09:01:30,566 [INFO] IPUIPlugin:80 - create IPUIPlugin
2025-04-12 09:01:30,567 [INFO] IPUIPlugin:80 - create IPUIPlugin
2025-04-12 09:01:30,567 [INFO] IPUIPlugin:80 - create IPUIPlugin
2025-04-12 09:01:30,656 [INFO] ApiDbMcu:508 - Load IP Config File for PDM2PCM
2025-04-12 09:01:30,912 [INFO] CADModel:165 - CPN selected for project levelSTM32F411RET6
2025-04-12 09:01:30,912 [INFO] CADModel:114 - Register for checkConnection events
2025-04-12 09:01:30,963 [INFO] OpenFileManager:363 - Restore cursor
2025-04-12 09:01:33,169 [INFO] UtilMem:75 - End SaveConfig() Used Memory: 771816864 Bytes (1073741824)
2025-04-12 09:01:33,259 [INFO] UtilMem:75 - End SaveConfig() Used Memory: 786482864 Bytes (1073741824)
2025-04-12 09:01:33,830 [INFO] BlockDiagram:2766 - set Specific Code input for plugin: NVIC
2025-04-12 09:01:33,830 [INFO] BlockDiagram:2766 - set Specific Code input for plugin: USART
2025-04-12 09:01:33,830 [INFO] BlockDiagram:2766 - set Specific Code input for plugin: SYS
2025-04-12 09:01:33,830 [INFO] BlockDiagram:2766 - set Specific Code input for plugin: GPIO
2025-04-12 09:01:33,831 [INFO] BlockDiagram:2766 - set Specific Code input for plugin: RCC
2025-04-12 09:01:33,832 [INFO] CodeGenerator:896 - code generatio: config db path: C:\ST\STM32CubeIDE_1.17.0\STM32CubeIDE\plugins\com.st.stm32cube.common.mx_6.13.0.202411220809\\db\
2025-04-12 09:01:34,091 [INFO] CodeEngine:255 - oldGeneratedFile, C:\Users\Flori\Documents\Project\Tech\IT\firmware-development\NucleoF411RE-ApplicationShield\nucleo-AppShield\MXTmpFiles\license.tmp_save
2025-04-12 09:01:34,504 [INFO] CodeEngine:279 - Generated code: C:\Users\Flori\Documents\Project\Tech\IT\firmware-development\NucleoF411RE-ApplicationShield\nucleo-AppShield\MXTmpFiles\license.tmp
2025-04-12 09:01:34,599 [INFO] CodeEngine:255 - oldGeneratedFile, C:\Users\Flori\Documents\Project\Tech\IT\firmware-development\NucleoF411RE-ApplicationShield\nucleo-AppShield\MXTmpFiles\gpio.tmp_save
2025-04-12 09:01:34,798 [INFO] CodeEngine:279 - Generated code: C:\Users\Flori\Documents\Project\Tech\IT\firmware-development\NucleoF411RE-ApplicationShield\nucleo-AppShield\MXTmpFiles\gpio.tmp
2025-04-12 09:01:34,957 [INFO] CodeEngine:255 - oldGeneratedFile, C:\Users\Flori\Documents\Project\Tech\IT\firmware-development\NucleoF411RE-ApplicationShield\nucleo-AppShield\Core\Src\stm32f4xx_it.c_save
2025-04-12 09:01:35,146 [INFO] CodeEngine:279 - Generated code: C:\Users\Flori\Documents\Project\Tech\IT\firmware-development\NucleoF411RE-ApplicationShield\nucleo-AppShield\Core\Src\stm32f4xx_it.c
2025-04-12 09:01:35,159 [INFO] CodeEngine:255 - oldGeneratedFile, C:\Users\Flori\Documents\Project\Tech\IT\firmware-development\NucleoF411RE-ApplicationShield\nucleo-AppShield\Core\Inc\stm32f4xx_it.h_save
2025-04-12 09:01:35,282 [INFO] CodeEngine:279 - Generated code: C:\Users\Flori\Documents\Project\Tech\IT\firmware-development\NucleoF411RE-ApplicationShield\nucleo-AppShield\Core\Inc\stm32f4xx_it.h
2025-04-12 09:01:35,311 [INFO] CodeEngine:255 - oldGeneratedFile, C:\Users\Flori\Documents\Project\Tech\IT\firmware-development\NucleoF411RE-ApplicationShield\nucleo-AppShield\Core\Src\stm32f4xx_hal_msp.c_save
2025-04-12 09:01:35,497 [INFO] CodeEngine:279 - Generated code: C:\Users\Flori\Documents\Project\Tech\IT\firmware-development\NucleoF411RE-ApplicationShield\nucleo-AppShield\Core\Src\stm32f4xx_hal_msp.c
2025-04-12 09:01:35,510 [INFO] CodeEngine:255 - oldGeneratedFile, C:\Users\Flori\Documents\Project\Tech\IT\firmware-development\NucleoF411RE-ApplicationShield\nucleo-AppShield\MXTmpFiles\system.tmp_save
2025-04-12 09:01:35,594 [INFO] CodeEngine:279 - Generated code: C:\Users\Flori\Documents\Project\Tech\IT\firmware-development\NucleoF411RE-ApplicationShield\nucleo-AppShield\MXTmpFiles\system.tmp
2025-04-12 09:01:35,619 [INFO] CodeEngine:311 - oldGeneratedFile, C:\Users\Flori\Documents\Project\Tech\IT\firmware-development\NucleoF411RE-ApplicationShield\nucleo-AppShield\Core\Inc\stm32f4xx_hal_conf.h_save
2025-04-12 09:01:35,784 [INFO] CodeEngine:335 - Generated code: C:\Users\Flori\Documents\Project\Tech\IT\firmware-development\NucleoF411RE-ApplicationShield\nucleo-AppShield\Core\Inc\stm32f4xx_hal_conf.h
2025-04-12 09:01:35,855 [INFO] ApiDbMcu:508 - Load IP Config File for USART2
2025-04-12 09:01:35,867 [INFO] ApiDbMcu:508 - Load IP Config File for RCC
2025-04-12 09:01:35,894 [INFO] CodeEngine:255 - oldGeneratedFile, C:\Users\Flori\Documents\Project\Tech\IT\firmware-development\NucleoF411RE-ApplicationShield\nucleo-AppShield\Core\Inc\main.h_save
2025-04-12 09:01:36,048 [INFO] CodeEngine:279 - Generated code: C:\Users\Flori\Documents\Project\Tech\IT\firmware-development\NucleoF411RE-ApplicationShield\nucleo-AppShield\Core\Inc\main.h
2025-04-12 09:01:36,064 [INFO] CodeEngine:255 - oldGeneratedFile, C:\Users\Flori\Documents\Project\Tech\IT\firmware-development\NucleoF411RE-ApplicationShield\nucleo-AppShield\Core\Src\main.c_save
2025-04-12 09:01:36,273 [INFO] CodeEngine:279 - Generated code: C:\Users\Flori\Documents\Project\Tech\IT\firmware-development\NucleoF411RE-ApplicationShield\nucleo-AppShield\Core\Src\main.c
2025-04-12 09:01:36,776 [INFO] ProjectBuilder:3289 - Time for Copy HAL[1] : 187mS.
2025-04-12 09:01:36,785 [INFO] ProjectBuilder:4876 - Project Generator version: 4.5.0-RC5
2025-04-12 09:01:36,944 [INFO] ConfigFileManager:1579 - The Die is : DIE431
2025-04-12 09:01:36,973 [INFO] ApiDbMcu:508 - Load IP Config File for FATFS
2025-04-12 09:01:37,021 [INFO] ApiDbMcu:508 - Load IP Config File for FREERTOS
2025-04-12 09:01:37,038 [INFO] ApiDbMcu:508 - Load IP Config File for LIBJPEG
2025-04-12 09:01:37,120 [INFO] ApiDbMcu:508 - Load IP Config File for MBEDTLS
2025-04-12 09:01:37,183 [INFO] ApiDbMcu:508 - Load IP Config File for USB_DEVICE
2025-04-12 09:01:37,208 [INFO] ApiDbMcu:508 - Load IP Config File for USB_HOST
2025-04-12 09:01:38,154 [INFO] LogOutputStream:77 - [STDOUT_REDIRECT] 
2025-04-12 09:01:42,428 [INFO] ProjectBuilder:5154 - Time for Generating toolchain IDE Files: 5643mS.
2025-04-12 09:01:42,430 [INFO] ProjectBuilder:3146 - Time for Copy CMSIS : 1mS.
2025-04-12 09:01:42,434 [INFO] ProjectBuilder:3146 - Time for Copy CMSIS : 0mS.
2025-04-12 09:01:44,476 [INFO] McuFinderGlobals:76 - Set McuFinderConnectedMode to true
2025-04-12 09:01:44,482 [INFO] ApiDb:448 - Save user favorites file C:\Users\Flori/.stm32cubeide/favorites.mcus.txt: 0 item(s)
2025-04-12 09:01:44,482 [INFO] ApiDb:452 - User favorites MCUs=[]
2025-04-12 09:01:44,485 [INFO] ApiDb:448 - Save user favorites file C:\Users\Flori/.stm32cubeide/favorites.boards.txt: 0 item(s)
2025-04-12 09:01:44,485 [INFO] ApiDb:452 - User favorites Boards=[]
2025-04-12 09:12:14,512 [INFO] Gpio:277 - dependency for GPIO [RCC, SYS, USART2]
2025-04-12 09:12:53,118 [INFO] UtilMem:75 - End SaveConfig() Used Memory: 807852224 Bytes (1073741824)
2025-04-12 09:12:55,336 [INFO] UtilMem:75 - End SaveConfig() Used Memory: 866470232 Bytes (1073741824)
2025-04-12 09:12:58,459 [INFO] UtilMem:75 - End SaveConfig() Used Memory: 932960200 Bytes (1073741824)
2025-04-12 09:12:59,049 [INFO] BlockDiagram:2766 - set Specific Code input for plugin: NVIC
2025-04-12 09:12:59,049 [INFO] BlockDiagram:2766 - set Specific Code input for plugin: USART
2025-04-12 09:12:59,050 [INFO] BlockDiagram:2766 - set Specific Code input for plugin: SYS
2025-04-12 09:12:59,051 [INFO] BlockDiagram:2766 - set Specific Code input for plugin: GPIO
2025-04-12 09:12:59,053 [INFO] BlockDiagram:2766 - set Specific Code input for plugin: RCC
2025-04-12 09:12:59,057 [INFO] CodeGenerator:896 - code generatio: config db path: C:\ST\STM32CubeIDE_1.17.0\STM32CubeIDE\plugins\com.st.stm32cube.common.mx_6.13.0.202411220809\\db\
2025-04-12 09:12:59,143 [INFO] CodeEngine:255 - oldGeneratedFile, C:\Users\Flori\Documents\Project\Tech\IT\firmware-development\NucleoF411RE-ApplicationShield\nucleo-AppShield\MXTmpFiles\license.tmp_save
2025-04-12 09:12:59,389 [INFO] CodeEngine:279 - Generated code: C:\Users\Flori\Documents\Project\Tech\IT\firmware-development\NucleoF411RE-ApplicationShield\nucleo-AppShield\MXTmpFiles\license.tmp
2025-04-12 09:12:59,429 [INFO] CodeEngine:255 - oldGeneratedFile, C:\Users\Flori\Documents\Project\Tech\IT\firmware-development\NucleoF411RE-ApplicationShield\nucleo-AppShield\MXTmpFiles\gpio.tmp_save
2025-04-12 09:12:59,590 [INFO] CodeEngine:279 - Generated code: C:\Users\Flori\Documents\Project\Tech\IT\firmware-development\NucleoF411RE-ApplicationShield\nucleo-AppShield\MXTmpFiles\gpio.tmp
2025-04-12 09:12:59,678 [INFO] CodeEngine:255 - oldGeneratedFile, C:\Users\Flori\Documents\Project\Tech\IT\firmware-development\NucleoF411RE-ApplicationShield\nucleo-AppShield\Core\Src\stm32f4xx_it.c_save
2025-04-12 09:12:59,954 [INFO] CodeEngine:279 - Generated code: C:\Users\Flori\Documents\Project\Tech\IT\firmware-development\NucleoF411RE-ApplicationShield\nucleo-AppShield\Core\Src\stm32f4xx_it.c
2025-04-12 09:12:59,965 [INFO] CodeEngine:255 - oldGeneratedFile, C:\Users\Flori\Documents\Project\Tech\IT\firmware-development\NucleoF411RE-ApplicationShield\nucleo-AppShield\Core\Inc\stm32f4xx_it.h_save
2025-04-12 09:13:00,076 [INFO] CodeEngine:279 - Generated code: C:\Users\Flori\Documents\Project\Tech\IT\firmware-development\NucleoF411RE-ApplicationShield\nucleo-AppShield\Core\Inc\stm32f4xx_it.h
2025-04-12 09:13:00,111 [INFO] CodeEngine:255 - oldGeneratedFile, C:\Users\Flori\Documents\Project\Tech\IT\firmware-development\NucleoF411RE-ApplicationShield\nucleo-AppShield\Core\Src\stm32f4xx_hal_msp.c_save
2025-04-12 09:13:00,297 [INFO] CodeEngine:279 - Generated code: C:\Users\Flori\Documents\Project\Tech\IT\firmware-development\NucleoF411RE-ApplicationShield\nucleo-AppShield\Core\Src\stm32f4xx_hal_msp.c
2025-04-12 09:13:00,305 [INFO] CodeEngine:255 - oldGeneratedFile, C:\Users\Flori\Documents\Project\Tech\IT\firmware-development\NucleoF411RE-ApplicationShield\nucleo-AppShield\MXTmpFiles\system.tmp_save
2025-04-12 09:13:00,411 [INFO] CodeEngine:279 - Generated code: C:\Users\Flori\Documents\Project\Tech\IT\firmware-development\NucleoF411RE-ApplicationShield\nucleo-AppShield\MXTmpFiles\system.tmp
2025-04-12 09:13:00,457 [INFO] CodeEngine:311 - oldGeneratedFile, C:\Users\Flori\Documents\Project\Tech\IT\firmware-development\NucleoF411RE-ApplicationShield\nucleo-AppShield\Core\Inc\stm32f4xx_hal_conf.h_save
2025-04-12 09:13:00,639 [INFO] CodeEngine:335 - Generated code: C:\Users\Flori\Documents\Project\Tech\IT\firmware-development\NucleoF411RE-ApplicationShield\nucleo-AppShield\Core\Inc\stm32f4xx_hal_conf.h
2025-04-12 09:13:00,736 [INFO] CodeEngine:255 - oldGeneratedFile, C:\Users\Flori\Documents\Project\Tech\IT\firmware-development\NucleoF411RE-ApplicationShield\nucleo-AppShield\Core\Inc\main.h_save
2025-04-12 09:13:00,962 [INFO] CodeEngine:279 - Generated code: C:\Users\Flori\Documents\Project\Tech\IT\firmware-development\NucleoF411RE-ApplicationShield\nucleo-AppShield\Core\Inc\main.h
2025-04-12 09:13:00,989 [INFO] CodeEngine:255 - oldGeneratedFile, C:\Users\Flori\Documents\Project\Tech\IT\firmware-development\NucleoF411RE-ApplicationShield\nucleo-AppShield\Core\Src\main.c_save
2025-04-12 09:13:01,143 [INFO] CodeEngine:279 - Generated code: C:\Users\Flori\Documents\Project\Tech\IT\firmware-development\NucleoF411RE-ApplicationShield\nucleo-AppShield\Core\Src\main.c
2025-04-12 09:13:01,533 [INFO] ProjectBuilder:3289 - Time for Copy HAL[1] : 189mS.
2025-04-12 09:13:01,538 [INFO] ProjectBuilder:4876 - Project Generator version: 4.5.0-RC5
2025-04-12 09:13:01,617 [INFO] ConfigFileManager:1579 - The Die is : DIE431
2025-04-12 09:13:03,351 [INFO] ProjectBuilder:5154 - Time for Generating toolchain IDE Files: 1813mS.
2025-04-12 09:13:03,352 [INFO] ProjectBuilder:3146 - Time for Copy CMSIS : 1mS.
2025-04-12 09:13:03,356 [INFO] ProjectBuilder:3146 - Time for Copy CMSIS : 0mS.
2025-04-12 09:13:47,862 [INFO] UtilMem:75 - End SaveConfig() Used Memory: 837844976 Bytes (1073741824)
2025-04-12 09:13:49,293 [INFO] UtilMem:75 - End SaveConfig() Used Memory: 857767920 Bytes (1073741824)
2025-04-12 09:13:51,038 [INFO] UtilMem:75 - End SaveConfig() Used Memory: 890273776 Bytes (1073741824)
2025-04-12 09:13:51,429 [INFO] BlockDiagram:2766 - set Specific Code input for plugin: NVIC
2025-04-12 09:13:51,429 [INFO] BlockDiagram:2766 - set Specific Code input for plugin: USART
2025-04-12 09:13:51,430 [INFO] BlockDiagram:2766 - set Specific Code input for plugin: SYS
2025-04-12 09:13:51,430 [INFO] BlockDiagram:2766 - set Specific Code input for plugin: GPIO
2025-04-12 09:13:51,430 [INFO] BlockDiagram:2766 - set Specific Code input for plugin: RCC
2025-04-12 09:13:51,431 [INFO] CodeGenerator:896 - code generatio: config db path: C:\ST\STM32CubeIDE_1.17.0\STM32CubeIDE\plugins\com.st.stm32cube.common.mx_6.13.0.202411220809\\db\
2025-04-12 09:13:51,513 [INFO] CodeEngine:255 - oldGeneratedFile, C:\Users\Flori\Documents\Project\Tech\IT\firmware-development\NucleoF411RE-ApplicationShield\nucleo-AppShield\MXTmpFiles\license.tmp_save
2025-04-12 09:13:51,625 [INFO] CodeEngine:279 - Generated code: C:\Users\Flori\Documents\Project\Tech\IT\firmware-development\NucleoF411RE-ApplicationShield\nucleo-AppShield\MXTmpFiles\license.tmp
2025-04-12 09:13:51,666 [INFO] CodeEngine:255 - oldGeneratedFile, C:\Users\Flori\Documents\Project\Tech\IT\firmware-development\NucleoF411RE-ApplicationShield\nucleo-AppShield\Core\Src\gpio.c_save
2025-04-12 09:13:51,795 [INFO] CodeEngine:279 - Generated code: C:\Users\Flori\Documents\Project\Tech\IT\firmware-development\NucleoF411RE-ApplicationShield\nucleo-AppShield\Core\Src\gpio.c
2025-04-12 09:13:51,812 [INFO] CodeEngine:255 - oldGeneratedFile, C:\Users\Flori\Documents\Project\Tech\IT\firmware-development\NucleoF411RE-ApplicationShield\nucleo-AppShield\Core\Inc\gpio.h_save
2025-04-12 09:13:51,925 [INFO] CodeEngine:279 - Generated code: C:\Users\Flori\Documents\Project\Tech\IT\firmware-development\NucleoF411RE-ApplicationShield\nucleo-AppShield\Core\Inc\gpio.h
2025-04-12 09:13:51,980 [INFO] CodeEngine:255 - oldGeneratedFile, C:\Users\Flori\Documents\Project\Tech\IT\firmware-development\NucleoF411RE-ApplicationShield\nucleo-AppShield\Core\Src\usart.c_save
2025-04-12 09:13:52,131 [INFO] CodeEngine:279 - Generated code: C:\Users\Flori\Documents\Project\Tech\IT\firmware-development\NucleoF411RE-ApplicationShield\nucleo-AppShield\Core\Src\usart.c
2025-04-12 09:13:52,146 [INFO] CodeEngine:255 - oldGeneratedFile, C:\Users\Flori\Documents\Project\Tech\IT\firmware-development\NucleoF411RE-ApplicationShield\nucleo-AppShield\Core\Inc\usart.h_save
2025-04-12 09:13:52,267 [INFO] CodeEngine:279 - Generated code: C:\Users\Flori\Documents\Project\Tech\IT\firmware-development\NucleoF411RE-ApplicationShield\nucleo-AppShield\Core\Inc\usart.h
2025-04-12 09:13:52,297 [INFO] CodeEngine:255 - oldGeneratedFile, C:\Users\Flori\Documents\Project\Tech\IT\firmware-development\NucleoF411RE-ApplicationShield\nucleo-AppShield\Core\Src\stm32f4xx_it.c_save
2025-04-12 09:13:52,391 [INFO] CodeEngine:279 - Generated code: C:\Users\Flori\Documents\Project\Tech\IT\firmware-development\NucleoF411RE-ApplicationShield\nucleo-AppShield\Core\Src\stm32f4xx_it.c
2025-04-12 09:13:52,396 [INFO] CodeEngine:255 - oldGeneratedFile, C:\Users\Flori\Documents\Project\Tech\IT\firmware-development\NucleoF411RE-ApplicationShield\nucleo-AppShield\Core\Inc\stm32f4xx_it.h_save
2025-04-12 09:13:52,452 [INFO] CodeEngine:279 - Generated code: C:\Users\Flori\Documents\Project\Tech\IT\firmware-development\NucleoF411RE-ApplicationShield\nucleo-AppShield\Core\Inc\stm32f4xx_it.h
2025-04-12 09:13:52,495 [INFO] CodeEngine:255 - oldGeneratedFile, C:\Users\Flori\Documents\Project\Tech\IT\firmware-development\NucleoF411RE-ApplicationShield\nucleo-AppShield\Core\Src\stm32f4xx_hal_msp.c_save
2025-04-12 09:13:52,625 [INFO] CodeEngine:279 - Generated code: C:\Users\Flori\Documents\Project\Tech\IT\firmware-development\NucleoF411RE-ApplicationShield\nucleo-AppShield\Core\Src\stm32f4xx_hal_msp.c
2025-04-12 09:13:52,630 [INFO] CodeEngine:255 - oldGeneratedFile, C:\Users\Flori\Documents\Project\Tech\IT\firmware-development\NucleoF411RE-ApplicationShield\nucleo-AppShield\MXTmpFiles\system.tmp_save
2025-04-12 09:13:52,689 [INFO] CodeEngine:279 - Generated code: C:\Users\Flori\Documents\Project\Tech\IT\firmware-development\NucleoF411RE-ApplicationShield\nucleo-AppShield\MXTmpFiles\system.tmp
2025-04-12 09:13:52,710 [INFO] CodeEngine:311 - oldGeneratedFile, C:\Users\Flori\Documents\Project\Tech\IT\firmware-development\NucleoF411RE-ApplicationShield\nucleo-AppShield\Core\Inc\stm32f4xx_hal_conf.h_save
2025-04-12 09:13:52,818 [INFO] CodeEngine:335 - Generated code: C:\Users\Flori\Documents\Project\Tech\IT\firmware-development\NucleoF411RE-ApplicationShield\nucleo-AppShield\Core\Inc\stm32f4xx_hal_conf.h
2025-04-12 09:13:52,873 [INFO] CodeEngine:255 - oldGeneratedFile, C:\Users\Flori\Documents\Project\Tech\IT\firmware-development\NucleoF411RE-ApplicationShield\nucleo-AppShield\Core\Inc\main.h_save
2025-04-12 09:13:52,977 [INFO] CodeEngine:279 - Generated code: C:\Users\Flori\Documents\Project\Tech\IT\firmware-development\NucleoF411RE-ApplicationShield\nucleo-AppShield\Core\Inc\main.h
2025-04-12 09:13:52,996 [INFO] CodeEngine:255 - oldGeneratedFile, C:\Users\Flori\Documents\Project\Tech\IT\firmware-development\NucleoF411RE-ApplicationShield\nucleo-AppShield\Core\Src\main.c_save
2025-04-12 09:13:53,133 [INFO] CodeEngine:279 - Generated code: C:\Users\Flori\Documents\Project\Tech\IT\firmware-development\NucleoF411RE-ApplicationShield\nucleo-AppShield\Core\Src\main.c
2025-04-12 09:13:53,501 [INFO] ProjectBuilder:3289 - Time for Copy HAL[1] : 178mS.
2025-04-12 09:13:53,504 [INFO] ProjectBuilder:4876 - Project Generator version: 4.5.0-RC5
2025-04-12 09:13:53,599 [INFO] ConfigFileManager:1579 - The Die is : DIE431
2025-04-12 09:13:54,685 [INFO] ProjectBuilder:5154 - Time for Generating toolchain IDE Files: 1180mS.
2025-04-12 09:13:54,686 [INFO] ProjectBuilder:3146 - Time for Copy CMSIS : 0mS.
2025-04-12 09:13:54,689 [INFO] ProjectBuilder:3146 - Time for Copy CMSIS : 1mS.
2025-04-12 09:28:56,234 [INFO] MainUpdater:2872 - connection check result : 10
2025-04-12 09:28:56,234 [INFO] MainUpdater:2872 - connection check result : 10
2025-04-12 09:28:56,332 [INFO] MicroXplorer:468 - Change Database Path : 
2025-04-12 09:28:56,333 [INFO] MicroXplorer:498 - Change Database Version : DB.6.0.130
2025-04-12 09:28:56,391 [ERROR] ProjectManagerView:394 - 
java.lang.NullPointerException: Cannot invoke "javax.swing.JTextField.getText()" because the return value of "java.util.List.get(int)" is null
	at com.st.microxplorer.plugins.projectmanager.gui.ProjectChoiceTab$9.caretUpdate(ProjectChoiceTab.java:2616) ~[filemanager.jar:?]
	at javax.swing.text.JTextComponent.fireCaretUpdate(JTextComponent.java:408) ~[?:?]
	at javax.swing.text.JTextComponent$MutableCaretEvent.fire(JTextComponent.java:4484) ~[?:?]
	at javax.swing.text.JTextComponent$MutableCaretEvent.stateChanged(JTextComponent.java:4506) ~[?:?]
	at javax.swing.text.DefaultCaret.fireStateChanged(DefaultCaret.java:857) ~[?:?]
	at javax.swing.text.DefaultCaret.changeCaretPosition(DefaultCaret.java:1343) ~[?:?]
	at javax.swing.text.DefaultCaret.handleSetDot(DefaultCaret.java:1242) ~[?:?]
	at javax.swing.text.DefaultCaret.setDot(DefaultCaret.java:1223) ~[?:?]
	at javax.swing.text.DefaultCaret$Handler.insertUpdate(DefaultCaret.java:1819) ~[?:?]
	at javax.swing.text.AbstractDocument.fireInsertUpdate(AbstractDocument.java:227) ~[?:?]
	at javax.swing.text.AbstractDocument.handleInsertString(AbstractDocument.java:781) ~[?:?]
	at javax.swing.text.AbstractDocument.insertString(AbstractDocument.java:740) ~[?:?]
	at javax.swing.text.PlainDocument.insertString(PlainDocument.java:131) ~[?:?]
	at javax.swing.text.AbstractDocument.replace(AbstractDocument.java:699) ~[?:?]
	at javax.swing.text.JTextComponent.setText(JTextComponent.java:1725) ~[?:?]
	at com.st.microxplorer.plugins.projectmanager.gui.ProjectChoiceTab.createHeapStackFields(ProjectChoiceTab.java:975) ~[filemanager.jar:?]
	at com.st.microxplorer.plugins.projectmanager.gui.ProjectChoiceTab.buildLinkSettingsPanel(ProjectChoiceTab.java:3666) ~[filemanager.jar:?]
	at com.st.microxplorer.plugins.projectmanager.gui.ProjectChoiceTab.defineWindowsFields(ProjectChoiceTab.java:1934) ~[filemanager.jar:?]
	at com.st.microxplorer.plugins.projectmanager.gui.ProjectChoiceTab.updateSettings(ProjectChoiceTab.java:553) ~[filemanager.jar:?]
	at com.st.microxplorer.plugins.projectmanager.gui.ProjectSettingsPanel.UpdateDialog(ProjectSettingsPanel.java:245) ~[filemanager.jar:?]
	at com.st.microxplorer.plugins.projectmanager.ProjectManagerView.propertyChange(ProjectManagerView.java:391) ~[filemanager.jar:?]
	at java.beans.PropertyChangeSupport.fire(PropertyChangeSupport.java:343) ~[?:?]
	at java.beans.PropertyChangeSupport.firePropertyChange(PropertyChangeSupport.java:335) ~[?:?]
	at java.beans.PropertyChangeSupport.firePropertyChange(PropertyChangeSupport.java:268) ~[?:?]
	at com.st.microxplorer.util.MXPropertyChangeSupport.firePropertyChange(MXPropertyChangeSupport.java:54) ~[STM32CubeMX.jar:?]
	at com.st.microxplorer.mxsystem.MxSystem.closeConfig(MxSystem.java:899) ~[STM32CubeMX.jar:?]
	at com.st.microxplorer.maingui.MainPanel.closeConfig(MainPanel.java:789) ~[STM32CubeMX.jar:?]
	at com.st.microxplorer.plugins.filemanager.engine.OpenFileManager.loadConfigurationFile(OpenFileManager.java:265) ~[filemanager.jar:?]
	at com.st.microxplorer.plugins.filemanager.engine.MainFileManager.userLoadConfig(MainFileManager.java:340) ~[filemanager.jar:?]
	at com.st.microxplorer.plugins.filemanager.engine.MainFileManager.userLoadConfig(MainFileManager.java:318) ~[filemanager.jar:?]
	at com.st.microxplorer.plugins.filemanager.FileManagerView.getSpecificTask(FileManagerView.java:246) ~[filemanager.jar:?]
	at com.st.stm32cube.common.mx.editor.CubeMxEditor.getMxTabbedPaneInstance(CubeMxEditor.java:1198) ~[com.st.stm32cube.common.mx_6.13.0.202411220809/:?]
	at com.st.stm32cube.common.mx.editor.CubeMxEditor$12$1.createSwingComponent(CubeMxEditor.java:1068) ~[com.st.stm32cube.common.mx_6.13.0.202411220809/:?]
	at com.st.stm32cube.common.mx.oss.core.awtswtbridge.EmbeddedSwingComposite.doComponentCreation(EmbeddedSwingComposite.java:492) ~[com.st.stm32cube.common.mx.oss_6.13.0.202411220809/:?]
	at com.st.stm32cube.common.mx.oss.core.awtswtbridge.EmbeddedSwingComposite$4.run(EmbeddedSwingComposite.java:291) ~[com.st.stm32cube.common.mx.oss_6.13.0.202411220809/:?]
	at com.st.stm32cube.common.mx.oss.core.awtswtbridge.AwtEnvironment$2.run(AwtEnvironment.java:166) ~[com.st.stm32cube.common.mx.oss_6.13.0.202411220809/:?]
	at java.awt.event.InvocationEvent.dispatch(InvocationEvent.java:318) ~[?:?]
	at java.awt.EventQueue.dispatchEventImpl(EventQueue.java:773) ~[?:?]
	at java.awt.EventQueue$4.run(EventQueue.java:720) ~[?:?]
	at java.awt.EventQueue$4.run(EventQueue.java:714) ~[?:?]
	at java.security.AccessController.doPrivileged(AccessController.java:400) ~[?:?]
	at java.security.ProtectionDomain$JavaSecurityAccessImpl.doIntersectionPrivilege(ProtectionDomain.java:87) ~[?:?]
	at java.awt.EventQueue.dispatchEvent(EventQueue.java:742) ~[?:?]
	at java.awt.EventDispatchThread.pumpOneEventForFilters(EventDispatchThread.java:203) ~[?:?]
	at java.awt.EventDispatchThread.pumpEventsForFilter(EventDispatchThread.java:124) ~[?:?]
	at java.awt.EventDispatchThread.pumpEventsForHierarchy(EventDispatchThread.java:113) ~[?:?]
	at java.awt.EventDispatchThread.pumpEvents(EventDispatchThread.java:109) ~[?:?]
	at java.awt.EventDispatchThread.pumpEvents(EventDispatchThread.java:101) ~[?:?]
	at java.awt.EventDispatchThread.run(EventDispatchThread.java:90) ~[?:?]
2025-04-12 09:28:56,403 [WARN] ThirdParty:871 - waiting for thirdparty lock release [close project]
2025-04-12 09:28:56,403 [INFO] ThirdParty:873 - entering critical section [close project]
2025-04-12 09:28:56,403 [INFO] ThirdParty:883 - exiting critical section [close project]
2025-04-12 09:28:56,409 [INFO] PinOutPanel:1589 - setPackage(No Configuration,No Configuration)
2025-04-12 09:28:56,446 [WARN] IpParametersView:154 - Warning: This peripheral hasn't parameters
2025-04-12 09:28:56,485 [WARN] MainPanel:289 - <html><b><center>Warning: This peripheral has no parameters to be configured<br></b></html>
2025-04-12 09:28:56,496 [ERROR] MainPanel:599 - java.lang.IndexOutOfBoundsException: Index: 0, Tab count: 0
2025-04-12 09:28:56,504 [INFO] UtilMem:75 - Begin LoadConfig() Used Memory: 753700848 Bytes (1073741824)
2025-04-12 09:28:56,506 [INFO] MicroXplorer:468 - Change Database Path : 
2025-04-12 09:28:56,506 [INFO] MicroXplorer:498 - Change Database Version : DB.6.0.130
2025-04-12 09:28:56,506 [INFO] OpenFileManager:332 - Change cursor
2025-04-12 09:28:56,544 [INFO] RulesReader:64 - Compatibility file has been processed (297 Rules)
2025-04-12 09:28:56,550 [INFO] Mcu:2035 - Initializing MCU STM32F411R(C-E)Tx STM32F411RETx STM32F411RET6
2025-04-12 09:28:57,617 [INFO] Context:748 - Trying to add GPIOservice into a context  which must be forbidden
2025-04-12 09:28:58,226 [INFO] RtosManager:555 - Registered RTOS mode: class=CMSIS, group=RTOS, mode=CMSIS_V1, owner=FREERTOS
2025-04-12 09:28:58,226 [INFO] RtosManager:555 - Registered RTOS mode: class=CMSIS, group=RTOS2, mode=CMSIS_V2, owner=FREERTOS
2025-04-12 09:28:58,226 [INFO] RtosManager:555 - Registered RTOS mode: class=RTOS, group=Core, mode=CMSIS_V1, owner=FREERTOS
2025-04-12 09:28:58,226 [INFO] RtosManager:555 - Registered RTOS mode: class=RTOS, group=Core, mode=CMSIS_V2, owner=FREERTOS
2025-04-12 09:28:58,226 [WARN] ModelIntegratedComponent:184 - Missing modes for component STMicroelectronics:FreeRTOS:0.0.1:STMicroelectronics:RTOS:FreeRTOS:Core:::10.2.0:
2025-04-12 09:28:58,254 [WARN] ModelIntegratedComponent:182 - Modes not found for component STMicroelectronics:USB_HOST:1.0.0:STMicroelectronics:USB::USB Host:Audio HS::1.0:USB_HOST_1_0_RESTRICTED_HS
2025-04-12 09:28:58,254 [WARN] ModelIntegratedComponent:188 - Modes not found for component STMicroelectronics:USB_HOST:1.0.0:STMicroelectronics:USB::USB Host:Audio HS::1.0:USB_HOST_1_0_RESTRICTED_HS
2025-04-12 09:28:58,255 [WARN] ModelIntegratedComponent:182 - Modes not found for component STMicroelectronics:USB_HOST:1.0.0:STMicroelectronics:USB::USB Host:CDC HS::1.0:USB_HOST_1_0_RESTRICTED_HS
2025-04-12 09:28:58,255 [WARN] ModelIntegratedComponent:188 - Modes not found for component STMicroelectronics:USB_HOST:1.0.0:STMicroelectronics:USB::USB Host:CDC HS::1.0:USB_HOST_1_0_RESTRICTED_HS
2025-04-12 09:28:58,255 [WARN] ModelIntegratedComponent:182 - Modes not found for component STMicroelectronics:USB_HOST:1.0.0:STMicroelectronics:USB::USB Host:MSC HS::1.0:USB_HOST_1_0_RESTRICTED_HS
2025-04-12 09:28:58,255 [WARN] ModelIntegratedComponent:188 - Modes not found for component STMicroelectronics:USB_HOST:1.0.0:STMicroelectronics:USB::USB Host:MSC HS::1.0:USB_HOST_1_0_RESTRICTED_HS
2025-04-12 09:28:58,255 [WARN] ModelIntegratedComponent:182 - Modes not found for component STMicroelectronics:USB_HOST:1.0.0:STMicroelectronics:USB::USB Host:HID HS::1.0:USB_HOST_1_0_RESTRICTED_HS
2025-04-12 09:28:58,255 [WARN] ModelIntegratedComponent:188 - Modes not found for component STMicroelectronics:USB_HOST:1.0.0:STMicroelectronics:USB::USB Host:HID HS::1.0:USB_HOST_1_0_RESTRICTED_HS
2025-04-12 09:28:58,255 [WARN] ModelIntegratedComponent:182 - Modes not found for component STMicroelectronics:USB_HOST:1.0.0:STMicroelectronics:USB::USB Host:MTP HS::1.0:USB_HOST_1_0_RESTRICTED_HS
2025-04-12 09:28:58,255 [WARN] ModelIntegratedComponent:188 - Modes not found for component STMicroelectronics:USB_HOST:1.0.0:STMicroelectronics:USB::USB Host:MTP HS::1.0:USB_HOST_1_0_RESTRICTED_HS
2025-04-12 09:28:58,284 [WARN] ModelIntegratedComponent:63 - No mode defined for component null
2025-04-12 09:28:58,284 [WARN] ModelIntegratedComponent:63 - No mode defined for component null
2025-04-12 09:28:58,284 [WARN] ModelIntegratedComponent:63 - No mode defined for component null
2025-04-12 09:28:58,284 [WARN] ModelIntegratedComponent:63 - No mode defined for component null
2025-04-12 09:28:58,284 [WARN] ModelIntegratedComponent:63 - No mode defined for component null
2025-04-12 09:28:58,284 [WARN] ModelIntegratedComponent:63 - No mode defined for component null
2025-04-12 09:28:58,285 [WARN] ModelIntegratedComponent:63 - No mode defined for component null
2025-04-12 09:28:58,285 [WARN] ModelIntegratedComponent:63 - No mode defined for component null
2025-04-12 09:28:58,285 [WARN] ModelIntegratedComponent:63 - No mode defined for component null
2025-04-12 09:28:58,285 [WARN] ModelIntegratedComponent:63 - No mode defined for component null
2025-04-12 09:28:58,285 [WARN] ModelIntegratedComponent:63 - No mode defined for component null
2025-04-12 09:28:58,285 [WARN] ModelIntegratedComponent:63 - No mode defined for component null
2025-04-12 09:28:58,285 [WARN] ModelIntegratedComponent:63 - No mode defined for component null
2025-04-12 09:28:58,285 [WARN] ModelIntegratedComponent:63 - No mode defined for component null
2025-04-12 09:28:58,285 [WARN] ModelIntegratedComponent:63 - No mode defined for component null
2025-04-12 09:28:58,285 [WARN] ModelIntegratedComponent:63 - No mode defined for component null
2025-04-12 09:28:58,286 [WARN] ModelIntegratedComponent:63 - No mode defined for component null
2025-04-12 09:28:58,286 [WARN] ModelIntegratedComponent:63 - No mode defined for component null
2025-04-12 09:28:58,286 [WARN] ModelIntegratedComponent:63 - No mode defined for component null
2025-04-12 09:28:58,286 [WARN] ModelIntegratedComponent:63 - No mode defined for component null
2025-04-12 09:28:58,286 [WARN] ModelIntegratedComponent:63 - No mode defined for component null
2025-04-12 09:28:58,286 [WARN] ModelIntegratedComponent:63 - No mode defined for component null
2025-04-12 09:28:58,286 [WARN] ModelIntegratedComponent:63 - No mode defined for component null
2025-04-12 09:28:58,286 [WARN] ModelIntegratedComponent:63 - No mode defined for component null
2025-04-12 09:28:58,286 [WARN] ModelIntegratedComponent:63 - No mode defined for component null
2025-04-12 09:28:58,286 [WARN] ModelIntegratedComponent:63 - No mode defined for component null
2025-04-12 09:28:58,286 [WARN] ModelIntegratedComponent:63 - No mode defined for component null
2025-04-12 09:28:58,286 [WARN] ModelIntegratedComponent:63 - No mode defined for component null
2025-04-12 09:28:58,286 [WARN] ModelIntegratedComponent:63 - No mode defined for component null
2025-04-12 09:28:58,286 [WARN] ModelIntegratedComponent:63 - No mode defined for component null
2025-04-12 09:28:58,287 [WARN] ModelIntegratedComponent:63 - No mode defined for component null
2025-04-12 09:28:58,287 [WARN] ModelIntegratedComponent:63 - No mode defined for component null
2025-04-12 09:28:58,287 [WARN] ModelIntegratedComponent:63 - No mode defined for component null
2025-04-12 09:28:58,287 [WARN] ModelIntegratedComponent:63 - No mode defined for component null
2025-04-12 09:28:58,287 [WARN] ModelIntegratedComponent:63 - No mode defined for component null
2025-04-12 09:28:58,287 [WARN] ModelPack:524 - Component already loaded: STMicroelectronics:HAL Drivers:0.0.0:STMicroelectronics:Device:STMicro_Driver:XSPI:HAL::0.0.1:HAL_XSPI
2025-04-12 09:28:58,510 [WARN] ModelIntegratedComponent:182 - Modes not found for component STMicroelectronics:USB_DEVICE:1.0.0:STMicroelectronics:USB::USB Device:Audio HS::1.0:USB_DEVICE_1_0_RESTRICTED_HS
2025-04-12 09:28:58,510 [WARN] ModelIntegratedComponent:188 - Modes not found for component STMicroelectronics:USB_DEVICE:1.0.0:STMicroelectronics:USB::USB Device:Audio HS::1.0:USB_DEVICE_1_0_RESTRICTED_HS
2025-04-12 09:28:58,510 [WARN] ModelIntegratedComponent:182 - Modes not found for component STMicroelectronics:USB_DEVICE:1.0.0:STMicroelectronics:USB::USB Device:CDC HS::1.0:USB_DEVICE_1_0_RESTRICTED_HS
2025-04-12 09:28:58,510 [WARN] ModelIntegratedComponent:188 - Modes not found for component STMicroelectronics:USB_DEVICE:1.0.0:STMicroelectronics:USB::USB Device:CDC HS::1.0:USB_DEVICE_1_0_RESTRICTED_HS
2025-04-12 09:28:58,510 [WARN] ModelIntegratedComponent:182 - Modes not found for component STMicroelectronics:USB_DEVICE:1.0.0:STMicroelectronics:USB::USB Device:DFU HS::1.0:USB_DEVICE_1_0_RESTRICTED_HS
2025-04-12 09:28:58,510 [WARN] ModelIntegratedComponent:188 - Modes not found for component STMicroelectronics:USB_DEVICE:1.0.0:STMicroelectronics:USB::USB Device:DFU HS::1.0:USB_DEVICE_1_0_RESTRICTED_HS
2025-04-12 09:28:58,510 [WARN] ModelIntegratedComponent:182 - Modes not found for component STMicroelectronics:USB_DEVICE:1.0.0:STMicroelectronics:USB::USB Device:HID HS::1.0:USB_DEVICE_1_0_RESTRICTED_HS
2025-04-12 09:28:58,510 [WARN] ModelIntegratedComponent:188 - Modes not found for component STMicroelectronics:USB_DEVICE:1.0.0:STMicroelectronics:USB::USB Device:HID HS::1.0:USB_DEVICE_1_0_RESTRICTED_HS
2025-04-12 09:28:58,511 [WARN] ModelIntegratedComponent:182 - Modes not found for component STMicroelectronics:USB_DEVICE:1.0.0:STMicroelectronics:USB::USB Device:Custom HID HS::1.0:USB_DEVICE_1_0_RESTRICTED_HS
2025-04-12 09:28:58,511 [WARN] ModelIntegratedComponent:188 - Modes not found for component STMicroelectronics:USB_DEVICE:1.0.0:STMicroelectronics:USB::USB Device:Custom HID HS::1.0:USB_DEVICE_1_0_RESTRICTED_HS
2025-04-12 09:28:58,511 [WARN] ModelIntegratedComponent:182 - Modes not found for component STMicroelectronics:USB_DEVICE:1.0.0:STMicroelectronics:USB::USB Device:MSC HS::1.0:USB_DEVICE_1_0_RESTRICTED_HS
2025-04-12 09:28:58,511 [WARN] ModelIntegratedComponent:188 - Modes not found for component STMicroelectronics:USB_DEVICE:1.0.0:STMicroelectronics:USB::USB Device:MSC HS::1.0:USB_DEVICE_1_0_RESTRICTED_HS
2025-04-12 09:28:58,531 [INFO] ThirdPartyModel:298 - Start build external matchings
2025-04-12 09:28:59,143 [INFO] ThirdPartyModel:316 - End build external matchings
2025-04-12 09:28:59,155 [INFO] ImportTextPane:218 - (OptionalMessage_ERROR) IP (RCC) : Parameter (48MHZClocksFreq_Value) has invalid value (84000000)
2025-04-12 09:28:59,156 [INFO] ImportTextPane:218 - (OptionalMessage_ERROR) IP (RCC) : Parameter (FLatency) has Id (AdvancedSettings) currently not set
2025-04-12 09:28:59,157 [INFO] ImportTextPane:218 - (OptionalMessage_ERROR) IP (RCC) : Parameter (RTCHSEDivFreq_Value) has invalid value (4000000)
2025-04-12 09:28:59,383 [INFO] UtilMem:75 - End LoadConfig() Used Memory: 966757824 Bytes (1073741824)
2025-04-12 09:28:59,447 [WARN] ThirdParty:833 - waiting for thirdparty lock release [change project]
2025-04-12 09:28:59,448 [INFO] ThirdParty:835 - entering critical section [change project]
2025-04-12 09:28:59,448 [INFO] ThirdParty:1030 - CMSIS Pack Vendor :STMicroelectronics USBPD 4.1
2025-04-12 09:28:59,448 [INFO] ThirdParty:1030 - CMSIS Pack Vendor :STMicroelectronics X-CUBE-AZRTOS-H7 3.3.0
2025-04-12 09:28:59,448 [INFO] ThirdParty:1030 - CMSIS Pack Vendor :STMicroelectronics X-CUBE-NFC9 1.0.0
2025-04-12 09:28:59,448 [INFO] ThirdParty:1030 - CMSIS Pack Vendor :STMicroelectronics USB_HOST 2.0.0
2025-04-12 09:28:59,448 [INFO] ThirdParty:1030 - CMSIS Pack Vendor :STMicroelectronics FP-SNS-MOTENVWB1 1.4.0
2025-04-12 09:28:59,448 [INFO] ThirdParty:1030 - CMSIS Pack Vendor :STMicroelectronics X-CUBE-AZRTOS-F4 1.1.0
2025-04-12 09:28:59,448 [INFO] ThirdParty:1030 - CMSIS Pack Vendor :STMicroelectronics LIBJPEG 8.0.0
2025-04-12 09:28:59,448 [INFO] ThirdParty:1030 - CMSIS Pack Vendor :STMicroelectronics FP-ATR-ASTRA1 2.0.2
2025-04-12 09:28:59,449 [INFO] ThirdParty:1030 - CMSIS Pack Vendor :STMicroelectronics X-CUBE-BLE1 7.1.0
2025-04-12 09:28:59,449 [INFO] ThirdParty:1030 - CMSIS Pack Vendor :Avnet-IotConnect X-CUBE-IoTC-DA16k-PMOD 1.0.0
2025-04-12 09:28:59,449 [INFO] ThirdParty:1030 - CMSIS Pack Vendor :STMicroelectronics X-CUBE-SMBUS 2.1.0
2025-04-12 09:28:59,449 [INFO] ThirdParty:1030 - CMSIS Pack Vendor :STMicroelectronics X-CUBE-WB05N 1.1.0
2025-04-12 09:28:59,449 [INFO] ThirdParty:1030 - CMSIS Pack Vendor :wolfSSL I-CUBE-wolfMQTT 1.19.2
2025-04-12 09:28:59,449 [INFO] ThirdParty:1030 - CMSIS Pack Vendor :STMicroelectronics USB_DEVICE 3.0.0
2025-04-12 09:28:59,449 [INFO] ThirdParty:1030 - CMSIS Pack Vendor :STMicroelectronics X-CUBE-ISPU 2.1.0
2025-04-12 09:28:59,449 [INFO] ThirdParty:1030 - CMSIS Pack Vendor :STMicroelectronics X-CUBE-AZRTOS-WB 2.0.0
2025-04-12 09:28:59,449 [INFO] ThirdParty:1030 - CMSIS Pack Vendor :STMicroelectronics X-CUBE-GNSS1 7.0.1
2025-04-12 09:28:59,449 [INFO] ThirdParty:1030 - CMSIS Pack Vendor :STMicroelectronics X-CUBE-AZRTOS-F7 1.1.0
2025-04-12 09:28:59,449 [INFO] ThirdParty:1030 - CMSIS Pack Vendor :STMicroelectronics X-CUBE-AZRTOS-L5 2.0.0
2025-04-12 09:28:59,449 [INFO] ThirdParty:1030 - CMSIS Pack Vendor :STMicroelectronics X-CUBE-TOUCHGFX 4.25.0
2025-04-12 09:28:59,449 [INFO] ThirdParty:1030 - CMSIS Pack Vendor :STMicroelectronics USB_DEVICE 2.0.0
2025-04-12 09:28:59,449 [INFO] ThirdParty:1030 - CMSIS Pack Vendor :STMicroelectronics X-CUBE-NFC6 3.1.0
2025-04-12 09:28:59,449 [INFO] ThirdParty:1030 - CMSIS Pack Vendor :STMicroelectronics FP-SNS-STBOX1 2.0.0
2025-04-12 09:28:59,450 [INFO] ThirdParty:1030 - CMSIS Pack Vendor :STMicroelectronics FreeRTOS 0.0.1
2025-04-12 09:28:59,450 [INFO] ThirdParty:1030 - CMSIS Pack Vendor :STMicroelectronics X-CUBE-AZRTOS-G0 1.1.0
2025-04-12 09:28:59,450 [INFO] ThirdParty:1030 - CMSIS Pack Vendor :STMicroelectronics X-CUBE-SAFEA1 1.2.2
2025-04-12 09:28:59,450 [INFO] ThirdParty:1030 - CMSIS Pack Vendor :STMicroelectronics X-CUBE-NFC4 3.0.0
2025-04-12 09:28:59,450 [INFO] ThirdParty:1030 - CMSIS Pack Vendor :STMicroelectronics X-CUBE-DPower 1.2.0
2025-04-12 09:28:59,450 [INFO] ThirdParty:1030 - CMSIS Pack Vendor :STMicroelectronics X-CUBE-SUBG2 5.0.0
2025-04-12 09:28:59,450 [INFO] ThirdParty:1030 - CMSIS Pack Vendor :STMicroelectronics X-CUBE-AZRTOS-H7RS 1.1.0
2025-04-12 09:28:59,450 [INFO] ThirdParty:1030 - CMSIS Pack Vendor :STMicroelectronics STM32_WPAN 1.0.0
2025-04-12 09:28:59,450 [INFO] ThirdParty:1030 - CMSIS Pack Vendor :EmbeddedOffice I-CUBE-FS-RTOS 1.0.1
2025-04-12 09:28:59,450 [INFO] ThirdParty:1030 - CMSIS Pack Vendor :STMicroelectronics lwIP 2.0.3
2025-04-12 09:28:59,450 [INFO] ThirdParty:1030 - CMSIS Pack Vendor :STMicroelectronics FP-SNS-FLIGHT1 5.0.2
2025-04-12 09:28:59,450 [INFO] ThirdParty:1030 - CMSIS Pack Vendor :Cesanta I-CUBE-Mongoose 7.13.0
2025-04-12 09:28:59,450 [INFO] ThirdParty:1030 - CMSIS Pack Vendor :STMicroelectronics USB_HOST 1.0.0
2025-04-12 09:28:59,450 [INFO] ThirdParty:1030 - CMSIS Pack Vendor :Infineon AIROC-Wi-Fi-Bluetooth-STM32 1.7.0
2025-04-12 09:28:59,450 [INFO] ThirdParty:1030 - CMSIS Pack Vendor :STMicroelectronics X-CUBE-AZRTOS-G4 2.0.0
2025-04-12 09:28:59,450 [INFO] ThirdParty:1030 - CMSIS Pack Vendor :STMicroelectronics PDM2PCM 3.1.0
2025-04-12 09:28:59,450 [INFO] ThirdParty:1030 - CMSIS Pack Vendor :STMicroelectronics PDM2PCM 3.3.0
2025-04-12 09:28:59,450 [INFO] ThirdParty:1030 - CMSIS Pack Vendor :wolfSSL I-CUBE-wolfTPM 3.8.0
2025-04-12 09:28:59,450 [INFO] ThirdParty:1030 - CMSIS Pack Vendor :STMicroelectronics X-CUBE-DISPLAY 3.0.0
2025-04-12 09:28:59,450 [INFO] ThirdParty:1030 - CMSIS Pack Vendor :wolfSSL I-CUBE-wolfSSH 1.4.20
2025-04-12 09:28:59,450 [INFO] ThirdParty:1030 - CMSIS Pack Vendor :STMicroelectronics X-CUBE-TCPP 4.2.0
2025-04-12 09:28:59,450 [INFO] ThirdParty:1030 - CMSIS Pack Vendor :RealThread X-CUBE-RT-Thread_Nano 4.1.1
2025-04-12 09:28:59,450 [INFO] ThirdParty:1030 - CMSIS Pack Vendor :STMicroelectronics X-CUBE-BLE1 7.0.0
2025-04-12 09:28:59,450 [INFO] ThirdParty:1030 - CMSIS Pack Vendor :STMicroelectronics FP-ATR-SIGFOX1 3.2.0
2025-04-12 09:28:59,450 [INFO] ThirdParty:1030 - CMSIS Pack Vendor :STMicroelectronics X-CUBE-NFC10 1.0.0
2025-04-12 09:28:59,452 [INFO] ThirdParty:1030 - CMSIS Pack Vendor :quantropi X-CUBE-qispace-sdk-base 1.9.3
2025-04-12 09:28:59,452 [INFO] ThirdParty:1030 - CMSIS Pack Vendor :STMicroelectronics X-CUBE-BLEMGR 4.0.0
2025-04-12 09:28:59,452 [INFO] ThirdParty:1030 - CMSIS Pack Vendor :STMicroelectronics X-CUBE-EEPRMA1 5.1.0
2025-04-12 09:28:59,452 [INFO] ThirdParty:1030 - CMSIS Pack Vendor :STMicroelectronics HAL Drivers 0.0.0
2025-04-12 09:28:59,452 [INFO] ThirdParty:1030 - CMSIS Pack Vendor :STMicroelectronics MBEDTLS 2.16.2
2025-04-12 09:28:59,452 [INFO] ThirdParty:1030 - CMSIS Pack Vendor :STMicroelectronics X-CUBE-IPS 3.1.0
2025-04-12 09:28:59,452 [INFO] ThirdParty:1030 - CMSIS Pack Vendor :STMicroelectronics X-CUBE-ALS 1.0.2
2025-04-12 09:28:59,452 [INFO] ThirdParty:1030 - CMSIS Pack Vendor :emotas I-CUBE-CANOPEN 1.3.0
2025-04-12 09:28:59,452 [INFO] ThirdParty:1030 - CMSIS Pack Vendor :STMicroelectronics X-CUBE-FREERTOS 1.3.0
2025-04-12 09:28:59,452 [INFO] ThirdParty:1030 - CMSIS Pack Vendor :STMicroelectronics X-CUBE-NFC7 1.0.1
2025-04-12 09:28:59,452 [INFO] ThirdParty:1030 - CMSIS Pack Vendor :STMicroelectronics MBEDTLS 2.14.1
2025-04-12 09:28:59,452 [INFO] ThirdParty:1030 - CMSIS Pack Vendor :wolfSSL I-CUBE-wolfSSL 5.7.6
2025-04-12 09:28:59,452 [INFO] ThirdParty:1030 - CMSIS Pack Vendor :ITTIA_DB I-CUBE-ITTIADB 8.9.0
2025-04-12 09:28:59,452 [INFO] ThirdParty:1030 - CMSIS Pack Vendor :STMicroelectronics X-CUBE-TOUCHGFX 4.24.2
2025-04-12 09:28:59,452 [INFO] ThirdParty:1030 - CMSIS Pack Vendor :portGmbH I-Cube-SoM-uGOAL 1.1.0
2025-04-12 09:28:59,452 [INFO] ThirdParty:1030 - CMSIS Pack Vendor :STMicroelectronics X-CUBE-AI 10.0.0
2025-04-12 09:28:59,452 [INFO] ThirdParty:1030 - CMSIS Pack Vendor :STMicroelectronics ThreadX 1.0.0
2025-04-12 09:28:59,452 [INFO] ThirdParty:1030 - CMSIS Pack Vendor :STMicroelectronics FP-SNS-SMARTAG2 1.2.0
2025-04-12 09:28:59,453 [INFO] ThirdParty:1030 - CMSIS Pack Vendor :STMicroelectronics FP-SNS-FLIGHT1 5.1.0
2025-04-12 09:28:59,453 [INFO] ThirdParty:1030 - CMSIS Pack Vendor :STMicroelectronics X-CUBE-MEMS1 11.1.0
2025-04-12 09:28:59,453 [INFO] ThirdParty:1030 - CMSIS Pack Vendor :STMicroelectronics X-CUBE-AZRTOS-WL 2.0.0
2025-04-12 09:28:59,453 [INFO] ThirdParty:1030 - CMSIS Pack Vendor :SEGGER I-CUBE-embOS 1.3.1
2025-04-12 09:28:59,453 [INFO] ThirdParty:1030 - CMSIS Pack Vendor :STMicroelectronics X-CUBE-ALGOBUILD 1.4.0
2025-04-12 09:28:59,453 [INFO] ThirdParty:1030 - CMSIS Pack Vendor :STMicroelectronics X-CUBE-DPower 1.3.0
2025-04-12 09:28:59,453 [INFO] ThirdParty:1030 - CMSIS Pack Vendor :STMicroelectronics FP-SNS-MOTENV1 5.0.0
2025-04-12 09:28:59,453 [INFO] ThirdParty:1030 - CMSIS Pack Vendor :STMicroelectronics USB_DEVICE 1.0.0
2025-04-12 09:28:59,453 [INFO] ThirdParty:1030 - CMSIS Pack Vendor :STMicroelectronics X-CUBE-AZRTOS-H7RS 1.0.0
2025-04-12 09:28:59,453 [INFO] ThirdParty:1030 - CMSIS Pack Vendor :STMicroelectronics X-CUBE-AZRTOS-L4 2.0.0
2025-04-12 09:28:59,453 [INFO] ThirdParty:1030 - CMSIS Pack Vendor :STMicroelectronics ThreadX 0.0.2
2025-04-12 09:28:59,453 [INFO] ThirdParty:1030 - CMSIS Pack Vendor :WES I-CUBE-Cesium 1.3.0
2025-04-12 09:28:59,453 [INFO] ThirdParty:1030 - CMSIS Pack Vendor :STMicroelectronics lwIP 2.1.2
2025-04-12 09:28:59,454 [INFO] ThirdParty:1030 - CMSIS Pack Vendor :STMicroelectronics X-CUBE-SFXS2LP1 4.0.0
2025-04-12 09:28:59,454 [INFO] ThirdParty:1030 - CMSIS Pack Vendor :STMicroelectronics X-CUBE-BLE2 3.3.0
2025-04-12 09:28:59,454 [INFO] ThirdParty:1030 - CMSIS Pack Vendor :STMicroelectronics X-CUBE-TOF1 3.4.2
2025-04-12 09:28:59,454 [INFO] ThirdParty:1030 - CMSIS Pack Vendor :STMicroelectronics PDM2PCM 3.2.0
2025-04-12 09:28:59,454 [INFO] ThirdParty:841 - exiting critical section [change project]
2025-04-12 09:28:59,771 [INFO] PinOutPanel:1589 - setPackage(No Configuration,No Configuration)
2025-04-12 09:28:59,772 [INFO] PinOutPanel:1589 - setPackage(STM32F411RETx,LQFP64)
2025-04-12 09:29:00,136 [INFO] UtilMem:75 - Before build in PCC Used Memory: 801590288 Bytes (1073741824)
2025-04-12 09:29:00,548 [INFO] UtilMem:75 - After build in PCC Used Memory: 845636640 Bytes (1073741824)
2025-04-12 09:29:00,578 [INFO] IPUIPlugin:80 - create IPUIPlugin
2025-04-12 09:29:00,578 [INFO] IPUIPlugin:80 - create IPUIPlugin
2025-04-12 09:29:00,578 [INFO] IPUIPlugin:80 - create IPUIPlugin
2025-04-12 09:29:00,578 [INFO] IPUIPlugin:80 - create IPUIPlugin
2025-04-12 09:29:00,579 [INFO] IPUIPlugin:80 - create IPUIPlugin
2025-04-12 09:29:00,579 [INFO] IPUIPlugin:80 - create IPUIPlugin
2025-04-12 09:29:00,579 [INFO] IPUIPlugin:80 - create IPUIPlugin
2025-04-12 09:29:00,579 [INFO] IPUIPlugin:80 - create IPUIPlugin
2025-04-12 09:29:00,579 [INFO] IPUIPlugin:80 - create IPUIPlugin
2025-04-12 09:29:00,579 [INFO] IPUIPlugin:80 - create IPUIPlugin
2025-04-12 09:29:00,579 [INFO] IPUIPlugin:80 - create IPUIPlugin
2025-04-12 09:29:00,580 [INFO] IPUIPlugin:80 - create IPUIPlugin
2025-04-12 09:29:00,580 [INFO] IPUIPlugin:80 - create IPUIPlugin
2025-04-12 09:29:00,580 [INFO] IPUIPlugin:80 - create IPUIPlugin
2025-04-12 09:29:00,580 [INFO] IPUIPlugin:80 - create IPUIPlugin
2025-04-12 09:29:00,580 [INFO] IPUIPlugin:80 - create IPUIPlugin
2025-04-12 09:29:00,581 [INFO] IPUIPlugin:80 - create IPUIPlugin
2025-04-12 09:29:00,581 [INFO] IPUIPlugin:80 - create IPUIPlugin
2025-04-12 09:29:00,581 [INFO] IPUIPlugin:80 - create IPUIPlugin
2025-04-12 09:29:00,582 [INFO] IPUIPlugin:80 - create IPUIPlugin
2025-04-12 09:29:00,582 [INFO] IPUIPlugin:80 - create IPUIPlugin
2025-04-12 09:29:00,582 [INFO] IPUIPlugin:80 - create IPUIPlugin
2025-04-12 09:29:00,582 [INFO] IPUIPlugin:80 - create IPUIPlugin
2025-04-12 09:29:00,582 [INFO] IPUIPlugin:80 - create IPUIPlugin
2025-04-12 09:29:00,582 [INFO] IPUIPlugin:80 - create IPUIPlugin
2025-04-12 09:29:00,584 [INFO] IPUIPlugin:80 - create IPUIPlugin
2025-04-12 09:29:00,584 [INFO] IPUIPlugin:80 - create IPUIPlugin
2025-04-12 09:29:00,584 [INFO] IPUIPlugin:80 - create IPUIPlugin
2025-04-12 09:29:00,585 [INFO] IPUIPlugin:80 - create IPUIPlugin
2025-04-12 09:29:00,585 [INFO] IPUIPlugin:80 - create IPUIPlugin
2025-04-12 09:29:00,585 [INFO] IPUIPlugin:80 - create IPUIPlugin
2025-04-12 09:29:00,585 [INFO] IPUIPlugin:80 - create IPUIPlugin
2025-04-12 09:29:00,585 [INFO] IPUIPlugin:80 - create IPUIPlugin
2025-04-12 09:29:00,586 [INFO] IPUIPlugin:80 - create IPUIPlugin
2025-04-12 09:29:00,586 [INFO] IPUIPlugin:80 - create IPUIPlugin
2025-04-12 09:29:00,586 [INFO] IPUIPlugin:80 - create IPUIPlugin
2025-04-12 09:29:00,587 [INFO] IPUIPlugin:80 - create IPUIPlugin
2025-04-12 09:29:00,587 [INFO] IPUIPlugin:80 - create IPUIPlugin
2025-04-12 09:29:00,587 [INFO] IPUIPlugin:80 - create IPUIPlugin
2025-04-12 09:29:00,588 [INFO] IPUIPlugin:80 - create IPUIPlugin
2025-04-12 09:29:00,588 [INFO] IPUIPlugin:80 - create IPUIPlugin
2025-04-12 09:29:00,588 [INFO] IPUIPlugin:80 - create IPUIPlugin
2025-04-12 09:29:00,588 [INFO] IPUIPlugin:80 - create IPUIPlugin
2025-04-12 09:29:00,593 [INFO] ApiDbMcu:508 - Load IP Config File for PDM2PCM
2025-04-12 09:29:00,667 [INFO] CADModel:165 - CPN selected for project levelSTM32F411RET6
2025-04-12 09:29:00,667 [INFO] CADModel:114 - Register for checkConnection events
2025-04-12 09:29:00,738 [INFO] OpenFileManager:363 - Restore cursor
2025-04-12 09:29:13,028 [INFO] Gpio:277 - dependency for GPIO [RCC, SYS, USART2]
2025-04-12 09:29:21,790 [INFO] UtilMem:75 - End SaveConfig() Used Memory: 885521872 Bytes (1073741824)
2025-04-12 09:29:23,927 [INFO] UtilMem:75 - End SaveConfig() Used Memory: 971624344 Bytes (1073741824)
2025-04-12 09:29:26,390 [INFO] UtilMem:75 - End SaveConfig() Used Memory: 981784840 Bytes (1073741824)
2025-04-12 09:29:26,848 [INFO] BlockDiagram:2766 - set Specific Code input for plugin: NVIC
2025-04-12 09:29:26,848 [INFO] BlockDiagram:2766 - set Specific Code input for plugin: USART
2025-04-12 09:29:26,848 [INFO] BlockDiagram:2766 - set Specific Code input for plugin: SYS
2025-04-12 09:29:26,848 [INFO] BlockDiagram:2766 - set Specific Code input for plugin: GPIO
2025-04-12 09:29:26,848 [INFO] BlockDiagram:2766 - set Specific Code input for plugin: RCC
2025-04-12 09:29:26,850 [INFO] CodeGenerator:896 - code generatio: config db path: C:\ST\STM32CubeIDE_1.17.0\STM32CubeIDE\plugins\com.st.stm32cube.common.mx_6.13.0.202411220809\\db\
2025-04-12 09:29:27,011 [INFO] CodeEngine:255 - oldGeneratedFile, C:\Users\Flori\Documents\Project\Tech\IT\firmware-development\NucleoF411RE-ApplicationShield\nucleo-AppShield\MXTmpFiles\license.tmp_save
2025-04-12 09:29:27,252 [INFO] CodeEngine:279 - Generated code: C:\Users\Flori\Documents\Project\Tech\IT\firmware-development\NucleoF411RE-ApplicationShield\nucleo-AppShield\MXTmpFiles\license.tmp
2025-04-12 09:29:27,326 [INFO] CodeEngine:255 - oldGeneratedFile, C:\Users\Flori\Documents\Project\Tech\IT\firmware-development\NucleoF411RE-ApplicationShield\nucleo-AppShield\Core\Src\gpio.c_save
2025-04-12 09:29:27,510 [INFO] CodeEngine:279 - Generated code: C:\Users\Flori\Documents\Project\Tech\IT\firmware-development\NucleoF411RE-ApplicationShield\nucleo-AppShield\Core\Src\gpio.c
2025-04-12 09:29:27,522 [INFO] CodeEngine:255 - oldGeneratedFile, C:\Users\Flori\Documents\Project\Tech\IT\firmware-development\NucleoF411RE-ApplicationShield\nucleo-AppShield\Core\Inc\gpio.h_save
2025-04-12 09:29:27,609 [INFO] CodeEngine:279 - Generated code: C:\Users\Flori\Documents\Project\Tech\IT\firmware-development\NucleoF411RE-ApplicationShield\nucleo-AppShield\Core\Inc\gpio.h
2025-04-12 09:29:27,714 [INFO] CodeEngine:255 - oldGeneratedFile, C:\Users\Flori\Documents\Project\Tech\IT\firmware-development\NucleoF411RE-ApplicationShield\nucleo-AppShield\Core\Src\usart.c_save
2025-04-12 09:29:27,874 [INFO] CodeEngine:279 - Generated code: C:\Users\Flori\Documents\Project\Tech\IT\firmware-development\NucleoF411RE-ApplicationShield\nucleo-AppShield\Core\Src\usart.c
2025-04-12 09:29:27,881 [INFO] CodeEngine:255 - oldGeneratedFile, C:\Users\Flori\Documents\Project\Tech\IT\firmware-development\NucleoF411RE-ApplicationShield\nucleo-AppShield\Core\Inc\usart.h_save
2025-04-12 09:29:27,964 [INFO] CodeEngine:279 - Generated code: C:\Users\Flori\Documents\Project\Tech\IT\firmware-development\NucleoF411RE-ApplicationShield\nucleo-AppShield\Core\Inc\usart.h
2025-04-12 09:29:27,999 [INFO] CodeEngine:255 - oldGeneratedFile, C:\Users\Flori\Documents\Project\Tech\IT\firmware-development\NucleoF411RE-ApplicationShield\nucleo-AppShield\Core\Src\stm32f4xx_it.c_save
2025-04-12 09:29:28,256 [INFO] CodeEngine:279 - Generated code: C:\Users\Flori\Documents\Project\Tech\IT\firmware-development\NucleoF411RE-ApplicationShield\nucleo-AppShield\Core\Src\stm32f4xx_it.c
2025-04-12 09:29:28,263 [INFO] CodeEngine:255 - oldGeneratedFile, C:\Users\Flori\Documents\Project\Tech\IT\firmware-development\NucleoF411RE-ApplicationShield\nucleo-AppShield\Core\Inc\stm32f4xx_it.h_save
2025-04-12 09:29:28,341 [INFO] CodeEngine:279 - Generated code: C:\Users\Flori\Documents\Project\Tech\IT\firmware-development\NucleoF411RE-ApplicationShield\nucleo-AppShield\Core\Inc\stm32f4xx_it.h
2025-04-12 09:29:28,376 [INFO] CodeEngine:255 - oldGeneratedFile, C:\Users\Flori\Documents\Project\Tech\IT\firmware-development\NucleoF411RE-ApplicationShield\nucleo-AppShield\Core\Src\stm32f4xx_hal_msp.c_save
2025-04-12 09:29:28,495 [INFO] CodeEngine:279 - Generated code: C:\Users\Flori\Documents\Project\Tech\IT\firmware-development\NucleoF411RE-ApplicationShield\nucleo-AppShield\Core\Src\stm32f4xx_hal_msp.c
2025-04-12 09:29:28,500 [INFO] CodeEngine:255 - oldGeneratedFile, C:\Users\Flori\Documents\Project\Tech\IT\firmware-development\NucleoF411RE-ApplicationShield\nucleo-AppShield\MXTmpFiles\system.tmp_save
2025-04-12 09:29:28,570 [INFO] CodeEngine:279 - Generated code: C:\Users\Flori\Documents\Project\Tech\IT\firmware-development\NucleoF411RE-ApplicationShield\nucleo-AppShield\MXTmpFiles\system.tmp
2025-04-12 09:29:28,601 [INFO] CodeEngine:311 - oldGeneratedFile, C:\Users\Flori\Documents\Project\Tech\IT\firmware-development\NucleoF411RE-ApplicationShield\nucleo-AppShield\Core\Inc\stm32f4xx_hal_conf.h_save
2025-04-12 09:29:28,741 [INFO] CodeEngine:335 - Generated code: C:\Users\Flori\Documents\Project\Tech\IT\firmware-development\NucleoF411RE-ApplicationShield\nucleo-AppShield\Core\Inc\stm32f4xx_hal_conf.h
2025-04-12 09:29:28,796 [INFO] ApiDbMcu:508 - Load IP Config File for USART2
2025-04-12 09:29:28,801 [INFO] ApiDbMcu:508 - Load IP Config File for RCC
2025-04-12 09:29:28,830 [INFO] CodeEngine:255 - oldGeneratedFile, C:\Users\Flori\Documents\Project\Tech\IT\firmware-development\NucleoF411RE-ApplicationShield\nucleo-AppShield\Core\Inc\main.h_save
2025-04-12 09:29:28,964 [INFO] CodeEngine:279 - Generated code: C:\Users\Flori\Documents\Project\Tech\IT\firmware-development\NucleoF411RE-ApplicationShield\nucleo-AppShield\Core\Inc\main.h
2025-04-12 09:29:28,983 [INFO] CodeEngine:255 - oldGeneratedFile, C:\Users\Flori\Documents\Project\Tech\IT\firmware-development\NucleoF411RE-ApplicationShield\nucleo-AppShield\Core\Src\main.c_save
2025-04-12 09:29:29,092 [INFO] CodeEngine:279 - Generated code: C:\Users\Flori\Documents\Project\Tech\IT\firmware-development\NucleoF411RE-ApplicationShield\nucleo-AppShield\Core\Src\main.c
2025-04-12 09:29:29,595 [INFO] ProjectBuilder:3289 - Time for Copy HAL[1] : 233mS.
2025-04-12 09:29:29,602 [INFO] ProjectBuilder:4876 - Project Generator version: 4.5.0-RC5
2025-04-12 09:29:29,749 [INFO] ConfigFileManager:1579 - The Die is : DIE431
2025-04-12 09:29:29,756 [INFO] ApiDbMcu:508 - Load IP Config File for FATFS
2025-04-12 09:29:29,763 [INFO] ApiDbMcu:508 - Load IP Config File for FREERTOS
2025-04-12 09:29:29,767 [INFO] ApiDbMcu:508 - Load IP Config File for LIBJPEG
2025-04-12 09:29:29,777 [INFO] ApiDbMcu:508 - Load IP Config File for MBEDTLS
2025-04-12 09:29:29,791 [INFO] ApiDbMcu:508 - Load IP Config File for USB_DEVICE
2025-04-12 09:29:29,796 [INFO] ApiDbMcu:508 - Load IP Config File for USB_HOST
2025-04-12 09:29:31,405 [INFO] ProjectBuilder:5154 - Time for Generating toolchain IDE Files: 1802mS.
2025-04-12 09:29:31,406 [INFO] ProjectBuilder:3146 - Time for Copy CMSIS : 1mS.
2025-04-12 09:29:31,410 [INFO] ProjectBuilder:3146 - Time for Copy CMSIS : 0mS.
2025-04-12 09:29:40,641 [INFO] UtilMem:75 - End SaveConfig() Used Memory: 717225672 Bytes (1073741824)
2025-04-12 09:29:42,241 [INFO] UtilMem:75 - End SaveConfig() Used Memory: 765888440 Bytes (1073741824)
2025-04-12 09:29:43,681 [INFO] UtilMem:75 - End SaveConfig() Used Memory: 860260280 Bytes (1073741824)
2025-04-12 09:29:43,851 [INFO] BlockDiagram:2766 - set Specific Code input for plugin: NVIC
2025-04-12 09:29:43,851 [INFO] BlockDiagram:2766 - set Specific Code input for plugin: USART
2025-04-12 09:29:43,851 [INFO] BlockDiagram:2766 - set Specific Code input for plugin: SYS
2025-04-12 09:29:43,852 [INFO] BlockDiagram:2766 - set Specific Code input for plugin: GPIO
2025-04-12 09:29:43,852 [INFO] BlockDiagram:2766 - set Specific Code input for plugin: RCC
2025-04-12 09:29:43,854 [INFO] CodeGenerator:896 - code generatio: config db path: C:\ST\STM32CubeIDE_1.17.0\STM32CubeIDE\plugins\com.st.stm32cube.common.mx_6.13.0.202411220809\\db\
2025-04-12 09:29:43,974 [INFO] CodeEngine:255 - oldGeneratedFile, C:\Users\Flori\Documents\Project\Tech\IT\firmware-development\NucleoF411RE-ApplicationShield\nucleo-AppShield\MXTmpFiles\license.tmp_save
2025-04-12 09:29:44,084 [INFO] CodeEngine:279 - Generated code: C:\Users\Flori\Documents\Project\Tech\IT\firmware-development\NucleoF411RE-ApplicationShield\nucleo-AppShield\MXTmpFiles\license.tmp
2025-04-12 09:29:44,142 [INFO] CodeEngine:255 - oldGeneratedFile, C:\Users\Flori\Documents\Project\Tech\IT\firmware-development\NucleoF411RE-ApplicationShield\nucleo-AppShield\Core\Src\gpio.c_save
2025-04-12 09:29:44,245 [INFO] CodeEngine:279 - Generated code: C:\Users\Flori\Documents\Project\Tech\IT\firmware-development\NucleoF411RE-ApplicationShield\nucleo-AppShield\Core\Src\gpio.c
2025-04-12 09:29:44,254 [INFO] CodeEngine:255 - oldGeneratedFile, C:\Users\Flori\Documents\Project\Tech\IT\firmware-development\NucleoF411RE-ApplicationShield\nucleo-AppShield\Core\Inc\gpio.h_save
2025-04-12 09:29:44,323 [INFO] CodeEngine:279 - Generated code: C:\Users\Flori\Documents\Project\Tech\IT\firmware-development\NucleoF411RE-ApplicationShield\nucleo-AppShield\Core\Inc\gpio.h
2025-04-12 09:29:44,402 [INFO] CodeEngine:255 - oldGeneratedFile, C:\Users\Flori\Documents\Project\Tech\IT\firmware-development\NucleoF411RE-ApplicationShield\nucleo-AppShield\Core\Src\usart.c_save
2025-04-12 09:29:44,500 [INFO] CodeEngine:279 - Generated code: C:\Users\Flori\Documents\Project\Tech\IT\firmware-development\NucleoF411RE-ApplicationShield\nucleo-AppShield\Core\Src\usart.c
2025-04-12 09:29:44,507 [INFO] CodeEngine:255 - oldGeneratedFile, C:\Users\Flori\Documents\Project\Tech\IT\firmware-development\NucleoF411RE-ApplicationShield\nucleo-AppShield\Core\Inc\usart.h_save
2025-04-12 09:29:44,570 [INFO] CodeEngine:279 - Generated code: C:\Users\Flori\Documents\Project\Tech\IT\firmware-development\NucleoF411RE-ApplicationShield\nucleo-AppShield\Core\Inc\usart.h
2025-04-12 09:29:44,591 [INFO] CodeEngine:255 - oldGeneratedFile, C:\Users\Flori\Documents\Project\Tech\IT\firmware-development\NucleoF411RE-ApplicationShield\nucleo-AppShield\Core\Src\stm32f4xx_it.c_save
2025-04-12 09:29:44,668 [INFO] CodeEngine:279 - Generated code: C:\Users\Flori\Documents\Project\Tech\IT\firmware-development\NucleoF411RE-ApplicationShield\nucleo-AppShield\Core\Src\stm32f4xx_it.c
2025-04-12 09:29:44,674 [INFO] CodeEngine:255 - oldGeneratedFile, C:\Users\Flori\Documents\Project\Tech\IT\firmware-development\NucleoF411RE-ApplicationShield\nucleo-AppShield\Core\Inc\stm32f4xx_it.h_save
2025-04-12 09:29:44,737 [INFO] CodeEngine:279 - Generated code: C:\Users\Flori\Documents\Project\Tech\IT\firmware-development\NucleoF411RE-ApplicationShield\nucleo-AppShield\Core\Inc\stm32f4xx_it.h
2025-04-12 09:29:44,758 [INFO] CodeEngine:255 - oldGeneratedFile, C:\Users\Flori\Documents\Project\Tech\IT\firmware-development\NucleoF411RE-ApplicationShield\nucleo-AppShield\Core\Src\stm32f4xx_hal_msp.c_save
2025-04-12 09:29:44,843 [INFO] CodeEngine:279 - Generated code: C:\Users\Flori\Documents\Project\Tech\IT\firmware-development\NucleoF411RE-ApplicationShield\nucleo-AppShield\Core\Src\stm32f4xx_hal_msp.c
2025-04-12 09:29:44,847 [INFO] CodeEngine:255 - oldGeneratedFile, C:\Users\Flori\Documents\Project\Tech\IT\firmware-development\NucleoF411RE-ApplicationShield\nucleo-AppShield\MXTmpFiles\system.tmp_save
2025-04-12 09:29:44,904 [INFO] CodeEngine:279 - Generated code: C:\Users\Flori\Documents\Project\Tech\IT\firmware-development\NucleoF411RE-ApplicationShield\nucleo-AppShield\MXTmpFiles\system.tmp
2025-04-12 09:29:44,924 [INFO] CodeEngine:311 - oldGeneratedFile, C:\Users\Flori\Documents\Project\Tech\IT\firmware-development\NucleoF411RE-ApplicationShield\nucleo-AppShield\Core\Inc\stm32f4xx_hal_conf.h_save
2025-04-12 09:29:45,028 [INFO] CodeEngine:335 - Generated code: C:\Users\Flori\Documents\Project\Tech\IT\firmware-development\NucleoF411RE-ApplicationShield\nucleo-AppShield\Core\Inc\stm32f4xx_hal_conf.h
2025-04-12 09:29:45,101 [INFO] CodeEngine:255 - oldGeneratedFile, C:\Users\Flori\Documents\Project\Tech\IT\firmware-development\NucleoF411RE-ApplicationShield\nucleo-AppShield\Core\Inc\main.h_save
2025-04-12 09:29:45,198 [INFO] CodeEngine:279 - Generated code: C:\Users\Flori\Documents\Project\Tech\IT\firmware-development\NucleoF411RE-ApplicationShield\nucleo-AppShield\Core\Inc\main.h
2025-04-12 09:29:45,218 [INFO] CodeEngine:255 - oldGeneratedFile, C:\Users\Flori\Documents\Project\Tech\IT\firmware-development\NucleoF411RE-ApplicationShield\nucleo-AppShield\Core\Src\main.c_save
2025-04-12 09:29:45,323 [INFO] CodeEngine:279 - Generated code: C:\Users\Flori\Documents\Project\Tech\IT\firmware-development\NucleoF411RE-ApplicationShield\nucleo-AppShield\Core\Src\main.c
2025-04-12 09:29:45,668 [INFO] ProjectBuilder:3289 - Time for Copy HAL[1] : 169mS.
2025-04-12 09:29:45,673 [INFO] ProjectBuilder:4876 - Project Generator version: 4.5.0-RC5
2025-04-12 09:29:45,755 [INFO] ConfigFileManager:1579 - The Die is : DIE431
2025-04-12 09:29:46,958 [INFO] ProjectBuilder:5154 - Time for Generating toolchain IDE Files: 1284mS.
2025-04-12 09:29:46,959 [INFO] ProjectBuilder:3146 - Time for Copy CMSIS : 1mS.
2025-04-12 09:29:46,963 [INFO] ProjectBuilder:3146 - Time for Copy CMSIS : 0mS.
2025-04-12 09:43:37,903 [INFO] MainUpdater:2872 - connection check result : 10
2025-04-12 09:43:37,903 [INFO] MainUpdater:2872 - connection check result : 10
2025-04-12 09:43:37,981 [INFO] MicroXplorer:468 - Change Database Path : 
2025-04-12 09:43:37,981 [INFO] MicroXplorer:498 - Change Database Version : DB.6.0.130
2025-04-12 09:43:38,049 [ERROR] ProjectManagerView:394 - 
java.lang.NullPointerException: Cannot invoke "javax.swing.JTextField.getText()" because the return value of "java.util.List.get(int)" is null
	at com.st.microxplorer.plugins.projectmanager.gui.ProjectChoiceTab$9.caretUpdate(ProjectChoiceTab.java:2616) ~[filemanager.jar:?]
	at javax.swing.text.JTextComponent.fireCaretUpdate(JTextComponent.java:408) ~[?:?]
	at javax.swing.text.JTextComponent$MutableCaretEvent.fire(JTextComponent.java:4484) ~[?:?]
	at javax.swing.text.JTextComponent$MutableCaretEvent.stateChanged(JTextComponent.java:4506) ~[?:?]
	at javax.swing.text.DefaultCaret.fireStateChanged(DefaultCaret.java:857) ~[?:?]
	at javax.swing.text.DefaultCaret.changeCaretPosition(DefaultCaret.java:1343) ~[?:?]
	at javax.swing.text.DefaultCaret.handleSetDot(DefaultCaret.java:1242) ~[?:?]
	at javax.swing.text.DefaultCaret.setDot(DefaultCaret.java:1223) ~[?:?]
	at javax.swing.text.DefaultCaret$Handler.insertUpdate(DefaultCaret.java:1819) ~[?:?]
	at javax.swing.text.AbstractDocument.fireInsertUpdate(AbstractDocument.java:227) ~[?:?]
	at javax.swing.text.AbstractDocument.handleInsertString(AbstractDocument.java:781) ~[?:?]
	at javax.swing.text.AbstractDocument.insertString(AbstractDocument.java:740) ~[?:?]
	at javax.swing.text.PlainDocument.insertString(PlainDocument.java:131) ~[?:?]
	at javax.swing.text.AbstractDocument.replace(AbstractDocument.java:699) ~[?:?]
	at javax.swing.text.JTextComponent.setText(JTextComponent.java:1725) ~[?:?]
	at com.st.microxplorer.plugins.projectmanager.gui.ProjectChoiceTab.createHeapStackFields(ProjectChoiceTab.java:975) ~[filemanager.jar:?]
	at com.st.microxplorer.plugins.projectmanager.gui.ProjectChoiceTab.buildLinkSettingsPanel(ProjectChoiceTab.java:3666) ~[filemanager.jar:?]
	at com.st.microxplorer.plugins.projectmanager.gui.ProjectChoiceTab.defineWindowsFields(ProjectChoiceTab.java:1934) ~[filemanager.jar:?]
	at com.st.microxplorer.plugins.projectmanager.gui.ProjectChoiceTab.updateSettings(ProjectChoiceTab.java:553) ~[filemanager.jar:?]
	at com.st.microxplorer.plugins.projectmanager.gui.ProjectSettingsPanel.UpdateDialog(ProjectSettingsPanel.java:245) ~[filemanager.jar:?]
	at com.st.microxplorer.plugins.projectmanager.ProjectManagerView.propertyChange(ProjectManagerView.java:391) ~[filemanager.jar:?]
	at java.beans.PropertyChangeSupport.fire(PropertyChangeSupport.java:343) ~[?:?]
	at java.beans.PropertyChangeSupport.firePropertyChange(PropertyChangeSupport.java:335) ~[?:?]
	at java.beans.PropertyChangeSupport.firePropertyChange(PropertyChangeSupport.java:268) ~[?:?]
	at com.st.microxplorer.util.MXPropertyChangeSupport.firePropertyChange(MXPropertyChangeSupport.java:54) ~[STM32CubeMX.jar:?]
	at com.st.microxplorer.mxsystem.MxSystem.closeConfig(MxSystem.java:899) ~[STM32CubeMX.jar:?]
	at com.st.microxplorer.maingui.MainPanel.closeConfig(MainPanel.java:789) ~[STM32CubeMX.jar:?]
	at com.st.microxplorer.plugins.filemanager.engine.OpenFileManager.loadConfigurationFile(OpenFileManager.java:265) ~[filemanager.jar:?]
	at com.st.microxplorer.plugins.filemanager.engine.MainFileManager.userLoadConfig(MainFileManager.java:340) ~[filemanager.jar:?]
	at com.st.microxplorer.plugins.filemanager.engine.MainFileManager.userLoadConfig(MainFileManager.java:318) ~[filemanager.jar:?]
	at com.st.microxplorer.plugins.filemanager.FileManagerView.getSpecificTask(FileManagerView.java:246) ~[filemanager.jar:?]
	at com.st.stm32cube.common.mx.editor.CubeMxEditor.getMxTabbedPaneInstance(CubeMxEditor.java:1198) ~[com.st.stm32cube.common.mx_6.13.0.202411220809/:?]
	at com.st.stm32cube.common.mx.editor.CubeMxEditor$12$1.createSwingComponent(CubeMxEditor.java:1068) ~[com.st.stm32cube.common.mx_6.13.0.202411220809/:?]
	at com.st.stm32cube.common.mx.oss.core.awtswtbridge.EmbeddedSwingComposite.doComponentCreation(EmbeddedSwingComposite.java:492) ~[com.st.stm32cube.common.mx.oss_6.13.0.202411220809/:?]
	at com.st.stm32cube.common.mx.oss.core.awtswtbridge.EmbeddedSwingComposite$4.run(EmbeddedSwingComposite.java:291) ~[com.st.stm32cube.common.mx.oss_6.13.0.202411220809/:?]
	at com.st.stm32cube.common.mx.oss.core.awtswtbridge.AwtEnvironment$2.run(AwtEnvironment.java:166) ~[com.st.stm32cube.common.mx.oss_6.13.0.202411220809/:?]
	at java.awt.event.InvocationEvent.dispatch(InvocationEvent.java:318) ~[?:?]
	at java.awt.EventQueue.dispatchEventImpl(EventQueue.java:773) ~[?:?]
	at java.awt.EventQueue$4.run(EventQueue.java:720) ~[?:?]
	at java.awt.EventQueue$4.run(EventQueue.java:714) ~[?:?]
	at java.security.AccessController.doPrivileged(AccessController.java:400) ~[?:?]
	at java.security.ProtectionDomain$JavaSecurityAccessImpl.doIntersectionPrivilege(ProtectionDomain.java:87) ~[?:?]
	at java.awt.EventQueue.dispatchEvent(EventQueue.java:742) ~[?:?]
	at java.awt.EventDispatchThread.pumpOneEventForFilters(EventDispatchThread.java:203) ~[?:?]
	at java.awt.EventDispatchThread.pumpEventsForFilter(EventDispatchThread.java:124) ~[?:?]
	at java.awt.EventDispatchThread.pumpEventsForHierarchy(EventDispatchThread.java:113) ~[?:?]
	at java.awt.EventDispatchThread.pumpEvents(EventDispatchThread.java:109) ~[?:?]
	at java.awt.EventDispatchThread.pumpEvents(EventDispatchThread.java:101) ~[?:?]
	at java.awt.EventDispatchThread.run(EventDispatchThread.java:90) ~[?:?]
2025-04-12 09:43:38,051 [WARN] ThirdParty:871 - waiting for thirdparty lock release [close project]
2025-04-12 09:43:38,052 [INFO] ThirdParty:873 - entering critical section [close project]
2025-04-12 09:43:38,052 [INFO] ThirdParty:883 - exiting critical section [close project]
2025-04-12 09:43:38,055 [INFO] PinOutPanel:1589 - setPackage(No Configuration,No Configuration)
2025-04-12 09:43:38,072 [WARN] IpParametersView:154 - Warning: This peripheral hasn't parameters
2025-04-12 09:43:38,087 [WARN] MainPanel:289 - <html><b><center>Warning: This peripheral has no parameters to be configured<br></b></html>
2025-04-12 09:43:38,087 [ERROR] MainPanel:599 - java.lang.IndexOutOfBoundsException: Index: 0, Tab count: 0
2025-04-12 09:43:38,094 [INFO] UtilMem:75 - Begin LoadConfig() Used Memory: 783679664 Bytes (1073741824)
2025-04-12 09:43:38,095 [INFO] MicroXplorer:468 - Change Database Path : 
2025-04-12 09:43:38,095 [INFO] MicroXplorer:498 - Change Database Version : DB.6.0.130
2025-04-12 09:43:38,096 [INFO] OpenFileManager:332 - Change cursor
2025-04-12 09:43:38,150 [INFO] RulesReader:64 - Compatibility file has been processed (297 Rules)
2025-04-12 09:43:38,159 [INFO] Mcu:2035 - Initializing MCU STM32F411R(C-E)Tx STM32F411RETx STM32F411RET6
2025-04-12 09:43:39,372 [INFO] Context:748 - Trying to add GPIOservice into a context  which must be forbidden
2025-04-12 09:43:39,820 [INFO] RtosManager:555 - Registered RTOS mode: class=CMSIS, group=RTOS, mode=CMSIS_V1, owner=FREERTOS
2025-04-12 09:43:39,820 [INFO] RtosManager:555 - Registered RTOS mode: class=CMSIS, group=RTOS2, mode=CMSIS_V2, owner=FREERTOS
2025-04-12 09:43:39,820 [INFO] RtosManager:555 - Registered RTOS mode: class=RTOS, group=Core, mode=CMSIS_V1, owner=FREERTOS
2025-04-12 09:43:39,820 [INFO] RtosManager:555 - Registered RTOS mode: class=RTOS, group=Core, mode=CMSIS_V2, owner=FREERTOS
2025-04-12 09:43:39,820 [WARN] ModelIntegratedComponent:184 - Missing modes for component STMicroelectronics:FreeRTOS:0.0.1:STMicroelectronics:RTOS:FreeRTOS:Core:::10.2.0:
2025-04-12 09:43:39,836 [WARN] ModelIntegratedComponent:182 - Modes not found for component STMicroelectronics:USB_HOST:1.0.0:STMicroelectronics:USB::USB Host:Audio HS::1.0:USB_HOST_1_0_RESTRICTED_HS
2025-04-12 09:43:39,836 [WARN] ModelIntegratedComponent:188 - Modes not found for component STMicroelectronics:USB_HOST:1.0.0:STMicroelectronics:USB::USB Host:Audio HS::1.0:USB_HOST_1_0_RESTRICTED_HS
2025-04-12 09:43:39,837 [WARN] ModelIntegratedComponent:182 - Modes not found for component STMicroelectronics:USB_HOST:1.0.0:STMicroelectronics:USB::USB Host:CDC HS::1.0:USB_HOST_1_0_RESTRICTED_HS
2025-04-12 09:43:39,837 [WARN] ModelIntegratedComponent:188 - Modes not found for component STMicroelectronics:USB_HOST:1.0.0:STMicroelectronics:USB::USB Host:CDC HS::1.0:USB_HOST_1_0_RESTRICTED_HS
2025-04-12 09:43:39,837 [WARN] ModelIntegratedComponent:182 - Modes not found for component STMicroelectronics:USB_HOST:1.0.0:STMicroelectronics:USB::USB Host:MSC HS::1.0:USB_HOST_1_0_RESTRICTED_HS
2025-04-12 09:43:39,837 [WARN] ModelIntegratedComponent:188 - Modes not found for component STMicroelectronics:USB_HOST:1.0.0:STMicroelectronics:USB::USB Host:MSC HS::1.0:USB_HOST_1_0_RESTRICTED_HS
2025-04-12 09:43:39,837 [WARN] ModelIntegratedComponent:182 - Modes not found for component STMicroelectronics:USB_HOST:1.0.0:STMicroelectronics:USB::USB Host:HID HS::1.0:USB_HOST_1_0_RESTRICTED_HS
2025-04-12 09:43:39,837 [WARN] ModelIntegratedComponent:188 - Modes not found for component STMicroelectronics:USB_HOST:1.0.0:STMicroelectronics:USB::USB Host:HID HS::1.0:USB_HOST_1_0_RESTRICTED_HS
2025-04-12 09:43:39,837 [WARN] ModelIntegratedComponent:182 - Modes not found for component STMicroelectronics:USB_HOST:1.0.0:STMicroelectronics:USB::USB Host:MTP HS::1.0:USB_HOST_1_0_RESTRICTED_HS
2025-04-12 09:43:39,837 [WARN] ModelIntegratedComponent:188 - Modes not found for component STMicroelectronics:USB_HOST:1.0.0:STMicroelectronics:USB::USB Host:MTP HS::1.0:USB_HOST_1_0_RESTRICTED_HS
2025-04-12 09:43:39,855 [WARN] ModelIntegratedComponent:63 - No mode defined for component null
2025-04-12 09:43:39,855 [WARN] ModelIntegratedComponent:63 - No mode defined for component null
2025-04-12 09:43:39,855 [WARN] ModelIntegratedComponent:63 - No mode defined for component null
2025-04-12 09:43:39,856 [WARN] ModelIntegratedComponent:63 - No mode defined for component null
2025-04-12 09:43:39,856 [WARN] ModelIntegratedComponent:63 - No mode defined for component null
2025-04-12 09:43:39,856 [WARN] ModelIntegratedComponent:63 - No mode defined for component null
2025-04-12 09:43:39,856 [WARN] ModelIntegratedComponent:63 - No mode defined for component null
2025-04-12 09:43:39,856 [WARN] ModelIntegratedComponent:63 - No mode defined for component null
2025-04-12 09:43:39,856 [WARN] ModelIntegratedComponent:63 - No mode defined for component null
2025-04-12 09:43:39,856 [WARN] ModelIntegratedComponent:63 - No mode defined for component null
2025-04-12 09:43:39,856 [WARN] ModelIntegratedComponent:63 - No mode defined for component null
2025-04-12 09:43:39,856 [WARN] ModelIntegratedComponent:63 - No mode defined for component null
2025-04-12 09:43:39,856 [WARN] ModelIntegratedComponent:63 - No mode defined for component null
2025-04-12 09:43:39,856 [WARN] ModelIntegratedComponent:63 - No mode defined for component null
2025-04-12 09:43:39,856 [WARN] ModelIntegratedComponent:63 - No mode defined for component null
2025-04-12 09:43:39,857 [WARN] ModelIntegratedComponent:63 - No mode defined for component null
2025-04-12 09:43:39,857 [WARN] ModelIntegratedComponent:63 - No mode defined for component null
2025-04-12 09:43:39,857 [WARN] ModelIntegratedComponent:63 - No mode defined for component null
2025-04-12 09:43:39,857 [WARN] ModelIntegratedComponent:63 - No mode defined for component null
2025-04-12 09:43:39,857 [WARN] ModelIntegratedComponent:63 - No mode defined for component null
2025-04-12 09:43:39,857 [WARN] ModelIntegratedComponent:63 - No mode defined for component null
2025-04-12 09:43:39,857 [WARN] ModelIntegratedComponent:63 - No mode defined for component null
2025-04-12 09:43:39,857 [WARN] ModelIntegratedComponent:63 - No mode defined for component null
2025-04-12 09:43:39,857 [WARN] ModelIntegratedComponent:63 - No mode defined for component null
2025-04-12 09:43:39,857 [WARN] ModelIntegratedComponent:63 - No mode defined for component null
2025-04-12 09:43:39,857 [WARN] ModelIntegratedComponent:63 - No mode defined for component null
2025-04-12 09:43:39,857 [WARN] ModelIntegratedComponent:63 - No mode defined for component null
2025-04-12 09:43:39,857 [WARN] ModelIntegratedComponent:63 - No mode defined for component null
2025-04-12 09:43:39,857 [WARN] ModelIntegratedComponent:63 - No mode defined for component null
2025-04-12 09:43:39,858 [WARN] ModelIntegratedComponent:63 - No mode defined for component null
2025-04-12 09:43:39,858 [WARN] ModelIntegratedComponent:63 - No mode defined for component null
2025-04-12 09:43:39,858 [WARN] ModelIntegratedComponent:63 - No mode defined for component null
2025-04-12 09:43:39,858 [WARN] ModelIntegratedComponent:63 - No mode defined for component null
2025-04-12 09:43:39,858 [WARN] ModelIntegratedComponent:63 - No mode defined for component null
2025-04-12 09:43:39,858 [WARN] ModelIntegratedComponent:63 - No mode defined for component null
2025-04-12 09:43:39,858 [WARN] ModelPack:524 - Component already loaded: STMicroelectronics:HAL Drivers:0.0.0:STMicroelectronics:Device:STMicro_Driver:XSPI:HAL::0.0.1:HAL_XSPI
2025-04-12 09:43:40,171 [WARN] ModelIntegratedComponent:182 - Modes not found for component STMicroelectronics:USB_DEVICE:1.0.0:STMicroelectronics:USB::USB Device:Audio HS::1.0:USB_DEVICE_1_0_RESTRICTED_HS
2025-04-12 09:43:40,171 [WARN] ModelIntegratedComponent:188 - Modes not found for component STMicroelectronics:USB_DEVICE:1.0.0:STMicroelectronics:USB::USB Device:Audio HS::1.0:USB_DEVICE_1_0_RESTRICTED_HS
2025-04-12 09:43:40,171 [WARN] ModelIntegratedComponent:182 - Modes not found for component STMicroelectronics:USB_DEVICE:1.0.0:STMicroelectronics:USB::USB Device:CDC HS::1.0:USB_DEVICE_1_0_RESTRICTED_HS
2025-04-12 09:43:40,171 [WARN] ModelIntegratedComponent:188 - Modes not found for component STMicroelectronics:USB_DEVICE:1.0.0:STMicroelectronics:USB::USB Device:CDC HS::1.0:USB_DEVICE_1_0_RESTRICTED_HS
2025-04-12 09:43:40,171 [WARN] ModelIntegratedComponent:182 - Modes not found for component STMicroelectronics:USB_DEVICE:1.0.0:STMicroelectronics:USB::USB Device:DFU HS::1.0:USB_DEVICE_1_0_RESTRICTED_HS
2025-04-12 09:43:40,171 [WARN] ModelIntegratedComponent:188 - Modes not found for component STMicroelectronics:USB_DEVICE:1.0.0:STMicroelectronics:USB::USB Device:DFU HS::1.0:USB_DEVICE_1_0_RESTRICTED_HS
2025-04-12 09:43:40,171 [WARN] ModelIntegratedComponent:182 - Modes not found for component STMicroelectronics:USB_DEVICE:1.0.0:STMicroelectronics:USB::USB Device:HID HS::1.0:USB_DEVICE_1_0_RESTRICTED_HS
2025-04-12 09:43:40,171 [WARN] ModelIntegratedComponent:188 - Modes not found for component STMicroelectronics:USB_DEVICE:1.0.0:STMicroelectronics:USB::USB Device:HID HS::1.0:USB_DEVICE_1_0_RESTRICTED_HS
2025-04-12 09:43:40,171 [WARN] ModelIntegratedComponent:182 - Modes not found for component STMicroelectronics:USB_DEVICE:1.0.0:STMicroelectronics:USB::USB Device:Custom HID HS::1.0:USB_DEVICE_1_0_RESTRICTED_HS
2025-04-12 09:43:40,172 [WARN] ModelIntegratedComponent:188 - Modes not found for component STMicroelectronics:USB_DEVICE:1.0.0:STMicroelectronics:USB::USB Device:Custom HID HS::1.0:USB_DEVICE_1_0_RESTRICTED_HS
2025-04-12 09:43:40,172 [WARN] ModelIntegratedComponent:182 - Modes not found for component STMicroelectronics:USB_DEVICE:1.0.0:STMicroelectronics:USB::USB Device:MSC HS::1.0:USB_DEVICE_1_0_RESTRICTED_HS
2025-04-12 09:43:40,172 [WARN] ModelIntegratedComponent:188 - Modes not found for component STMicroelectronics:USB_DEVICE:1.0.0:STMicroelectronics:USB::USB Device:MSC HS::1.0:USB_DEVICE_1_0_RESTRICTED_HS
2025-04-12 09:43:40,185 [INFO] ThirdPartyModel:298 - Start build external matchings
2025-04-12 09:43:40,974 [INFO] ThirdPartyModel:316 - End build external matchings
2025-04-12 09:43:40,991 [INFO] ImportTextPane:218 - (OptionalMessage_ERROR) IP (RCC) : Parameter (48MHZClocksFreq_Value) has invalid value (84000000)
2025-04-12 09:43:40,992 [INFO] ImportTextPane:218 - (OptionalMessage_ERROR) IP (RCC) : Parameter (FLatency) has Id (AdvancedSettings) currently not set
2025-04-12 09:43:40,993 [INFO] ImportTextPane:218 - (OptionalMessage_ERROR) IP (RCC) : Parameter (RTCHSEDivFreq_Value) has invalid value (4000000)
2025-04-12 09:43:41,307 [INFO] UtilMem:75 - End LoadConfig() Used Memory: 999717568 Bytes (1073741824)
2025-04-12 09:43:41,386 [WARN] ThirdParty:833 - waiting for thirdparty lock release [change project]
2025-04-12 09:43:41,387 [INFO] ThirdParty:835 - entering critical section [change project]
2025-04-12 09:43:41,387 [INFO] ThirdParty:1030 - CMSIS Pack Vendor :STMicroelectronics USBPD 4.1
2025-04-12 09:43:41,387 [INFO] ThirdParty:1030 - CMSIS Pack Vendor :STMicroelectronics X-CUBE-AZRTOS-H7 3.3.0
2025-04-12 09:43:41,387 [INFO] ThirdParty:1030 - CMSIS Pack Vendor :STMicroelectronics X-CUBE-NFC9 1.0.0
2025-04-12 09:43:41,387 [INFO] ThirdParty:1030 - CMSIS Pack Vendor :STMicroelectronics USB_HOST 2.0.0
2025-04-12 09:43:41,388 [INFO] ThirdParty:1030 - CMSIS Pack Vendor :STMicroelectronics FP-SNS-MOTENVWB1 1.4.0
2025-04-12 09:43:41,388 [INFO] ThirdParty:1030 - CMSIS Pack Vendor :STMicroelectronics X-CUBE-AZRTOS-F4 1.1.0
2025-04-12 09:43:41,388 [INFO] ThirdParty:1030 - CMSIS Pack Vendor :STMicroelectronics LIBJPEG 8.0.0
2025-04-12 09:43:41,388 [INFO] ThirdParty:1030 - CMSIS Pack Vendor :STMicroelectronics FP-ATR-ASTRA1 2.0.2
2025-04-12 09:43:41,388 [INFO] ThirdParty:1030 - CMSIS Pack Vendor :STMicroelectronics X-CUBE-BLE1 7.1.0
2025-04-12 09:43:41,388 [INFO] ThirdParty:1030 - CMSIS Pack Vendor :Avnet-IotConnect X-CUBE-IoTC-DA16k-PMOD 1.0.0
2025-04-12 09:43:41,390 [INFO] ThirdParty:1030 - CMSIS Pack Vendor :STMicroelectronics X-CUBE-SMBUS 2.1.0
2025-04-12 09:43:41,391 [INFO] ThirdParty:1030 - CMSIS Pack Vendor :STMicroelectronics X-CUBE-WB05N 1.1.0
2025-04-12 09:43:41,392 [INFO] ThirdParty:1030 - CMSIS Pack Vendor :wolfSSL I-CUBE-wolfMQTT 1.19.2
2025-04-12 09:43:41,392 [INFO] ThirdParty:1030 - CMSIS Pack Vendor :STMicroelectronics USB_DEVICE 3.0.0
2025-04-12 09:43:41,392 [INFO] ThirdParty:1030 - CMSIS Pack Vendor :STMicroelectronics X-CUBE-ISPU 2.1.0
2025-04-12 09:43:41,392 [INFO] ThirdParty:1030 - CMSIS Pack Vendor :STMicroelectronics X-CUBE-AZRTOS-WB 2.0.0
2025-04-12 09:43:41,393 [INFO] ThirdParty:1030 - CMSIS Pack Vendor :STMicroelectronics X-CUBE-GNSS1 7.0.1
2025-04-12 09:43:41,393 [INFO] ThirdParty:1030 - CMSIS Pack Vendor :STMicroelectronics X-CUBE-AZRTOS-F7 1.1.0
2025-04-12 09:43:41,393 [INFO] ThirdParty:1030 - CMSIS Pack Vendor :STMicroelectronics X-CUBE-AZRTOS-L5 2.0.0
2025-04-12 09:43:41,393 [INFO] ThirdParty:1030 - CMSIS Pack Vendor :STMicroelectronics X-CUBE-TOUCHGFX 4.25.0
2025-04-12 09:43:41,393 [INFO] ThirdParty:1030 - CMSIS Pack Vendor :STMicroelectronics USB_DEVICE 2.0.0
2025-04-12 09:43:41,393 [INFO] ThirdParty:1030 - CMSIS Pack Vendor :STMicroelectronics X-CUBE-NFC6 3.1.0
2025-04-12 09:43:41,393 [INFO] ThirdParty:1030 - CMSIS Pack Vendor :STMicroelectronics FP-SNS-STBOX1 2.0.0
2025-04-12 09:43:41,394 [INFO] ThirdParty:1030 - CMSIS Pack Vendor :STMicroelectronics FreeRTOS 0.0.1
2025-04-12 09:43:41,394 [INFO] ThirdParty:1030 - CMSIS Pack Vendor :STMicroelectronics X-CUBE-AZRTOS-G0 1.1.0
2025-04-12 09:43:41,394 [INFO] ThirdParty:1030 - CMSIS Pack Vendor :STMicroelectronics X-CUBE-SAFEA1 1.2.2
2025-04-12 09:43:41,394 [INFO] ThirdParty:1030 - CMSIS Pack Vendor :STMicroelectronics X-CUBE-NFC4 3.0.0
2025-04-12 09:43:41,394 [INFO] ThirdParty:1030 - CMSIS Pack Vendor :STMicroelectronics X-CUBE-DPower 1.2.0
2025-04-12 09:43:41,394 [INFO] ThirdParty:1030 - CMSIS Pack Vendor :STMicroelectronics X-CUBE-SUBG2 5.0.0
2025-04-12 09:43:41,394 [INFO] ThirdParty:1030 - CMSIS Pack Vendor :STMicroelectronics X-CUBE-AZRTOS-H7RS 1.1.0
2025-04-12 09:43:41,394 [INFO] ThirdParty:1030 - CMSIS Pack Vendor :STMicroelectronics STM32_WPAN 1.0.0
2025-04-12 09:43:41,394 [INFO] ThirdParty:1030 - CMSIS Pack Vendor :EmbeddedOffice I-CUBE-FS-RTOS 1.0.1
2025-04-12 09:43:41,394 [INFO] ThirdParty:1030 - CMSIS Pack Vendor :STMicroelectronics lwIP 2.0.3
2025-04-12 09:43:41,395 [INFO] ThirdParty:1030 - CMSIS Pack Vendor :STMicroelectronics FP-SNS-FLIGHT1 5.0.2
2025-04-12 09:43:41,395 [INFO] ThirdParty:1030 - CMSIS Pack Vendor :Cesanta I-CUBE-Mongoose 7.13.0
2025-04-12 09:43:41,396 [INFO] ThirdParty:1030 - CMSIS Pack Vendor :STMicroelectronics USB_HOST 1.0.0
2025-04-12 09:43:41,396 [INFO] ThirdParty:1030 - CMSIS Pack Vendor :Infineon AIROC-Wi-Fi-Bluetooth-STM32 1.7.0
2025-04-12 09:43:41,396 [INFO] ThirdParty:1030 - CMSIS Pack Vendor :STMicroelectronics X-CUBE-AZRTOS-G4 2.0.0
2025-04-12 09:43:41,396 [INFO] ThirdParty:1030 - CMSIS Pack Vendor :STMicroelectronics PDM2PCM 3.1.0
2025-04-12 09:43:41,397 [INFO] ThirdParty:1030 - CMSIS Pack Vendor :STMicroelectronics PDM2PCM 3.3.0
2025-04-12 09:43:41,399 [INFO] ThirdParty:1030 - CMSIS Pack Vendor :wolfSSL I-CUBE-wolfTPM 3.8.0
2025-04-12 09:43:41,399 [INFO] ThirdParty:1030 - CMSIS Pack Vendor :STMicroelectronics X-CUBE-DISPLAY 3.0.0
2025-04-12 09:43:41,399 [INFO] ThirdParty:1030 - CMSIS Pack Vendor :wolfSSL I-CUBE-wolfSSH 1.4.20
2025-04-12 09:43:41,399 [INFO] ThirdParty:1030 - CMSIS Pack Vendor :STMicroelectronics X-CUBE-TCPP 4.2.0
2025-04-12 09:43:41,399 [INFO] ThirdParty:1030 - CMSIS Pack Vendor :RealThread X-CUBE-RT-Thread_Nano 4.1.1
2025-04-12 09:43:41,399 [INFO] ThirdParty:1030 - CMSIS Pack Vendor :STMicroelectronics X-CUBE-BLE1 7.0.0
2025-04-12 09:43:41,399 [INFO] ThirdParty:1030 - CMSIS Pack Vendor :STMicroelectronics FP-ATR-SIGFOX1 3.2.0
2025-04-12 09:43:41,399 [INFO] ThirdParty:1030 - CMSIS Pack Vendor :STMicroelectronics X-CUBE-NFC10 1.0.0
2025-04-12 09:43:41,399 [INFO] ThirdParty:1030 - CMSIS Pack Vendor :quantropi X-CUBE-qispace-sdk-base 1.9.3
2025-04-12 09:43:41,400 [INFO] ThirdParty:1030 - CMSIS Pack Vendor :STMicroelectronics X-CUBE-BLEMGR 4.0.0
2025-04-12 09:43:41,400 [INFO] ThirdParty:1030 - CMSIS Pack Vendor :STMicroelectronics X-CUBE-EEPRMA1 5.1.0
2025-04-12 09:43:41,400 [INFO] ThirdParty:1030 - CMSIS Pack Vendor :STMicroelectronics HAL Drivers 0.0.0
2025-04-12 09:43:41,400 [INFO] ThirdParty:1030 - CMSIS Pack Vendor :STMicroelectronics MBEDTLS 2.16.2
2025-04-12 09:43:41,400 [INFO] ThirdParty:1030 - CMSIS Pack Vendor :STMicroelectronics X-CUBE-IPS 3.1.0
2025-04-12 09:43:41,400 [INFO] ThirdParty:1030 - CMSIS Pack Vendor :STMicroelectronics X-CUBE-ALS 1.0.2
2025-04-12 09:43:41,400 [INFO] ThirdParty:1030 - CMSIS Pack Vendor :emotas I-CUBE-CANOPEN 1.3.0
2025-04-12 09:43:41,400 [INFO] ThirdParty:1030 - CMSIS Pack Vendor :STMicroelectronics X-CUBE-FREERTOS 1.3.0
2025-04-12 09:43:41,400 [INFO] ThirdParty:1030 - CMSIS Pack Vendor :STMicroelectronics X-CUBE-NFC7 1.0.1
2025-04-12 09:43:41,401 [INFO] ThirdParty:1030 - CMSIS Pack Vendor :STMicroelectronics MBEDTLS 2.14.1
2025-04-12 09:43:41,401 [INFO] ThirdParty:1030 - CMSIS Pack Vendor :wolfSSL I-CUBE-wolfSSL 5.7.6
2025-04-12 09:43:41,401 [INFO] ThirdParty:1030 - CMSIS Pack Vendor :ITTIA_DB I-CUBE-ITTIADB 8.9.0
2025-04-12 09:43:41,401 [INFO] ThirdParty:1030 - CMSIS Pack Vendor :STMicroelectronics X-CUBE-TOUCHGFX 4.24.2
2025-04-12 09:43:41,401 [INFO] ThirdParty:1030 - CMSIS Pack Vendor :portGmbH I-Cube-SoM-uGOAL 1.1.0
2025-04-12 09:43:41,401 [INFO] ThirdParty:1030 - CMSIS Pack Vendor :STMicroelectronics X-CUBE-AI 10.0.0
2025-04-12 09:43:41,401 [INFO] ThirdParty:1030 - CMSIS Pack Vendor :STMicroelectronics ThreadX 1.0.0
2025-04-12 09:43:41,401 [INFO] ThirdParty:1030 - CMSIS Pack Vendor :STMicroelectronics FP-SNS-SMARTAG2 1.2.0
2025-04-12 09:43:41,401 [INFO] ThirdParty:1030 - CMSIS Pack Vendor :STMicroelectronics FP-SNS-FLIGHT1 5.1.0
2025-04-12 09:43:41,403 [INFO] ThirdParty:1030 - CMSIS Pack Vendor :STMicroelectronics X-CUBE-MEMS1 11.1.0
2025-04-12 09:43:41,403 [INFO] ThirdParty:1030 - CMSIS Pack Vendor :STMicroelectronics X-CUBE-AZRTOS-WL 2.0.0
2025-04-12 09:43:41,403 [INFO] ThirdParty:1030 - CMSIS Pack Vendor :SEGGER I-CUBE-embOS 1.3.1
2025-04-12 09:43:41,403 [INFO] ThirdParty:1030 - CMSIS Pack Vendor :STMicroelectronics X-CUBE-ALGOBUILD 1.4.0
2025-04-12 09:43:41,403 [INFO] ThirdParty:1030 - CMSIS Pack Vendor :STMicroelectronics X-CUBE-DPower 1.3.0
2025-04-12 09:43:41,404 [INFO] ThirdParty:1030 - CMSIS Pack Vendor :STMicroelectronics FP-SNS-MOTENV1 5.0.0
2025-04-12 09:43:41,404 [INFO] ThirdParty:1030 - CMSIS Pack Vendor :STMicroelectronics USB_DEVICE 1.0.0
2025-04-12 09:43:41,404 [INFO] ThirdParty:1030 - CMSIS Pack Vendor :STMicroelectronics X-CUBE-AZRTOS-H7RS 1.0.0
2025-04-12 09:43:41,404 [INFO] ThirdParty:1030 - CMSIS Pack Vendor :STMicroelectronics X-CUBE-AZRTOS-L4 2.0.0
2025-04-12 09:43:41,404 [INFO] ThirdParty:1030 - CMSIS Pack Vendor :STMicroelectronics ThreadX 0.0.2
2025-04-12 09:43:41,404 [INFO] ThirdParty:1030 - CMSIS Pack Vendor :WES I-CUBE-Cesium 1.3.0
2025-04-12 09:43:41,404 [INFO] ThirdParty:1030 - CMSIS Pack Vendor :STMicroelectronics lwIP 2.1.2
2025-04-12 09:43:41,404 [INFO] ThirdParty:1030 - CMSIS Pack Vendor :STMicroelectronics X-CUBE-SFXS2LP1 4.0.0
2025-04-12 09:43:41,404 [INFO] ThirdParty:1030 - CMSIS Pack Vendor :STMicroelectronics X-CUBE-BLE2 3.3.0
2025-04-12 09:43:41,404 [INFO] ThirdParty:1030 - CMSIS Pack Vendor :STMicroelectronics X-CUBE-TOF1 3.4.2
2025-04-12 09:43:41,405 [INFO] ThirdParty:1030 - CMSIS Pack Vendor :STMicroelectronics PDM2PCM 3.2.0
2025-04-12 09:43:41,405 [INFO] ThirdParty:841 - exiting critical section [change project]
2025-04-12 09:43:41,724 [INFO] PinOutPanel:1589 - setPackage(No Configuration,No Configuration)
2025-04-12 09:43:41,725 [INFO] PinOutPanel:1589 - setPackage(STM32F411RETx,LQFP64)
2025-04-12 09:43:42,000 [INFO] UtilMem:75 - Before build in PCC Used Memory: 852061408 Bytes (1073741824)
2025-04-12 09:43:42,297 [INFO] UtilMem:75 - After build in PCC Used Memory: 897623760 Bytes (1073741824)
2025-04-12 09:43:42,316 [INFO] IPUIPlugin:80 - create IPUIPlugin
2025-04-12 09:43:42,317 [INFO] IPUIPlugin:80 - create IPUIPlugin
2025-04-12 09:43:42,317 [INFO] IPUIPlugin:80 - create IPUIPlugin
2025-04-12 09:43:42,317 [INFO] IPUIPlugin:80 - create IPUIPlugin
2025-04-12 09:43:42,317 [INFO] IPUIPlugin:80 - create IPUIPlugin
2025-04-12 09:43:42,318 [INFO] IPUIPlugin:80 - create IPUIPlugin
2025-04-12 09:43:42,318 [INFO] IPUIPlugin:80 - create IPUIPlugin
2025-04-12 09:43:42,318 [INFO] IPUIPlugin:80 - create IPUIPlugin
2025-04-12 09:43:42,318 [INFO] IPUIPlugin:80 - create IPUIPlugin
2025-04-12 09:43:42,318 [INFO] IPUIPlugin:80 - create IPUIPlugin
2025-04-12 09:43:42,318 [INFO] IPUIPlugin:80 - create IPUIPlugin
2025-04-12 09:43:42,318 [INFO] IPUIPlugin:80 - create IPUIPlugin
2025-04-12 09:43:42,319 [INFO] IPUIPlugin:80 - create IPUIPlugin
2025-04-12 09:43:42,319 [INFO] IPUIPlugin:80 - create IPUIPlugin
2025-04-12 09:43:42,319 [INFO] IPUIPlugin:80 - create IPUIPlugin
2025-04-12 09:43:42,320 [INFO] IPUIPlugin:80 - create IPUIPlugin
2025-04-12 09:43:42,320 [INFO] IPUIPlugin:80 - create IPUIPlugin
2025-04-12 09:43:42,321 [INFO] IPUIPlugin:80 - create IPUIPlugin
2025-04-12 09:43:42,321 [INFO] IPUIPlugin:80 - create IPUIPlugin
2025-04-12 09:43:42,321 [INFO] IPUIPlugin:80 - create IPUIPlugin
2025-04-12 09:43:42,321 [INFO] IPUIPlugin:80 - create IPUIPlugin
2025-04-12 09:43:42,322 [INFO] IPUIPlugin:80 - create IPUIPlugin
2025-04-12 09:43:42,322 [INFO] IPUIPlugin:80 - create IPUIPlugin
2025-04-12 09:43:42,322 [INFO] IPUIPlugin:80 - create IPUIPlugin
2025-04-12 09:43:42,322 [INFO] IPUIPlugin:80 - create IPUIPlugin
2025-04-12 09:43:42,322 [INFO] IPUIPlugin:80 - create IPUIPlugin
2025-04-12 09:43:42,322 [INFO] IPUIPlugin:80 - create IPUIPlugin
2025-04-12 09:43:42,323 [INFO] IPUIPlugin:80 - create IPUIPlugin
2025-04-12 09:43:42,323 [INFO] IPUIPlugin:80 - create IPUIPlugin
2025-04-12 09:43:42,323 [INFO] IPUIPlugin:80 - create IPUIPlugin
2025-04-12 09:43:42,323 [INFO] IPUIPlugin:80 - create IPUIPlugin
2025-04-12 09:43:42,323 [INFO] IPUIPlugin:80 - create IPUIPlugin
2025-04-12 09:43:42,323 [INFO] IPUIPlugin:80 - create IPUIPlugin
2025-04-12 09:43:42,323 [INFO] IPUIPlugin:80 - create IPUIPlugin
2025-04-12 09:43:42,324 [INFO] IPUIPlugin:80 - create IPUIPlugin
2025-04-12 09:43:42,324 [INFO] IPUIPlugin:80 - create IPUIPlugin
2025-04-12 09:43:42,324 [INFO] IPUIPlugin:80 - create IPUIPlugin
2025-04-12 09:43:42,324 [INFO] IPUIPlugin:80 - create IPUIPlugin
2025-04-12 09:43:42,324 [INFO] IPUIPlugin:80 - create IPUIPlugin
2025-04-12 09:43:42,325 [INFO] IPUIPlugin:80 - create IPUIPlugin
2025-04-12 09:43:42,325 [INFO] IPUIPlugin:80 - create IPUIPlugin
2025-04-12 09:43:42,325 [INFO] IPUIPlugin:80 - create IPUIPlugin
2025-04-12 09:43:42,325 [INFO] IPUIPlugin:80 - create IPUIPlugin
2025-04-12 09:43:42,328 [INFO] ApiDbMcu:508 - Load IP Config File for PDM2PCM
2025-04-12 09:43:42,382 [INFO] CADModel:165 - CPN selected for project levelSTM32F411RET6
2025-04-12 09:43:42,382 [INFO] CADModel:114 - Register for checkConnection events
2025-04-12 09:43:42,439 [INFO] OpenFileManager:363 - Restore cursor
2025-04-12 09:44:09,794 [ERROR] LogOutputStream:75 - [STDERR_REDIRECT] 
2025-04-12 09:45:19,064 [INFO] Activator:176 - 


2025-04-12 09:45:19,066 [INFO] Activator:177 - !SESSION log4j initialized
2025-04-12 09:45:23,019 [INFO] LogOutputStream:77 - [STDOUT_REDIRECT] 
2025-04-12 09:45:24,998 [INFO] ApplicationProperties:184 - Using Application install path: C:\ST\STM32CubeIDE_1.17.0\STM32CubeIDE\plugins\com.st.stm32cube.common.mx_6.13.0.202411220809
2025-04-12 09:45:25,013 [INFO] DbMcusXml:78 - Set database path to: C:\ST\STM32CubeIDE_1.17.0\STM32CubeIDE\plugins\com.st.stm32cube.common.mx_6.13.0.202411220809\\db\/mcu/
2025-04-12 09:45:25,013 [INFO] ApiDb:274 - Set plugin database path to: C:\ST\STM32CubeIDE_1.17.0\STM32CubeIDE\plugins\com.st.stm32cube.common.mx_6.13.0.202411220809\\db\/plugins/boardmanager/
2025-04-12 09:45:25,013 [WARN] ApiDb:259 - Overriding images path with different value:  => C:\ST\STM32CubeIDE_1.17.0\STM32CubeIDE\plugins\com.st.stm32cube.common.mx_6.13.0.202411220809\\db\/plugins/mcufinder/images/
2025-04-12 09:45:25,018 [INFO] ApiDb:250 - Set database path to: C:\Users\Flori\.stmcufinder\plugins\mcufinder//mcu/
2025-04-12 09:45:25,019 [INFO] DbMcusAds:125 - Set database path to: C:\Users\Flori\.stmcufinder\plugins\mcufinder//mcu/
2025-04-12 09:45:25,022 [INFO] CrossReferenceDbSqlite:203 - Set database path to: C:\Users\Flori\.stmcufinder\plugins\mcufinder//mcu/cs/
2025-04-12 09:45:25,227 [INFO] RulesReader:64 - Compatibility file has been processed (297 Rules)
2025-04-12 09:45:25,312 [INFO] DbMcusXml:78 - Set database path to: C:\ST\STM32CubeIDE_1.17.0\STM32CubeIDE\plugins\com.st.stm32cube.common.mx_6.13.0.202411220809\\db\/mcu/
2025-04-12 09:45:25,312 [INFO] ApiDb:274 - Set plugin database path to: C:\ST\STM32CubeIDE_1.17.0\STM32CubeIDE\plugins\com.st.stm32cube.common.mx_6.13.0.202411220809\\db\/plugins/boardmanager/
2025-04-12 09:45:25,312 [INFO] ApiDb:261 - Set plugin images path to: C:\ST\STM32CubeIDE_1.17.0\STM32CubeIDE\plugins\com.st.stm32cube.common.mx_6.13.0.202411220809\\db\/plugins/mcufinder/images/
2025-04-12 09:45:25,312 [WARN] DbFile:41 - Overriding database path with different value: C:\Users\Flori\.stmcufinder\plugins\mcufinder/ => C:\Users\Flori\.stmcufinder\plugins\mcufinder
2025-04-12 09:45:25,313 [INFO] ApiDb:250 - Set database path to: C:\Users\Flori\.stmcufinder\plugins\mcufinder//mcu/
2025-04-12 09:45:25,313 [WARN] DbFile:41 - Overriding database path with different value: C:\Users\Flori\.stmcufinder\plugins\mcufinder/ => C:\Users\Flori\.stmcufinder\plugins\mcufinder
2025-04-12 09:45:25,313 [INFO] DbMcusAds:125 - Set database path to: C:\Users\Flori\.stmcufinder\plugins\mcufinder//mcu/
2025-04-12 09:45:25,313 [WARN] DbFile:41 - Overriding database path with different value: C:\Users\Flori\.stmcufinder\plugins\mcufinder/ => C:\Users\Flori\.stmcufinder\plugins\mcufinder
2025-04-12 09:45:25,313 [WARN] DbFile:41 - Overriding database path with different value: C:\Users\Flori\.stmcufinder\plugins\mcufinder/ => C:\Users\Flori\.stmcufinder\plugins\mcufinder
2025-04-12 09:45:25,313 [INFO] CrossReferenceDbSqlite:203 - Set database path to: C:\Users\Flori\.stmcufinder\plugins\mcufinder//mcu/cs/
2025-04-12 09:45:25,389 [INFO] MainPanel:272 - HeapMemory: 268435456
2025-04-12 09:45:25,476 [INFO] DbMcusXml:78 - Set database path to: C:\ST\STM32CubeIDE_1.17.0\STM32CubeIDE\plugins\com.st.stm32cube.common.mx_6.13.0.202411220809\\db\/mcu/
2025-04-12 09:45:25,476 [INFO] ApiDb:274 - Set plugin database path to: C:\ST\STM32CubeIDE_1.17.0\STM32CubeIDE\plugins\com.st.stm32cube.common.mx_6.13.0.202411220809\\db\/plugins/boardmanager/
2025-04-12 09:45:25,477 [INFO] ApiDb:261 - Set plugin images path to: C:\ST\STM32CubeIDE_1.17.0\STM32CubeIDE\plugins\com.st.stm32cube.common.mx_6.13.0.202411220809\\db\/plugins/mcufinder/images/
2025-04-12 09:45:25,477 [WARN] DbFile:41 - Overriding database path with different value: C:\Users\Flori\.stmcufinder\plugins\mcufinder/ => C:\Users\Flori\.stmcufinder\plugins\mcufinder
2025-04-12 09:45:25,477 [INFO] ApiDb:250 - Set database path to: C:\Users\Flori\.stmcufinder\plugins\mcufinder//mcu/
2025-04-12 09:45:25,477 [WARN] DbFile:41 - Overriding database path with different value: C:\Users\Flori\.stmcufinder\plugins\mcufinder/ => C:\Users\Flori\.stmcufinder\plugins\mcufinder
2025-04-12 09:45:25,477 [INFO] DbMcusAds:125 - Set database path to: C:\Users\Flori\.stmcufinder\plugins\mcufinder//mcu/
2025-04-12 09:45:25,477 [WARN] DbFile:41 - Overriding database path with different value: C:\Users\Flori\.stmcufinder\plugins\mcufinder/ => C:\Users\Flori\.stmcufinder\plugins\mcufinder
2025-04-12 09:45:25,478 [WARN] DbFile:41 - Overriding database path with different value: C:\Users\Flori\.stmcufinder\plugins\mcufinder/ => C:\Users\Flori\.stmcufinder\plugins\mcufinder
2025-04-12 09:45:25,478 [INFO] CrossReferenceDbSqlite:203 - Set database path to: C:\Users\Flori\.stmcufinder\plugins\mcufinder//mcu/cs/
2025-04-12 09:45:25,505 [INFO] ApplicationProperties:184 - Using Application install path: C:\ST\STM32CubeIDE_1.17.0\STM32CubeIDE\plugins\com.st.stm32cube.common.mx_6.13.0.202411220809
2025-04-12 09:45:25,506 [INFO] PluginManage:196 - Search for loadable plugins [exclusion list=, ]
2025-04-12 09:45:25,509 [INFO] PluginManage:310 - Check plugin analytics
2025-04-12 09:45:25,785 [INFO] AnalyticsPlugin:253 - Accepted Software Licenses: 
2025-04-12 09:45:25,786 [INFO] AnalyticsPlugin:255 - Accepted CMSIS Pack Licenses: 
2025-04-12 09:45:25,787 [INFO] AnalyticsPlugin:257 - Accepted Firmware Licenses: FW.F4.1.28.0
2025-04-12 09:45:25,789 [INFO] PluginManage:359 - Loaded plugin analytics (category:tool,tabindex:-1)
2025-04-12 09:45:25,789 [INFO] PluginManage:310 - Check plugin cadmodel
2025-04-12 09:45:25,794 [INFO] CADModel:105 - Init CAD model plugin
2025-04-12 09:45:25,794 [INFO] PluginManage:359 - Loaded plugin cadmodel (category:power,tabindex:5)
2025-04-12 09:45:25,794 [INFO] PluginManage:310 - Check plugin clock
2025-04-12 09:45:25,807 [INFO] PluginManage:359 - Loaded plugin clock (category:base,tabindex:2)
2025-04-12 09:45:25,808 [INFO] PluginManage:310 - Check plugin ddr
2025-04-12 09:45:25,810 [INFO] PluginManage:359 - Loaded plugin ddr (category:tool,tabindex:6)
2025-04-12 09:45:25,811 [INFO] PluginManage:310 - Check plugin filemanager
2025-04-12 09:45:26,004 [INFO] PluginManage:359 - Loaded plugin filemanager (category:base,tabindex:10)
2025-04-12 09:45:26,004 [INFO] PluginManage:310 - Check plugin ipmanager
2025-04-12 09:45:26,012 [INFO] PluginManage:359 - Loaded plugin ipmanager (category:base,tabindex:5)
2025-04-12 09:45:26,014 [INFO] PluginManage:310 - Check plugin lpbam
2025-04-12 09:45:26,023 [INFO] PluginManage:359 - Loaded plugin lpbam (category:base,tabindex:0)
2025-04-12 09:45:26,024 [INFO] PluginManage:310 - Check plugin memorymap
2025-04-12 09:45:26,036 [INFO] PluginManage:359 - Loaded plugin memorymap (category:base,tabindex:4)
2025-04-12 09:45:26,036 [INFO] PluginManage:310 - Check plugin pinoutandconfiguration
2025-04-12 09:45:26,047 [INFO] PluginManage:359 - Loaded plugin pinoutandconfiguration (category:base,tabindex:1)
2025-04-12 09:45:26,047 [INFO] PluginManage:310 - Check plugin pinoutconfig
2025-04-12 09:45:26,144 [WARN] SupportedApi:132 - Cannot load RTOS API schema: s4s-elt-must-match.1: The content of 'definitions' must match (annotation?, (simpleType | complexType)?, (unique | key | keyref)*)). A problem was found starting at: attribute.
2025-04-12 09:45:26,266 [INFO] PluginManage:359 - Loaded plugin pinoutconfig (category:base,tabindex:0)
2025-04-12 09:45:26,266 [INFO] PluginManage:310 - Check plugin power
2025-04-12 09:45:26,273 [INFO] PluginManage:359 - Loaded plugin power (category:power,tabindex:4)
2025-04-12 09:45:26,274 [INFO] PluginManage:310 - Check plugin projectmanager
2025-04-12 09:45:26,288 [INFO] PluginManage:359 - Loaded plugin projectmanager (category:projectmanager,tabindex:4)
2025-04-12 09:45:26,288 [INFO] PluginManage:310 - Check plugin rif
2025-04-12 09:45:26,296 [INFO] PluginManage:359 - Loaded plugin rif (category:base,tabindex:3)
2025-04-12 09:45:26,297 [INFO] PluginManage:310 - Check plugin thirdparty
2025-04-12 09:45:26,431 [WARN] IntegrityCheckThread:84 - waiting for thirdparty lock release [integrity check]
2025-04-12 09:45:26,431 [INFO] IntegrityCheckThread:86 - entering critical section [integrity check]
2025-04-12 09:45:26,431 [INFO] PluginManage:359 - Loaded plugin thirdparty (category:base,tabindex:-1)
2025-04-12 09:45:26,431 [INFO] PluginManage:310 - Check plugin tools
2025-04-12 09:45:26,431 [INFO] ThirdPartyUpdaterWithRetryManager:70 - Updater plugin not ready yet. [1/15]
2025-04-12 09:45:26,435 [INFO] PluginManage:359 - Loaded plugin tools (category:base,tabindex:7)
2025-04-12 09:45:26,435 [INFO] PluginManage:310 - Check plugin tutovideos
2025-04-12 09:45:26,582 [INFO] PluginManage:359 - Loaded plugin tutovideos (category:base,tabindex:-1)
2025-04-12 09:45:26,582 [INFO] PluginManage:310 - Check plugin updater
2025-04-12 09:45:26,603 [INFO] PluginManage:359 - Loaded plugin updater (category:base,tabindex:12)
2025-04-12 09:45:26,604 [INFO] PluginManage:310 - Check plugin userauth
2025-04-12 09:45:26,607 [INFO] UserAuth:118 - Init User Auth plugin
2025-04-12 09:45:26,608 [INFO] PluginManage:359 - Loaded plugin userauth (category:base,tabindex:14)
2025-04-12 09:45:26,608 [INFO] PluginManage:283 - PluginManage : Loaded plugins [18]
2025-04-12 09:45:26,822 [INFO] PinOutPanel:1589 - setPackage(No Configuration,No Configuration)
2025-04-12 09:45:26,907 [INFO] CADModel:165 - CPN selected for project level
2025-04-12 09:45:26,907 [INFO] CADModel:114 - Register for checkConnection events
2025-04-12 09:45:26,921 [INFO] IPUIPlugin:80 - create IPUIPlugin
2025-04-12 09:45:26,922 [INFO] PluginManager:220 - loadIPPluginJar : add adc
2025-04-12 09:45:26,924 [INFO] IPUIPlugin:80 - create IPUIPlugin
2025-04-12 09:45:26,925 [INFO] PluginManager:220 - loadIPPluginJar : add aes
2025-04-12 09:45:26,927 [INFO] IPUIPlugin:80 - create IPUIPlugin
2025-04-12 09:45:26,927 [INFO] PluginManager:220 - loadIPPluginJar : add can
2025-04-12 09:45:26,929 [INFO] IPUIPlugin:80 - create IPUIPlugin
2025-04-12 09:45:26,929 [INFO] PluginManager:220 - loadIPPluginJar : add comp
2025-04-12 09:45:26,931 [INFO] IPUIPlugin:80 - create IPUIPlugin
2025-04-12 09:45:26,931 [INFO] PluginManager:220 - loadIPPluginJar : add cryp
2025-04-12 09:45:26,933 [INFO] IPUIPlugin:80 - create IPUIPlugin
2025-04-12 09:45:26,933 [INFO] PluginManager:220 - loadIPPluginJar : add ddr_ctrl_phy
2025-04-12 09:45:26,935 [INFO] IPUIPlugin:80 - create IPUIPlugin
2025-04-12 09:45:26,935 [INFO] PluginManager:220 - loadIPPluginJar : add dfsdm
2025-04-12 09:45:26,940 [INFO] IPUIPlugin:80 - create IPUIPlugin
2025-04-12 09:45:26,941 [INFO] PluginManager:220 - loadIPPluginJar : add dma
2025-04-12 09:45:26,944 [INFO] IPUIPlugin:80 - create IPUIPlugin
2025-04-12 09:45:26,944 [INFO] PluginManager:220 - loadIPPluginJar : add dma3
2025-04-12 09:45:26,946 [INFO] IPUIPlugin:80 - create IPUIPlugin
2025-04-12 09:45:26,946 [INFO] PluginManager:220 - loadIPPluginJar : add extmemmanager
2025-04-12 09:45:26,947 [INFO] IPUIPlugin:80 - create IPUIPlugin
2025-04-12 09:45:26,948 [INFO] PluginManager:220 - loadIPPluginJar : add fatfs
2025-04-12 09:45:26,951 [INFO] IPUIPlugin:80 - create IPUIPlugin
2025-04-12 09:45:26,951 [INFO] PluginManager:220 - loadIPPluginJar : add fmc
2025-04-12 09:45:26,955 [INFO] IPUIPlugin:80 - create IPUIPlugin
2025-04-12 09:45:26,955 [INFO] PluginManager:220 - loadIPPluginJar : add freertos
2025-04-12 09:45:26,958 [INFO] IPUIPlugin:80 - create IPUIPlugin
2025-04-12 09:45:26,958 [INFO] PluginManager:220 - loadIPPluginJar : add genericplugin
2025-04-12 09:45:26,959 [INFO] IPUIPlugin:80 - create IPUIPlugin
2025-04-12 09:45:26,960 [INFO] PluginManager:220 - loadIPPluginJar : add gfxmmu
2025-04-12 09:45:26,963 [INFO] IPUIPlugin:80 - create IPUIPlugin
2025-04-12 09:45:26,963 [INFO] PluginManager:220 - loadIPPluginJar : add gic
2025-04-12 09:45:26,966 [INFO] IPUIPlugin:80 - create IPUIPlugin
2025-04-12 09:45:26,967 [INFO] PluginManager:220 - loadIPPluginJar : add gpio
2025-04-12 09:45:26,969 [INFO] IPUIPlugin:80 - create IPUIPlugin
2025-04-12 09:45:26,969 [INFO] PluginManager:220 - loadIPPluginJar : add gtzc
2025-04-12 09:45:26,970 [INFO] IPUIPlugin:80 - create IPUIPlugin
2025-04-12 09:45:26,970 [INFO] PluginManager:220 - loadIPPluginJar : add hash
2025-04-12 09:45:26,972 [INFO] IPUIPlugin:80 - create IPUIPlugin
2025-04-12 09:45:26,973 [INFO] PluginManager:220 - loadIPPluginJar : add i2c
2025-04-12 09:45:26,976 [INFO] IPUIPlugin:80 - create IPUIPlugin
2025-04-12 09:45:26,976 [INFO] PluginManager:220 - loadIPPluginJar : add i2s
2025-04-12 09:45:26,978 [INFO] IPUIPlugin:80 - create IPUIPlugin
2025-04-12 09:45:26,978 [INFO] PluginManager:220 - loadIPPluginJar : add i3c
2025-04-12 09:45:26,980 [INFO] IPUIPlugin:80 - create IPUIPlugin
2025-04-12 09:45:26,981 [INFO] PluginManager:220 - loadIPPluginJar : add ipddr
2025-04-12 09:45:26,986 [INFO] IPUIPlugin:80 - create IPUIPlugin
2025-04-12 09:45:26,987 [INFO] PluginManager:220 - loadIPPluginJar : add linkedlist
2025-04-12 09:45:26,990 [INFO] IPUIPlugin:80 - create IPUIPlugin
2025-04-12 09:45:26,990 [INFO] PluginManager:220 - loadIPPluginJar : add lorawan
2025-04-12 09:45:26,992 [INFO] IPUIPlugin:80 - create IPUIPlugin
2025-04-12 09:45:26,992 [INFO] PluginManager:220 - loadIPPluginJar : add ltdc
2025-04-12 09:45:26,997 [INFO] IPUIPlugin:80 - create IPUIPlugin
2025-04-12 09:45:26,997 [INFO] PluginManager:220 - loadIPPluginJar : add mdma
2025-04-12 09:45:27,000 [INFO] IPUIPlugin:80 - create IPUIPlugin
2025-04-12 09:45:27,001 [INFO] PluginManager:220 - loadIPPluginJar : add nvic
2025-04-12 09:45:27,004 [INFO] IPUIPlugin:80 - create IPUIPlugin
2025-04-12 09:45:27,004 [INFO] PluginManager:220 - loadIPPluginJar : add opamp
2025-04-12 09:45:27,009 [INFO] IPUIPlugin:80 - create IPUIPlugin
2025-04-12 09:45:27,009 [INFO] PluginManager:220 - loadIPPluginJar : add openamp
2025-04-12 09:45:27,013 [INFO] IPUIPlugin:80 - create IPUIPlugin
2025-04-12 09:45:27,013 [INFO] PluginManager:220 - loadIPPluginJar : add pdm2pcm
2025-04-12 09:45:27,021 [INFO] IPUIPlugin:80 - create IPUIPlugin
2025-04-12 09:45:27,025 [INFO] PluginManager:220 - loadIPPluginJar : add plateformsettings
2025-04-12 09:45:27,028 [INFO] IPUIPlugin:80 - create IPUIPlugin
2025-04-12 09:45:27,028 [INFO] PluginManager:220 - loadIPPluginJar : add quadspi
2025-04-12 09:45:27,030 [INFO] IPUIPlugin:80 - create IPUIPlugin
2025-04-12 09:45:27,031 [INFO] PluginManager:220 - loadIPPluginJar : add radio
2025-04-12 09:45:27,035 [INFO] IPUIPlugin:80 - create IPUIPlugin
2025-04-12 09:45:27,035 [INFO] PluginManager:220 - loadIPPluginJar : add resmgrutility
2025-04-12 09:45:27,039 [INFO] IPUIPlugin:80 - create IPUIPlugin
2025-04-12 09:45:27,040 [INFO] PluginManager:220 - loadIPPluginJar : add sai
2025-04-12 09:45:27,043 [INFO] IPUIPlugin:80 - create IPUIPlugin
2025-04-12 09:45:27,043 [INFO] PluginManager:220 - loadIPPluginJar : add spi
2025-04-12 09:45:27,049 [INFO] IPUIPlugin:80 - create IPUIPlugin
2025-04-12 09:45:27,049 [INFO] PluginManager:220 - loadIPPluginJar : add stm32_wpan
2025-04-12 09:45:27,052 [INFO] IPUIPlugin:80 - create IPUIPlugin
2025-04-12 09:45:27,052 [INFO] PluginManager:220 - loadIPPluginJar : add tim
2025-04-12 09:45:27,055 [INFO] IPUIPlugin:80 - create IPUIPlugin
2025-04-12 09:45:27,055 [INFO] PluginManager:220 - loadIPPluginJar : add touchsensing
2025-04-12 09:45:27,057 [INFO] IPUIPlugin:80 - create IPUIPlugin
2025-04-12 09:45:27,058 [INFO] PluginManager:220 - loadIPPluginJar : add tracer_emb
2025-04-12 09:45:27,061 [INFO] IPUIPlugin:80 - create IPUIPlugin
2025-04-12 09:45:27,062 [INFO] PluginManager:220 - loadIPPluginJar : add ts
2025-04-12 09:45:27,064 [INFO] IPUIPlugin:80 - create IPUIPlugin
2025-04-12 09:45:27,065 [INFO] PluginManager:220 - loadIPPluginJar : add tsc
2025-04-12 09:45:27,067 [INFO] IPUIPlugin:80 - create IPUIPlugin
2025-04-12 09:45:27,067 [INFO] PluginManager:220 - loadIPPluginJar : add ucpd
2025-04-12 09:45:27,071 [INFO] IPUIPlugin:80 - create IPUIPlugin
2025-04-12 09:45:27,071 [INFO] PluginManager:220 - loadIPPluginJar : add usart
2025-04-12 09:45:27,075 [INFO] IPUIPlugin:80 - create IPUIPlugin
2025-04-12 09:45:27,076 [INFO] PluginManager:220 - loadIPPluginJar : add usbx
2025-04-12 09:45:27,228 [FATAL] Updater:351 - Updater called before beeing initialized
2025-04-12 09:45:27,267 [INFO] RulesReader:64 - Compatibility file has been processed (297 Rules)
2025-04-12 09:45:27,281 [INFO] RulesReader:64 - Compatibility file has been processed (297 Rules)
2025-04-12 09:45:27,291 [INFO] CADModel:165 - CPN selected for project level
2025-04-12 09:45:27,291 [INFO] CADModel:114 - Register for checkConnection events
2025-04-12 09:45:27,291 [FATAL] Updater:351 - Updater called before beeing initialized
2025-04-12 09:45:27,291 [ERROR] CADModel:125 - Updater not yet initialized, retry later 
2025-04-12 09:45:27,476 [FATAL] Updater:351 - Updater called before beeing initialized
2025-04-12 09:45:27,477 [INFO] CADModel:165 - CPN selected for project level
2025-04-12 09:45:27,477 [INFO] CADModel:114 - Register for checkConnection events
2025-04-12 09:45:27,477 [FATAL] Updater:351 - Updater called before beeing initialized
2025-04-12 09:45:27,477 [ERROR] CADModel:125 - Updater not yet initialized, retry later 
2025-04-12 09:45:27,480 [FATAL] Updater:351 - Updater called before beeing initialized
2025-04-12 09:45:27,585 [FATAL] Updater:351 - Updater called before beeing initialized
2025-04-12 09:45:27,588 [INFO] DbMcusAds:53 - JSON generation date=Thu Mar 06 15:54:21 CET 2025 (1741272861825)
2025-04-12 09:45:27,588 [FATAL] Updater:351 - Updater called before beeing initialized
2025-04-12 09:45:27,627 [WARN] DetailPanel:346 - Failed to get advertising image, set to default
2025-04-12 09:45:27,888 [FATAL] Updater:351 - Updater called before beeing initialized
2025-04-12 09:45:27,890 [FATAL] Updater:351 - Updater called before beeing initialized
2025-04-12 09:45:27,890 [FATAL] Updater:351 - Updater called before beeing initialized
2025-04-12 09:45:27,890 [WARN] DetailPanel:346 - Failed to get advertising image, set to default
2025-04-12 09:45:27,890 [FATAL] Updater:351 - Updater called before beeing initialized
2025-04-12 09:45:27,935 [ERROR] Updater:1198 - MainUpdater not yet initialized. External WinMGr cannot be set.
2025-04-12 09:45:27,937 [INFO] Updater:1134 - Updater Version found : 6.13.0
2025-04-12 09:45:27,950 [INFO] ApplicationProperties:184 - Using Application install path: C:\ST\STM32CubeIDE_1.17.0\STM32CubeIDE\plugins\com.st.stm32cube.common.mx_6.13.0.202411220809
2025-04-12 09:45:29,433 [INFO] ThirdPartyUpdaterWithRetryManager:70 - Updater plugin not ready yet. [2/15]
2025-04-12 09:45:29,521 [ERROR] LogOutputStream:75 - [STDERR_REDIRECT] Apr 12, 2025 9:45:29 AM java.util.prefs.WindowsPreferences <init>
2025-04-12 09:45:29,523 [ERROR] LogOutputStream:75 - [STDERR_REDIRECT] WARNING: Could not open/create prefs root node Software\JavaSoft\Prefs at root 0xffffffff80000002. Windows RegCreateKeyEx(...) returned error code 5.
2025-04-12 09:45:29,523 [ERROR] LogOutputStream:75 - [STDERR_REDIRECT] 
2025-04-12 09:45:29,869 [INFO] MainUpdater:2872 - connection check result : 10
2025-04-12 09:45:29,870 [INFO] MainUpdater:289 - Updater Check For Update Now.
2025-04-12 09:45:29,871 [INFO] MicroXplorer:498 - Change Database Version : DB.6.0.130
2025-04-12 09:45:29,882 [INFO] McuFinderGlobals:63 - Set McuFinder mode to 2 (CubeIDE integrated)
2025-04-12 09:45:29,882 [INFO] UserAuth:486 - Internet connection configuration mode: 1
2025-04-12 09:45:29,904 [INFO] JxBrowserEngine:152 - Initiate JxBrowser Engine with user profile folder
2025-04-12 09:45:30,077 [INFO] CheckServerUpdateThread:120 - End of CheckServer Thread
2025-04-12 09:45:30,553 [INFO] WebApp:168 - Instantiating new browser for Auth
2025-04-12 09:45:31,332 [INFO] WebApp:449 - Apply proxy settings
2025-04-12 09:45:31,332 [INFO] WebApp:534 - Chromium requires no authentication
2025-04-12 09:45:31,343 [INFO] WebApp:477 - Direct internet connection detected
2025-04-12 09:45:31,390 [INFO] WebApp:880 - Register for checkConnection events
2025-04-12 09:45:31,390 [INFO] WebApp:449 - Apply proxy settings
2025-04-12 09:45:31,390 [INFO] WebApp:534 - Chromium requires no authentication
2025-04-12 09:45:31,391 [INFO] WebApp:477 - Direct internet connection detected
2025-04-12 09:45:31,575 [INFO] WebApp:221 - Starting web application
2025-04-12 09:45:31,575 [INFO] WebApp:579 - Web application path used C:\ST\STM32CubeIDE_1.17.0\STM32CubeIDE\plugins\com.st.stm32cube.common.mx_6.13.0.202411220809\db\plugins\mcufinder\reactClient1\index.html
2025-04-12 09:45:31,606 [INFO] WebApp:187 - Connection restablished
2025-04-12 09:45:31,685 [INFO] UserAuth:486 - Internet connection configuration mode: 1
2025-04-12 09:45:32,663 [WARN] PackLoader:240 - Cannot read IP mode file for STMicroelectronics.FP-SNS-MOTENVWB1.1.4.0
2025-04-12 09:45:32,673 [WARN] PackLoader:240 - Cannot read IP mode file for STMicroelectronics.FP-ATR-ASTRA1.2.0.2
2025-04-12 09:45:32,685 [WARN] PackLoader:240 - Cannot read IP mode file for STMicroelectronics.X-CUBE-SMBUS.2.1.0
2025-04-12 09:45:32,697 [WARN] PackLoader:240 - Cannot read IP mode file for STMicroelectronics.X-CUBE-WB05N.1.1.0
2025-04-12 09:45:32,743 [WARN] PackLoader:240 - Cannot read IP mode file for STMicroelectronics.X-CUBE-AZRTOS-F7.1.1.0
2025-04-12 09:45:32,757 [WARN] PackLoader:240 - Cannot read IP mode file for STMicroelectronics.FP-SNS-FLIGHT1.5.0.2
2025-04-12 09:45:32,815 [WARN] PackLoader:240 - Cannot read IP mode file for Infineon.AIROC-Wi-Fi-Bluetooth-STM32.1.7.0
2025-04-12 09:45:32,840 [WARN] PackLoader:240 - Cannot read IP mode file for STMicroelectronics.X-CUBE-DISPLAY.3.0.0
2025-04-12 09:45:32,854 [WARN] PackLoader:240 - Cannot read IP mode file for STMicroelectronics.X-CUBE-BLE1.7.0.0
2025-04-12 09:45:32,863 [WARN] PackLoader:240 - Cannot read IP mode file for STMicroelectronics.X-CUBE-NFC10.1.0.0
2025-04-12 09:45:32,880 [WARN] PackLoader:240 - Cannot read IP mode file for STMicroelectronics.X-CUBE-BLEMGR.4.0.0
2025-04-12 09:45:32,893 [WARN] PackLoader:240 - Cannot read IP mode file for emotas.I-CUBE-CANOPEN.1.3.0
2025-04-12 09:45:32,899 [WARN] PackLoader:240 - Cannot read IP mode file for STMicroelectronics.X-CUBE-AI.10.0.0
2025-04-12 09:45:32,904 [WARN] PackLoader:240 - Cannot read IP mode file for STMicroelectronics.FP-SNS-SMARTAG2.1.2.0
2025-04-12 09:45:32,910 [WARN] PackLoader:240 - Cannot read IP mode file for STMicroelectronics.FP-SNS-FLIGHT1.5.1.0
2025-04-12 09:45:32,978 [WARN] PackLoader:240 - Cannot read IP mode file for STMicroelectronics.X-CUBE-MEMS1.11.1.0
2025-04-12 09:45:33,209 [INFO] LogOutputStream:77 - [STDOUT_REDIRECT] 1 : Invalid condition id : UX_CORESTACK_Condition cause : null
2025-04-12 09:45:33,211 [INFO] LogOutputStream:77 - [STDOUT_REDIRECT] 1 : Invalid condition id : UX_CORESTACK_Condition cause : null
2025-04-12 09:45:33,212 [INFO] LogOutputStream:77 - [STDOUT_REDIRECT] 1 : Invalid condition id : UX_CORESTACK_Condition cause : null
2025-04-12 09:45:33,214 [INFO] LogOutputStream:77 - [STDOUT_REDIRECT] 1 : Invalid condition id : UX_CORESTACK_Condition cause : null
2025-04-12 09:45:33,215 [INFO] LogOutputStream:77 - [STDOUT_REDIRECT] 1 : Invalid condition id : UX_CORESTACK_Condition cause : null
2025-04-12 09:45:33,220 [WARN] PackLoader:240 - Cannot read IP mode file for STMicroelectronics.X-CUBE-AZRTOS-WL.2.0.0
2025-04-12 09:45:33,238 [WARN] PackLoader:240 - Cannot read IP mode file for STMicroelectronics.FP-SNS-MOTENV1.5.0.0
2025-04-12 09:45:33,253 [WARN] PackLoader:240 - Cannot read IP mode file for WES.I-CUBE-Cesium.1.3.0
2025-04-12 09:45:33,259 [WARN] PackLoader:240 - Cannot read IP mode file for STMicroelectronics.X-CUBE-BLE2.3.3.0
2025-04-12 09:45:33,269 [WARN] PackLoader:240 - Cannot read IP mode file for STMicroelectronics.X-CUBE-NFC9.1.0.0
2025-04-12 09:45:33,276 [WARN] PackLoader:240 - Cannot read IP mode file for STMicroelectronics.X-CUBE-BLE1.7.1.0
2025-04-12 09:45:33,284 [WARN] PackLoader:240 - Cannot read IP mode file for wolfSSL.I-CUBE-wolfMQTT.1.19.2
2025-04-12 09:45:33,308 [WARN] PackLoader:240 - Cannot read IP mode file for STMicroelectronics.X-CUBE-AZRTOS-G0.1.1.0
2025-04-12 09:45:33,321 [WARN] PackLoader:240 - Cannot read IP mode file for STMicroelectronics.X-CUBE-SAFEA1.1.2.2
2025-04-12 09:45:33,329 [WARN] PackLoader:240 - Cannot read IP mode file for STMicroelectronics.X-CUBE-NFC4.3.0.0
2025-04-12 09:45:33,371 [WARN] PackLoader:240 - Cannot read IP mode file for EmbeddedOffice.I-CUBE-FS-RTOS.1.0.1
2025-04-12 09:45:33,379 [WARN] PackLoader:240 - Cannot read IP mode file for wolfSSL.I-CUBE-wolfTPM.3.8.0
2025-04-12 09:45:33,386 [WARN] PackLoader:240 - Cannot read IP mode file for STMicroelectronics.X-CUBE-TCPP.4.2.0
2025-04-12 09:45:33,393 [WARN] PackLoader:240 - Cannot read IP mode file for RealThread.X-CUBE-RT-Thread_Nano.4.1.1
2025-04-12 09:45:33,399 [WARN] PackLoader:240 - Cannot read IP mode file for STMicroelectronics.FP-ATR-SIGFOX1.3.2.0
2025-04-12 09:45:33,405 [WARN] ConditionMgr:438 - getConditionDescription Invalid condition id : Cortex-A Device cause : null
2025-04-12 09:45:33,424 [WARN] ConditionMgr:1044 - genDependencies : Invalid condition id : Cortex-A Device cause : null
2025-04-12 09:45:33,424 [WARN] ConditionMgr:1044 - genDependencies : Invalid condition id : Cortex-A Device cause : null
2025-04-12 09:45:33,425 [WARN] ConditionMgr:1044 - genDependencies : Invalid condition id : Cortex-A Device cause : null
2025-04-12 09:45:33,434 [WARN] PackLoader:240 - Cannot read IP mode file for STMicroelectronics.X-CUBE-EEPRMA1.5.1.0
2025-04-12 09:45:33,442 [WARN] PackLoader:240 - Cannot read IP mode file for wolfSSL.I-CUBE-wolfSSL.5.7.6
2025-04-12 09:45:33,454 [WARN] PackLoader:240 - Cannot read IP mode file for ITTIA_DB.I-CUBE-ITTIADB.8.9.0
2025-04-12 09:45:33,489 [WARN] PackLoader:240 - Cannot read IP mode file for SEGGER.I-CUBE-embOS.1.3.1
2025-04-12 09:45:33,551 [WARN] PackLoader:240 - Cannot read IP mode file for STMicroelectronics.X-CUBE-ALGOBUILD.1.4.0
2025-04-12 09:45:33,575 [WARN] PackLoader:240 - Cannot read IP mode file for STMicroelectronics.X-CUBE-AZRTOS-F4.1.1.0
2025-04-12 09:45:33,581 [WARN] PackLoader:240 - Cannot read IP mode file for Avnet-IotConnect.X-CUBE-IoTC-DA16k-PMOD.1.0.0
2025-04-12 09:45:33,586 [WARN] PackLoader:240 - Cannot read IP mode file for STMicroelectronics.X-CUBE-ISPU.2.1.0
2025-04-12 09:45:33,608 [WARN] PackLoader:240 - Cannot read IP mode file for STMicroelectronics.X-CUBE-AZRTOS-L5.2.0.0
2025-04-12 09:45:33,622 [WARN] PackLoader:240 - Cannot read IP mode file for STMicroelectronics.X-CUBE-NFC6.3.1.0
2025-04-12 09:45:33,631 [WARN] PackLoader:240 - Cannot read IP mode file for STMicroelectronics.X-CUBE-DPower.1.2.0
2025-04-12 09:45:33,638 [WARN] PackLoader:240 - Cannot read IP mode file for STMicroelectronics.X-CUBE-FREERTOS.1.3.0
2025-04-12 09:45:33,644 [WARN] PackLoader:240 - Cannot read IP mode file for STMicroelectronics.X-CUBE-NFC7.1.0.1
2025-04-12 09:45:33,651 [WARN] PackLoader:240 - Cannot read IP mode file for STMicroelectronics.X-CUBE-DPower.1.3.0
2025-04-12 09:45:33,674 [WARN] ConditionMgr:438 - getConditionDescription Invalid condition id : LAN8742 Phy interface Condition cause : null
2025-04-12 09:45:33,676 [WARN] PackLoader:240 - Cannot read IP mode file for STMicroelectronics.X-CUBE-AZRTOS-L4.2.0.0
2025-04-12 09:45:33,678 [WARN] ConditionMgr:1044 - genDependencies : Invalid condition id : LAN8742 Phy interface Condition cause : null
2025-04-12 09:45:33,678 [WARN] ConditionMgr:1044 - genDependencies : Invalid condition id : LAN8742 Phy interface Condition cause : null
2025-04-12 09:45:33,679 [WARN] ConditionMgr:1044 - genDependencies : Invalid condition id : LAN8742 Phy interface Condition cause : null
2025-04-12 09:45:33,688 [WARN] PackLoader:240 - Cannot read IP mode file for STMicroelectronics.X-CUBE-SFXS2LP1.4.0.0
2025-04-12 09:45:33,722 [WARN] PackLoader:240 - Cannot read IP mode file for STMicroelectronics.X-CUBE-AZRTOS-H7.3.3.0
2025-04-12 09:45:33,743 [WARN] ConditionMgr:438 - getConditionDescription Invalid condition id : UX DEVICE CLASS RTOS Condition cause : null
2025-04-12 09:45:33,743 [WARN] ConditionMgr:438 - getConditionDescription Invalid condition id : UX DEVICE CLASS RTOS Condition cause : null
2025-04-12 09:45:33,746 [WARN] PackLoader:240 - Cannot read IP mode file for STMicroelectronics.X-CUBE-AZRTOS-WB.2.0.0
2025-04-12 09:45:33,746 [WARN] ConditionMgr:1044 - genDependencies : Invalid condition id : UX DEVICE CLASS RTOS Condition cause : null
2025-04-12 09:45:33,747 [WARN] ConditionMgr:1044 - genDependencies : Invalid condition id : UX DEVICE CLASS RTOS Condition cause : null
2025-04-12 09:45:33,747 [WARN] ConditionMgr:1044 - genDependencies : Invalid condition id : UX DEVICE CLASS RTOS Condition cause : null
2025-04-12 09:45:33,748 [WARN] ConditionMgr:1044 - genDependencies : Invalid condition id : UX DEVICE CLASS RTOS Condition cause : null
2025-04-12 09:45:33,748 [WARN] ConditionMgr:1044 - genDependencies : Invalid condition id : UX DEVICE CLASS RTOS Condition cause : null
2025-04-12 09:45:33,755 [WARN] PackLoader:240 - Cannot read IP mode file for STMicroelectronics.X-CUBE-GNSS1.7.0.1
2025-04-12 09:45:33,762 [WARN] PackLoader:240 - Cannot read IP mode file for STMicroelectronics.X-CUBE-TOUCHGFX.4.25.0
2025-04-12 09:45:33,770 [WARN] PackLoader:240 - Cannot read IP mode file for STMicroelectronics.FP-SNS-STBOX1.2.0.0
2025-04-12 09:45:33,786 [WARN] PackLoader:240 - Cannot read IP mode file for STMicroelectronics.X-CUBE-SUBG2.5.0.0
2025-04-12 09:45:33,814 [WARN] PackLoader:240 - Cannot read IP mode file for STMicroelectronics.X-CUBE-AZRTOS-H7RS.1.1.0
2025-04-12 09:45:33,823 [WARN] PackLoader:240 - Cannot read IP mode file for Cesanta.I-CUBE-Mongoose.7.13.0
2025-04-12 09:45:33,841 [WARN] PackLoader:240 - Cannot read IP mode file for STMicroelectronics.X-CUBE-AZRTOS-G4.2.0.0
2025-04-12 09:45:33,848 [WARN] PackLoader:240 - Cannot read IP mode file for wolfSSL.I-CUBE-wolfSSH.1.4.20
2025-04-12 09:45:33,865 [WARN] PackLoader:240 - Cannot read IP mode file for STMicroelectronics.X-CUBE-IPS.3.1.0
2025-04-12 09:45:33,879 [WARN] PackLoader:240 - Cannot read IP mode file for STMicroelectronics.X-CUBE-ALS.1.0.2
2025-04-12 09:45:33,883 [WARN] PackLoader:240 - Cannot read IP mode file for STMicroelectronics.X-CUBE-TOUCHGFX.4.24.2
2025-04-12 09:45:33,892 [WARN] PackLoader:240 - Cannot read IP mode file for portGmbH.I-Cube-SoM-uGOAL.1.1.0
2025-04-12 09:45:33,915 [WARN] PackLoader:240 - Cannot read IP mode file for STMicroelectronics.X-CUBE-AZRTOS-H7RS.1.0.0
2025-04-12 09:45:33,932 [WARN] PackLoader:240 - Cannot read IP mode file for STMicroelectronics.X-CUBE-TOF1.3.4.2
2025-04-12 09:45:33,946 [INFO] ThirdParty:978 - Integrity check success = true
2025-04-12 09:45:33,946 [INFO] IntegrityCheckThread:100 - exiting critical section [integrity check]
2025-04-12 09:45:33,946 [INFO] IntegrityCheckThread:103 - End integrity checks thread
2025-04-12 09:45:46,475 [INFO] McuFinderGlobals:63 - Set McuFinder mode to 2 (CubeIDE integrated)
2025-04-12 09:45:46,479 [INFO] MainUpdater:2872 - connection check result : 10
2025-04-12 09:45:46,923 [INFO] ApiDb:581 - Connected to CubeFinder SQLite database (C:\Users\Flori\.stmcufinder\plugins\mcufinder\mcu\cube-finder-db.db)
2025-04-12 09:45:47,016 [INFO] ApiDb:668 - CubeFinder database Data Model version=2.1
2025-04-12 09:45:47,016 [INFO] ApiDb:669 - CubeFinder database Configuration version=3.0.39
2025-04-12 09:45:47,016 [INFO] ApiDb:670 - CubeFinder database generation date=2025-03-24 (1742811287)
2025-04-12 09:45:47,016 [INFO] ApiDb:671 - CubeFinder database FW Pack versions=[FP-ATR-ASTRA1_V2.0.0, FP-SNS-FLIGHT1_V5.0.2, FP-SNS-MOTENV1_V5.0.0, FP-SNS-MOTENVWB1_V1.4.0, FP-SNS-SMARTAG2_V1.2.0, FP-SNS-STBOX1_V2.0.0, STM32Cube_FW_C0_V1.4.0, STM32Cube_FW_F4_V1.28.1, STM32Cube_FW_F7_V1.17.2, STM32Cube_FW_G0_V1.6.2, STM32Cube_FW_G4_V1.6.1, STM32Cube_FW_H5_V1.5.0, STM32Cube_FW_H7RS_V1.2.0, STM32Cube_FW_H7_V1.12.1, STM32Cube_FW_L0_V1.12.2, STM32Cube_FW_L4_V1.18.1, STM32Cube_FW_L5_V1.5.1, STM32Cube_FW_N6_V1.1.0, STM32Cube_FW_U0_V1.2.0, STM32Cube_FW_U3_V1.1.0, STM32Cube_FW_U5_V1.7.0, STM32Cube_FW_WB0_V1.2.0, STM32Cube_FW_WBA_V1.6.0, STM32Cube_FW_WB_V1.22.0, STM32Cube_FW_WL3_V1.1.0, STM32Cube_FW_WL_V1.3.1, X-CUBE-ALGOBUILD_V1.4.0, X-CUBE-ALS_V1.0.2, X-CUBE-AZRTOS-F4_V1.1.0, X-CUBE-AZRTOS-F7_V1.1.0, X-CUBE-AZRTOS-G0_V1.1.0, X-CUBE-AZRTOS-G4_V2.0.0, X-CUBE-AZRTOS-H7RS_V1.0.0, X-CUBE-AZRTOS-H7_V3.3.0, X-CUBE-AZRTOS-L4_V2.0.0, X-CUBE-AZRTOS-L5_V2.0.0, X-CUBE-AZRTOS-WB_V2.0.0, X-CUBE-AZRTOS-WL_V2.0.0, X-CUBE-BLE1_V7.1.0, X-CUBE-BLE2_V3.3.0, X-CUBE-BLEMGR_V4.0.0, X-CUBE-EEPRMA1_V5.1.0, X-CUBE-FREERTOS_V1.3.0, X-CUBE-GNSS1_V6.0.0, X-CUBE-MEMS1_V11.1.0, X-CUBE-NFC4_V3.0.0, X-CUBE-NFC7_V1.0.1, X-CUBE-SFXS2LP1_V4.0.0, X-CUBE-SUBG2_V5.0.0, X-CUBE-TOF1_V3.4.2]
2025-04-12 09:45:47,102 [INFO] DbBoardsSqlite:226 - include board P-NUCLEO-WB55-NUCLEO as a kit item of type 'Nucleo-64'
2025-04-12 09:45:47,102 [INFO] DbBoardsSqlite:226 - include board P-NUCLEO-WB55-USBDONGLE as a kit item of type 'Nucleo USB Dongle'
2025-04-12 09:45:47,103 [INFO] DbBoardsSqlite:226 - include board STEVAL-IDP005V1 as a kit item of type 'Evaluation Board'
2025-04-12 09:45:47,103 [INFO] DbBoardsSqlite:226 - include board STEVAL-IDP005V2 as a kit item of type 'Evaluation Board'
2025-04-12 09:45:47,190 [INFO] ApiDb:240 - Found 858 in-development CPN: [B-G473E-ZEST1S, B-WB1M-WPAN1, B-WBA5M-WPAN, B-WL5M-SUBG1, NUCLEO-C031C6, NUCLEO-C051C8, NUCLEO-C071RB, NUCLEO-C092RC, NUCLEO-H503RB, NUCLEO-H533RE, NUCLEO-H563ZI, NUCLEO-H7S3L8, NUCLEO-N657X0-Q, NUCLEO-U031R8, NUCLEO-U083RC, NUCLEO-U385RG-Q, NUCLEO-U545RE-Q, NUCLEO-U5A5ZJ-Q, NUCLEO-WB05KZ, NUCLEO-WB07CC, NUCLEO-WB09KE, NUCLEO-WBA52CG, NUCLEO-WBA55CG, NUCLEO-WL33CC1, NUCLEO-WL33CC2, STEVAL-PROTEUS1, STEVAL-SMARTAG2, STEVAL-STWINBX1, STM320518-EVAL, STM32C0116-DK, STM32C011D6Y3TR, STM32C011D6Y6TR, STM32C011F4P3, STM32C011F4P6, STM32C011F4U3, STM32C011F4U6TR, STM32C011F6P3, STM32C011F6P6, STM32C011F6U3, STM32C011F6U6TR, STM32C011J4M3, STM32C011J4M6, STM32C011J6M3, STM32C011J6M6, STM32C0316-DK, STM32C031C4T3, STM32C031C4T6, STM32C031C4U3, STM32C031C4U6, STM32C031C6T3, STM32C031C6T6, STM32C031C6U3, STM32C031C6U6, STM32C031F4P3, STM32C031F4P6, STM32C031F6P3, STM32C031F6P6, STM32C031G4U3, STM32C031G4U6, STM32C031G6U3, STM32C031G6U6, STM32C031K4T3, STM32C031K4T6, STM32C031K4U3, STM32C031K4U6, STM32C031K6T3, STM32C031K6T6, STM32C031K6U3, STM32C031K6U6, STM32C051C6T6, STM32C051C6U6, STM32C051C8T6, STM32C051C8U6, STM32C051D8Y6TR, STM32C051F6P6, STM32C051F8P6, STM32C051G6U6, STM32C051G8U6, STM32C051K6T6, STM32C051K6U6, STM32C051K8T6, STM32C071C8T6, STM32C071C8T6N, STM32C071C8U6, STM32C071C8U6N, STM32C071CBT6, STM32C071CBT6N, STM32C071CBU6, STM32C071CBU6N, STM32C071F8P6, STM32C071F8P6N, STM32C071FBP6, STM32C071FBP6N, STM32C071FBY6TR, STM32C071G8U6, STM32C071G8U6N, STM32C071GBU6, STM32C071GBU6N, STM32C071K8T6, STM32C071K8T6N, STM32C071K8U6, STM32C071K8U6N, STM32C071KBT6, STM32C071KBT6N, STM32C071KBU6, STM32C071KBU6N, STM32C071R8T6, STM32C071R8T6N, STM32C071RBI6N, STM32C071RBT6, STM32C071RBT6N, STM32C091CBT6, STM32C091CBU6, STM32C091CCT6, STM32C091CCU6, STM32C091ECY6TR, STM32C091FBP6, STM32C091FCP6, STM32C091GBU6, STM32C091GCU6, STM32C091KBT6, STM32C091KBU6, STM32C091KCT6, STM32C091KCU6, STM32C091RBT6, STM32C091RCI6, STM32C091RCT6, STM32C092CBT6, STM32C092CBU6, STM32C092CCT6, STM32C092CCU6, STM32C092ECY6TR, STM32C092FBP6, STM32C092FCP6, STM32C092GBU6, STM32C092GCU6, STM32C092KBT6, STM32C092KBU6, STM32C092KCT6, STM32C092KCU6, STM32C092RBT6, STM32C092RCI6, STM32C092RCT6, STM32G071K8TXN, STM32G071K8UXN, STM32G081GBU6N, STM32G081KBT6N, STM32G081KBUXN, STM32G0B1CCT6N, STM32G0B1KCT6, STM32G0B1NEY6TR, STM32G0B1RCT6N, STM32G0C1CCT6, STM32G0C1CCT6N, STM32G0C1CCU6N, STM32G0C1CET6N, STM32G0C1CEU6N, STM32G0C1KCT6, STM32G0C1NEY6TR, STM32G0C1RCI6N, STM32G0C1RCT6N, STM32G0C1REI6N, STM32G0C1RET6N, STM32G0C1VCI6, STM32G0C1VEI6, STM32G411C6T3, STM32G411C6T6, STM32G411C6U3, STM32G411C6U6, STM32G411C8T3, STM32G411C8T6, STM32G411C8U3, STM32G411C8U6, STM32G411CBT3, STM32G411CBT6, STM32G411CBU3, STM32G411CBU6, STM32G411CCT3, STM32G411CCT6, STM32G411CCU3, STM32G411CCU6, STM32G411K6T3, STM32G411K6T6, STM32G411K6U3, STM32G411K6U6, STM32G411K8T3, STM32G411K8T6, STM32G411K8U3, STM32G411K8U6, STM32G411KBT3, STM32G411KBT6, STM32G411KBU3, STM32G411KBU6, STM32G411M6T3, STM32G411M6T6, STM32G411M8T3, STM32G411M8T6, STM32G411MBT3, STM32G411MBT6, STM32G411MCT3, STM32G411MCT6, STM32G411R6T3, STM32G411R6T6, STM32G411R8T3, STM32G411R8T6, STM32G411RBT3, STM32G411RBT6, STM32G411RCT3, STM32G411RCT6, STM32G414CBT3, STM32G414CBT6, STM32G414CBU3, STM32G414CBU6, STM32G414CCT3, STM32G414CCT6, STM32G414CCU3, STM32G414CCU6, STM32G414MBT3, STM32G414MBT6, STM32G414MCT3, STM32G414MCT6, STM32G414RBT3, STM32G414RBT6, STM32G414RCT3, STM32G414RCT6, STM32G414VBT3, STM32G414VBT6, STM32G414VCT3, STM32G414VCT6, STM32G431CBT3Z, STM32G431RBT3Z, STM32G471CCT6, STM32G471CCU6, STM32G471CET3, STM32G471CET6, STM32G471CEU3, STM32G471CEU6, STM32G471MCT6, STM32G471MET3, STM32G471MET6, STM32G471MEY6TR, STM32G471QCT6, STM32G471QET3, STM32G471RCT6, STM32G471RET3, STM32G471RET6, STM32G471VCH6, STM32G471VCI6, STM32G471VCT6, STM32G471VEH3, STM32G471VEH6, STM32G471VEI3, STM32G471VEI6, STM32G471VET3, STM32G471VET6, STM32G473QET3Z, STM32G473RET3Z, STM32G474CCT6, STM32G491RET3Z, STM32H503CBT6, STM32H503CBU6, STM32H503EBY6TR, STM32H503KBU6, STM32H503RBT6, STM32H523CCT6, STM32H523CCU6, STM32H523CET6, STM32H523CEU6, STM32H523HEY6TR, STM32H523RCT6, STM32H523RET6, STM32H523VCI6, STM32H523VCT6, STM32H523VEI6, STM32H523VET6, STM32H523ZCJ6, STM32H523ZCT6, STM32H523ZEJ6, STM32H523ZET6, STM32H533CET6, STM32H533CEU6, STM32H533HEY6TR, STM32H533RET6, STM32H533VEI6, STM32H533VET6, STM32H533ZEJ6, STM32H533ZET6, STM32H562AGI6, STM32H562AII6, STM32H562IGK6, STM32H562IGT6, STM32H562IIK6, STM32H562IIT6, STM32H562RGT6, STM32H562RGV6, STM32H562RIT6, STM32H562RIV6, STM32H562VGT6, STM32H562VIT6, STM32H562ZGT6, STM32H562ZIT6, STM32H563AGI6, STM32H563AII3Q, STM32H563AII6, STM32H563IGK6, STM32H563IGT6, STM32H563IIK3Q, STM32H563IIK6, STM32H563IIT3Q, STM32H563IIT6, STM32H563MIY3QTR, STM32H563RGT6, STM32H563RGV6, STM32H563RIT6, STM32H563RIV6, STM32H563VGT6, STM32H563VIT3Q, STM32H563VIT6, STM32H563ZGT6, STM32H563ZIT3Q, STM32H563ZIT6, STM32H573AII3Q, STM32H573AII6, STM32H573I-DK, STM32H573IIK3Q, STM32H573IIK6, STM32H573IIT3Q, STM32H573IIT6, STM32H573MIY3QTR, STM32H573RIT6, STM32H573RIV6, STM32H573VIT3Q, STM32H573VIT6, STM32H573ZIT3Q, STM32H573ZIT6, STM32H7R3A8I6, STM32H7R3I8K6, STM32H7R3I8T6, STM32H7R3L8H6, STM32H7R3L8H6H, STM32H7R3R8V6, STM32H7R3V8H6, STM32H7R3V8T6, STM32H7R3V8Y6TR, STM32H7R3Z8J6, STM32H7R3Z8T6, STM32H7R7A8I6, STM32H7R7I8K6, STM32H7R7I8T6, STM32H7R7L8H6, STM32H7R7L8H6H, STM32H7R7Z8J6, STM32H7S3A8I6, STM32H7S3I8K6, STM32H7S3I8T6, STM32H7S3L8H6, STM32H7S3L8H6H, STM32H7S3R8V6, STM32H7S3V8H6, STM32H7S3V8T6, STM32H7S3V8Y6TR, STM32H7S3Z8J6, STM32H7S3Z8T6, STM32H7S78-DK, STM32H7S7A8I6, STM32H7S7I8K6, STM32H7S7I8T6, STM32H7S7L8H6, STM32H7S7L8H6H, STM32H7S7Z8J6, STM32L4R5QGI6STR, STM32MP131AAE3, STM32MP131AAF3, STM32MP131AAG3, STM32MP131CAE3, STM32MP131CAF3, STM32MP131CAG3, STM32MP131DAE7, STM32MP131DAF7, STM32MP131DAG7, STM32MP131FAE7, STM32MP131FAF7, STM32MP131FAG7, STM32MP133AAE3, STM32MP133AAF3, STM32MP133AAG3, STM32MP133CAE3, STM32MP133CAF3, STM32MP133CAG3, STM32MP133DAE7, STM32MP133DAF7, STM32MP133DAG7, STM32MP133FAE7, STM32MP133FAF7, STM32MP133FAG7, STM32MP135AAE3, STM32MP135AAF3, STM32MP135AAG3, STM32MP135CAE3, STM32MP135CAF3, STM32MP135CAG3, STM32MP135DAE7, STM32MP135DAF7, STM32MP135DAG7, STM32MP135F-DK, STM32MP135FAE7, STM32MP135FAF7, STM32MP135FAF7T, STM32MP135FAF7U, STM32MP135FAG7, STM32MP231AAJ3, STM32MP231AAK3, STM32MP231AAL3, STM32MP231CAJ3, STM32MP231CAK3, STM32MP231CAL3, STM32MP231DAJ3, STM32MP231DAK3, STM32MP231DAL3, STM32MP231FAJ3, STM32MP231FAK3, STM32MP231FAL3, STM32MP233AAJ3, STM32MP233AAK3, STM32MP233AAL3, STM32MP233CAJ3, STM32MP233CAK3, STM32MP233CAL3, STM32MP233DAJ3, STM32MP233DAK3, STM32MP233DAL3, STM32MP233FAJ3, STM32MP233FAK3, STM32MP233FAL3, STM32MP235AAJ3, STM32MP235AAK3, STM32MP235AAL3, STM32MP235CAJ3, STM32MP235CAK3, STM32MP235CAL3, STM32MP235DAJ3, STM32MP235DAK3, STM32MP235DAL3, STM32MP235FAJ3, STM32MP235FAK3, STM32MP235FAL3, STM32MP251AAI3, STM32MP251AAJ3, STM32MP251AAK3, STM32MP251AAL3, STM32MP251CAI3, STM32MP251CAJ3, STM32MP251CAK3, STM32MP251CAL3, STM32MP251DAI3, STM32MP251DAJ3, STM32MP251DAK3, STM32MP251DAL3, STM32MP251FAI3, STM32MP251FAJ3, STM32MP251FAK3, STM32MP251FAL3, STM32MP253AAI3, STM32MP253AAJ3, STM32MP253AAK3, STM32MP253AAL3, STM32MP253CAI3, STM32MP253CAJ3, STM32MP253CAK3, STM32MP253CAL3, STM32MP253DAI3, STM32MP253DAJ3, STM32MP253DAK3, STM32MP253DAL3, STM32MP253FAI3, STM32MP253FAJ3, STM32MP253FAK3, STM32MP253FAL3, STM32MP255AAI3, STM32MP255AAJ3, STM32MP255AAK3, STM32MP255AAL3, STM32MP255CAI3, STM32MP255CAJ3, STM32MP255CAK3, STM32MP255CAL3, STM32MP255DAI3, STM32MP255DAJ3, STM32MP255DAK3, STM32MP255DAL3, STM32MP255FAI3, STM32MP255FAJ3, STM32MP255FAK3, STM32MP255FAL3, STM32MP257AAI3, STM32MP257AAJ3, STM32MP257AAK3, STM32MP257AAL3, STM32MP257CAI3, STM32MP257CAJ3, STM32MP257CAK3, STM32MP257CAL3, STM32MP257DAI3, STM32MP257DAJ3, STM32MP257DAK3, STM32MP257DAL3, STM32MP257F-DK, STM32MP257F-EV1, STM32MP257FAI3, STM32MP257FAJ3, STM32MP257FAK3, STM32MP257FAL3, STM32N645A0H3Q, STM32N645B0H3Q, STM32N645I0H3Q, STM32N645L0H3Q, STM32N645X0H3Q, STM32N645Z0H3Q, STM32N647A0H3Q, STM32N647B0H3Q, STM32N647I0H3Q, STM32N647L0H3Q, STM32N647X0H3Q, STM32N647Z0H3Q, STM32N655A0H3Q, STM32N655B0H3Q, STM32N655I0H3Q, STM32N655L0H3Q, STM32N655X0H3Q, STM32N655Z0H3Q, STM32N6570-DK, STM32N657A0H3Q, STM32N657B0H3Q, STM32N657I0H3Q, STM32N657L0H3Q, STM32N657X0H3Q, STM32N657Z0H3Q, STM32U031C6T6, STM32U031C6U6, STM32U031C8T6, STM32U031C8U6, STM32U031F4P6, STM32U031F6P6, STM32U031F8P6, STM32U031G6Y6TR, STM32U031G8Y6TR, STM32U031K4U6, STM32U031K6U6, STM32U031K8U6, STM32U031R6I6, STM32U031R6T6, STM32U031R8I6, STM32U031R8T6, STM32U073C8T6, STM32U073C8U6, STM32U073CBT6, STM32U073CBU6, STM32U073CCT6, STM32U073CCU6, STM32U073H8Y6TR, STM32U073HBY6TR, STM32U073HCY6TR, STM32U073K8U6, STM32U073KBU6, STM32U073KCU6, STM32U073M8I6, STM32U073M8T6, STM32U073MBI6, STM32U073MBT6, STM32U073MCI6, STM32U073MCT6, STM32U073R8I6, STM32U073R8T6, STM32U073RBI6, STM32U073RBT6, STM32U073RCI6, STM32U073RCT6, STM32U083C-DK, STM32U083CCT6, STM32U083CCU6, STM32U083HCY6TR, STM32U083KCU6, STM32U083MCI6, STM32U083MCT6, STM32U083RCI6, STM32U083RCT6, STM32U375CET6, STM32U375CET6Q, STM32U375CEU6, STM32U375CEU6Q, STM32U375CEY6QTR, STM32U375CGT6, STM32U375CGT6Q, STM32U375CGU6, STM32U375CGU6Q, STM32U375CGY6QTR, STM32U375KEU6, STM32U375KGU6, STM32U375REI6, STM32U375REI6Q, STM32U375RET6, STM32U375RET6Q, STM32U375REY6GTR, STM32U375REY6QTR, STM32U375RGI6, STM32U375RGI6Q, STM32U375RGT6, STM32U375RGT6Q, STM32U375RGY6GTR, STM32U375RGY6QTR, STM32U375VEI6, STM32U375VEI6Q, STM32U375VET6, STM32U375VET6Q, STM32U375VGI6, STM32U375VGI6Q, STM32U375VGT6, STM32U375VGT6Q, STM32U385CGT6, STM32U385CGT6Q, STM32U385CGU6, STM32U385CGU6Q, STM32U385CGY6QTR, STM32U385KGU6, STM32U385RGI6, STM32U385RGI6Q, STM32U385RGT6, STM32U385RGT6Q, STM32U385RGY6GTR, STM32U385RGY6QTR, STM32U385VGI6, STM32U385VGI6Q, STM32U385VGT6, STM32U385VGT6Q, STM32U535CBT6, STM32U535CBT6Q, STM32U535CBU6, STM32U535CBU6Q, STM32U535CCT6, STM32U535CCT6Q, STM32U535CCU6, STM32U535CCU6Q, STM32U535CET6, STM32U535CET6Q, STM32U535CEU6, STM32U535CEU6Q, STM32U535JEY6QTR, STM32U535NCY6QTR, STM32U535NEY6QTR, STM32U535RBI6, STM32U535RBI6Q, STM32U535RBT6, STM32U535RBT6Q, STM32U535RCI6, STM32U535RCI6Q, STM32U535RCT6, STM32U535RCT6Q, STM32U535REI6, STM32U535REI6Q, STM32U535RET6, STM32U535RET6Q, STM32U535VCI6, STM32U535VCI6Q, STM32U535VCT6, STM32U535VCT6Q, STM32U535VEI6, STM32U535VEI6Q, STM32U535VET6, STM32U535VET6Q, STM32U545CET6, STM32U545CET6Q, STM32U545CEU6, STM32U545CEU6Q, STM32U545JEY6QTR, STM32U545NEY6QTR, STM32U545REI6, STM32U545REI6Q, STM32U545RET6, STM32U545RET6Q, STM32U545VEI6, STM32U545VEI6Q, STM32U545VET6, STM32U545VET6Q, STM32U595AIH6, STM32U595AIH6Q, STM32U595AJH6, STM32U595AJH6Q, STM32U595QII6, STM32U595QII6Q, STM32U595QJI6, STM32U595QJI6Q, STM32U595RIT6, STM32U595RIT6Q, STM32U595RJT6, STM32U595RJT6Q, STM32U595VIT6, STM32U595VIT6Q, STM32U595VJT6, STM32U595VJT6Q, STM32U595ZIT6, STM32U595ZIT6Q, STM32U595ZIY6QTR, STM32U595ZJT6, STM32U595ZJT6Q, STM32U595ZJY6QTR, STM32U599BJY6QTR, STM32U599NIH6Q, STM32U599NJH6Q, STM32U599VIT6Q, STM32U599VJT6, STM32U599VJT6Q, STM32U599ZIT6Q, STM32U599ZIY6QTR, STM32U599ZJT6Q, STM32U599ZJY6QTR, STM32U5A5AJH6, STM32U5A5AJH6Q, STM32U5A5QII3Q , STM32U5A5QJI6, STM32U5A5QJI6Q, STM32U5A5RJT6, STM32U5A5RJT6Q, STM32U5A5VJT6, STM32U5A5VJT6Q, STM32U5A5ZJT6, STM32U5A5ZJT6Q, STM32U5A5ZJY6QTR, STM32U5A9BJY6QTR, STM32U5A9J-DK, STM32U5A9NJH6Q, STM32U5A9VJT6Q, STM32U5A9ZJT6Q, STM32U5A9ZJY6QTR, STM32U5F7VIT6, STM32U5F7VIT6Q, STM32U5F7VJT6, STM32U5F7VJT6Q, STM32U5F9BJY6QTR, STM32U5F9NJH6Q, STM32U5F9VIT6Q, STM32U5F9VJT6Q, STM32U5F9ZIJ6QTR, STM32U5F9ZIT6Q, STM32U5F9ZJJ6QTR, STM32U5F9ZJT6Q, STM32U5G7VJT6, STM32U5G7VJT6Q, STM32U5G9BJY6QTR, STM32U5G9J-DK1, STM32U5G9J-DK2, STM32U5G9NJH6Q, STM32U5G9VJT6Q, STM32U5G9ZJJ6QTR, STM32U5G9ZJT6Q, STM32WB05KZV6TR, STM32WB05KZV7TR, STM32WB05TZF6TR, STM32WB05TZF7TR, STM32WB06CCF6TR, STM32WB06CCF7TR, STM32WB06CCV6TR, STM32WB06CCV7TR, STM32WB06KCV6TR, STM32WB06KCV7TR, STM32WB07CCF6TR, STM32WB07CCF7TR, STM32WB07CCV6TR, STM32WB07CCV7TR, STM32WB07KCV6TR, STM32WB07KCV7TR, STM32WB09KEV6TR, STM32WB09KEV7TR, STM32WB09TEF6TR, STM32WB09TEF7TR, STM32WB1MMCH6, STM32WBA50KGU6, STM32WBA50KGU6TR, STM32WBA52CEU6, STM32WBA52CEU6TR, STM32WBA52CEU7, STM32WBA52CEU7TR, STM32WBA52CGU6, STM32WBA52CGU6TR, STM32WBA52CGU6U, STM32WBA52CGU7, STM32WBA52CGU7TR, STM32WBA52KEU6, STM32WBA52KEU6TR, STM32WBA52KGU6, STM32WBA52KGU6TR, STM32WBA54CEU6, STM32WBA54CEU6TR, STM32WBA54CEU7, STM32WBA54CEU7TR, STM32WBA54CGU6, STM32WBA54CGU6TR, STM32WBA54CGU7, STM32WBA54CGU7TR, STM32WBA54KEU6, STM32WBA54KEU6TR, STM32WBA54KEU7, STM32WBA54KEU7TR, STM32WBA54KGU6, STM32WBA54KGU6TR, STM32WBA54KGU7, STM32WBA54KGU7TR, STM32WBA55CEU6, STM32WBA55CEU6TR, STM32WBA55CEU7, STM32WBA55CEU7TR, STM32WBA55CGU6, STM32WBA55CGU6TR, STM32WBA55CGU6U, STM32WBA55CGU7, STM32WBA55CGU7TR, STM32WBA55G-DK1, STM32WBA55HEF6, STM32WBA55HEF7, STM32WBA55HGF6, STM32WBA55HGF7, STM32WBA55UEI6, STM32WBA55UEI6TR, STM32WBA55UEI7, STM32WBA55UEI7TR, STM32WBA55UGI6, STM32WBA55UGI6TR, STM32WBA55UGI7, STM32WBA55UGI7TR, STM32WBA5MJGH6TR, STM32WBA5MJGH6U, STM32WL33C8V6, STM32WL33C8V6TR, STM32WL33C8V7, STM32WL33C8V7TR, STM32WL33CBV6, STM32WL33CBV6TR, STM32WL33CBV7, STM32WL33CBV7TR, STM32WL33CCV6, STM32WL33CCV6TR, STM32WL33CCV7, STM32WL33CCV7A, STM32WL33CCV7ATR, STM32WL33CCV7TR, STM32WL33K8V6, STM32WL33K8V6TR, STM32WL33K8V7, STM32WL33K8V7TR, STM32WL33KBV6, STM32WL33KBV6TR, STM32WL33KBV7, STM32WL33KBV7TR, STM32WL33KCV6, STM32WL33KCV6TR, STM32WL33KCV7, STM32WL33KCV7TR, STM32WL5MOCH6, STM32WL5MOCH6TR]
2025-04-12 09:45:47,480 [INFO] BoardInfo:889 - No configuration file found for board NUCLEO-WBA65RI
2025-04-12 09:45:47,482 [INFO] DbBoards:161 - Board is not supported: NUCLEO-WBA65RI
2025-04-12 09:45:47,500 [INFO] BoardInfo:889 - No configuration file found for board P-NUCLEO-WB55
2025-04-12 09:45:47,503 [INFO] DbBoards:161 - Kit is not supported: P-NUCLEO-WB55
2025-04-12 09:45:47,521 [INFO] BoardInfo:889 - No configuration file found for board STEVAL-BFA001V1B
2025-04-12 09:45:47,523 [INFO] DbBoards:161 - Kit is not supported: STEVAL-BFA001V1B
2025-04-12 09:45:47,524 [INFO] BoardInfo:889 - No configuration file found for board STEVAL-BFA001V2B
2025-04-12 09:45:47,526 [INFO] DbBoards:161 - Kit is not supported: STEVAL-BFA001V2B
2025-04-12 09:45:47,819 [INFO] BoardInfo:889 - No configuration file found for board STM32WBA65I-DK1
2025-04-12 09:45:47,821 [INFO] DbBoards:161 - Board is not supported: STM32WBA65I-DK1
2025-04-12 09:45:47,822 [INFO] DbBoards:168 - Found 211 boards, 206 are supported
2025-04-12 09:45:47,822 [INFO] DbBoards:169 - Found 211 boards, 42 of them is supported for  Bsp
2025-04-12 09:45:47,826 [INFO] ApiDb:668 - CubeFinder database Data Model version=2.1
2025-04-12 09:45:47,826 [INFO] ApiDb:669 - CubeFinder database Configuration version=3.0.39
2025-04-12 09:45:47,826 [INFO] ApiDb:670 - CubeFinder database generation date=2025-03-24 (1742811287)
2025-04-12 09:45:47,826 [INFO] ApiDb:671 - CubeFinder database FW Pack versions=[FP-ATR-ASTRA1_V2.0.0, FP-SNS-FLIGHT1_V5.0.2, FP-SNS-MOTENV1_V5.0.0, FP-SNS-MOTENVWB1_V1.4.0, FP-SNS-SMARTAG2_V1.2.0, FP-SNS-STBOX1_V2.0.0, STM32Cube_FW_C0_V1.4.0, STM32Cube_FW_F4_V1.28.1, STM32Cube_FW_F7_V1.17.2, STM32Cube_FW_G0_V1.6.2, STM32Cube_FW_G4_V1.6.1, STM32Cube_FW_H5_V1.5.0, STM32Cube_FW_H7RS_V1.2.0, STM32Cube_FW_H7_V1.12.1, STM32Cube_FW_L0_V1.12.2, STM32Cube_FW_L4_V1.18.1, STM32Cube_FW_L5_V1.5.1, STM32Cube_FW_N6_V1.1.0, STM32Cube_FW_U0_V1.2.0, STM32Cube_FW_U3_V1.1.0, STM32Cube_FW_U5_V1.7.0, STM32Cube_FW_WB0_V1.2.0, STM32Cube_FW_WBA_V1.6.0, STM32Cube_FW_WB_V1.22.0, STM32Cube_FW_WL3_V1.1.0, STM32Cube_FW_WL_V1.3.1, X-CUBE-ALGOBUILD_V1.4.0, X-CUBE-ALS_V1.0.2, X-CUBE-AZRTOS-F4_V1.1.0, X-CUBE-AZRTOS-F7_V1.1.0, X-CUBE-AZRTOS-G0_V1.1.0, X-CUBE-AZRTOS-G4_V2.0.0, X-CUBE-AZRTOS-H7RS_V1.0.0, X-CUBE-AZRTOS-H7_V3.3.0, X-CUBE-AZRTOS-L4_V2.0.0, X-CUBE-AZRTOS-L5_V2.0.0, X-CUBE-AZRTOS-WB_V2.0.0, X-CUBE-AZRTOS-WL_V2.0.0, X-CUBE-BLE1_V7.1.0, X-CUBE-BLE2_V3.3.0, X-CUBE-BLEMGR_V4.0.0, X-CUBE-EEPRMA1_V5.1.0, X-CUBE-FREERTOS_V1.3.0, X-CUBE-GNSS1_V6.0.0, X-CUBE-MEMS1_V11.1.0, X-CUBE-NFC4_V3.0.0, X-CUBE-NFC7_V1.0.1, X-CUBE-SFXS2LP1_V4.0.0, X-CUBE-SUBG2_V5.0.0, X-CUBE-TOF1_V3.4.2]
2025-04-12 09:45:50,012 [INFO] ApiDb:240 - Found 858 in-development CPN: [B-G473E-ZEST1S, B-WB1M-WPAN1, B-WBA5M-WPAN, B-WL5M-SUBG1, NUCLEO-C031C6, NUCLEO-C051C8, NUCLEO-C071RB, NUCLEO-C092RC, NUCLEO-H503RB, NUCLEO-H533RE, NUCLEO-H563ZI, NUCLEO-H7S3L8, NUCLEO-N657X0-Q, NUCLEO-U031R8, NUCLEO-U083RC, NUCLEO-U385RG-Q, NUCLEO-U545RE-Q, NUCLEO-U5A5ZJ-Q, NUCLEO-WB05KZ, NUCLEO-WB07CC, NUCLEO-WB09KE, NUCLEO-WBA52CG, NUCLEO-WBA55CG, NUCLEO-WL33CC1, NUCLEO-WL33CC2, STEVAL-PROTEUS1, STEVAL-SMARTAG2, STEVAL-STWINBX1, STM320518-EVAL, STM32C0116-DK, STM32C011D6Y3TR, STM32C011D6Y6TR, STM32C011F4P3, STM32C011F4P6, STM32C011F4U3, STM32C011F4U6TR, STM32C011F6P3, STM32C011F6P6, STM32C011F6U3, STM32C011F6U6TR, STM32C011J4M3, STM32C011J4M6, STM32C011J6M3, STM32C011J6M6, STM32C0316-DK, STM32C031C4T3, STM32C031C4T6, STM32C031C4U3, STM32C031C4U6, STM32C031C6T3, STM32C031C6T6, STM32C031C6U3, STM32C031C6U6, STM32C031F4P3, STM32C031F4P6, STM32C031F6P3, STM32C031F6P6, STM32C031G4U3, STM32C031G4U6, STM32C031G6U3, STM32C031G6U6, STM32C031K4T3, STM32C031K4T6, STM32C031K4U3, STM32C031K4U6, STM32C031K6T3, STM32C031K6T6, STM32C031K6U3, STM32C031K6U6, STM32C051C6T6, STM32C051C6U6, STM32C051C8T6, STM32C051C8U6, STM32C051D8Y6TR, STM32C051F6P6, STM32C051F8P6, STM32C051G6U6, STM32C051G8U6, STM32C051K6T6, STM32C051K6U6, STM32C051K8T6, STM32C071C8T6, STM32C071C8T6N, STM32C071C8U6, STM32C071C8U6N, STM32C071CBT6, STM32C071CBT6N, STM32C071CBU6, STM32C071CBU6N, STM32C071F8P6, STM32C071F8P6N, STM32C071FBP6, STM32C071FBP6N, STM32C071FBY6TR, STM32C071G8U6, STM32C071G8U6N, STM32C071GBU6, STM32C071GBU6N, STM32C071K8T6, STM32C071K8T6N, STM32C071K8U6, STM32C071K8U6N, STM32C071KBT6, STM32C071KBT6N, STM32C071KBU6, STM32C071KBU6N, STM32C071R8T6, STM32C071R8T6N, STM32C071RBI6N, STM32C071RBT6, STM32C071RBT6N, STM32C091CBT6, STM32C091CBU6, STM32C091CCT6, STM32C091CCU6, STM32C091ECY6TR, STM32C091FBP6, STM32C091FCP6, STM32C091GBU6, STM32C091GCU6, STM32C091KBT6, STM32C091KBU6, STM32C091KCT6, STM32C091KCU6, STM32C091RBT6, STM32C091RCI6, STM32C091RCT6, STM32C092CBT6, STM32C092CBU6, STM32C092CCT6, STM32C092CCU6, STM32C092ECY6TR, STM32C092FBP6, STM32C092FCP6, STM32C092GBU6, STM32C092GCU6, STM32C092KBT6, STM32C092KBU6, STM32C092KCT6, STM32C092KCU6, STM32C092RBT6, STM32C092RCI6, STM32C092RCT6, STM32G071K8TXN, STM32G071K8UXN, STM32G081GBU6N, STM32G081KBT6N, STM32G081KBUXN, STM32G0B1CCT6N, STM32G0B1KCT6, STM32G0B1NEY6TR, STM32G0B1RCT6N, STM32G0C1CCT6, STM32G0C1CCT6N, STM32G0C1CCU6N, STM32G0C1CET6N, STM32G0C1CEU6N, STM32G0C1KCT6, STM32G0C1NEY6TR, STM32G0C1RCI6N, STM32G0C1RCT6N, STM32G0C1REI6N, STM32G0C1RET6N, STM32G0C1VCI6, STM32G0C1VEI6, STM32G411C6T3, STM32G411C6T6, STM32G411C6U3, STM32G411C6U6, STM32G411C8T3, STM32G411C8T6, STM32G411C8U3, STM32G411C8U6, STM32G411CBT3, STM32G411CBT6, STM32G411CBU3, STM32G411CBU6, STM32G411CCT3, STM32G411CCT6, STM32G411CCU3, STM32G411CCU6, STM32G411K6T3, STM32G411K6T6, STM32G411K6U3, STM32G411K6U6, STM32G411K8T3, STM32G411K8T6, STM32G411K8U3, STM32G411K8U6, STM32G411KBT3, STM32G411KBT6, STM32G411KBU3, STM32G411KBU6, STM32G411M6T3, STM32G411M6T6, STM32G411M8T3, STM32G411M8T6, STM32G411MBT3, STM32G411MBT6, STM32G411MCT3, STM32G411MCT6, STM32G411R6T3, STM32G411R6T6, STM32G411R8T3, STM32G411R8T6, STM32G411RBT3, STM32G411RBT6, STM32G411RCT3, STM32G411RCT6, STM32G414CBT3, STM32G414CBT6, STM32G414CBU3, STM32G414CBU6, STM32G414CCT3, STM32G414CCT6, STM32G414CCU3, STM32G414CCU6, STM32G414MBT3, STM32G414MBT6, STM32G414MCT3, STM32G414MCT6, STM32G414RBT3, STM32G414RBT6, STM32G414RCT3, STM32G414RCT6, STM32G414VBT3, STM32G414VBT6, STM32G414VCT3, STM32G414VCT6, STM32G431CBT3Z, STM32G431RBT3Z, STM32G471CCT6, STM32G471CCU6, STM32G471CET3, STM32G471CET6, STM32G471CEU3, STM32G471CEU6, STM32G471MCT6, STM32G471MET3, STM32G471MET6, STM32G471MEY6TR, STM32G471QCT6, STM32G471QET3, STM32G471RCT6, STM32G471RET3, STM32G471RET6, STM32G471VCH6, STM32G471VCI6, STM32G471VCT6, STM32G471VEH3, STM32G471VEH6, STM32G471VEI3, STM32G471VEI6, STM32G471VET3, STM32G471VET6, STM32G473QET3Z, STM32G473RET3Z, STM32G474CCT6, STM32G491RET3Z, STM32H503CBT6, STM32H503CBU6, STM32H503EBY6TR, STM32H503KBU6, STM32H503RBT6, STM32H523CCT6, STM32H523CCU6, STM32H523CET6, STM32H523CEU6, STM32H523HEY6TR, STM32H523RCT6, STM32H523RET6, STM32H523VCI6, STM32H523VCT6, STM32H523VEI6, STM32H523VET6, STM32H523ZCJ6, STM32H523ZCT6, STM32H523ZEJ6, STM32H523ZET6, STM32H533CET6, STM32H533CEU6, STM32H533HEY6TR, STM32H533RET6, STM32H533VEI6, STM32H533VET6, STM32H533ZEJ6, STM32H533ZET6, STM32H562AGI6, STM32H562AII6, STM32H562IGK6, STM32H562IGT6, STM32H562IIK6, STM32H562IIT6, STM32H562RGT6, STM32H562RGV6, STM32H562RIT6, STM32H562RIV6, STM32H562VGT6, STM32H562VIT6, STM32H562ZGT6, STM32H562ZIT6, STM32H563AGI6, STM32H563AII3Q, STM32H563AII6, STM32H563IGK6, STM32H563IGT6, STM32H563IIK3Q, STM32H563IIK6, STM32H563IIT3Q, STM32H563IIT6, STM32H563MIY3QTR, STM32H563RGT6, STM32H563RGV6, STM32H563RIT6, STM32H563RIV6, STM32H563VGT6, STM32H563VIT3Q, STM32H563VIT6, STM32H563ZGT6, STM32H563ZIT3Q, STM32H563ZIT6, STM32H573AII3Q, STM32H573AII6, STM32H573I-DK, STM32H573IIK3Q, STM32H573IIK6, STM32H573IIT3Q, STM32H573IIT6, STM32H573MIY3QTR, STM32H573RIT6, STM32H573RIV6, STM32H573VIT3Q, STM32H573VIT6, STM32H573ZIT3Q, STM32H573ZIT6, STM32H7R3A8I6, STM32H7R3I8K6, STM32H7R3I8T6, STM32H7R3L8H6, STM32H7R3L8H6H, STM32H7R3R8V6, STM32H7R3V8H6, STM32H7R3V8T6, STM32H7R3V8Y6TR, STM32H7R3Z8J6, STM32H7R3Z8T6, STM32H7R7A8I6, STM32H7R7I8K6, STM32H7R7I8T6, STM32H7R7L8H6, STM32H7R7L8H6H, STM32H7R7Z8J6, STM32H7S3A8I6, STM32H7S3I8K6, STM32H7S3I8T6, STM32H7S3L8H6, STM32H7S3L8H6H, STM32H7S3R8V6, STM32H7S3V8H6, STM32H7S3V8T6, STM32H7S3V8Y6TR, STM32H7S3Z8J6, STM32H7S3Z8T6, STM32H7S78-DK, STM32H7S7A8I6, STM32H7S7I8K6, STM32H7S7I8T6, STM32H7S7L8H6, STM32H7S7L8H6H, STM32H7S7Z8J6, STM32L4R5QGI6STR, STM32MP131AAE3, STM32MP131AAF3, STM32MP131AAG3, STM32MP131CAE3, STM32MP131CAF3, STM32MP131CAG3, STM32MP131DAE7, STM32MP131DAF7, STM32MP131DAG7, STM32MP131FAE7, STM32MP131FAF7, STM32MP131FAG7, STM32MP133AAE3, STM32MP133AAF3, STM32MP133AAG3, STM32MP133CAE3, STM32MP133CAF3, STM32MP133CAG3, STM32MP133DAE7, STM32MP133DAF7, STM32MP133DAG7, STM32MP133FAE7, STM32MP133FAF7, STM32MP133FAG7, STM32MP135AAE3, STM32MP135AAF3, STM32MP135AAG3, STM32MP135CAE3, STM32MP135CAF3, STM32MP135CAG3, STM32MP135DAE7, STM32MP135DAF7, STM32MP135DAG7, STM32MP135F-DK, STM32MP135FAE7, STM32MP135FAF7, STM32MP135FAF7T, STM32MP135FAF7U, STM32MP135FAG7, STM32MP231AAJ3, STM32MP231AAK3, STM32MP231AAL3, STM32MP231CAJ3, STM32MP231CAK3, STM32MP231CAL3, STM32MP231DAJ3, STM32MP231DAK3, STM32MP231DAL3, STM32MP231FAJ3, STM32MP231FAK3, STM32MP231FAL3, STM32MP233AAJ3, STM32MP233AAK3, STM32MP233AAL3, STM32MP233CAJ3, STM32MP233CAK3, STM32MP233CAL3, STM32MP233DAJ3, STM32MP233DAK3, STM32MP233DAL3, STM32MP233FAJ3, STM32MP233FAK3, STM32MP233FAL3, STM32MP235AAJ3, STM32MP235AAK3, STM32MP235AAL3, STM32MP235CAJ3, STM32MP235CAK3, STM32MP235CAL3, STM32MP235DAJ3, STM32MP235DAK3, STM32MP235DAL3, STM32MP235FAJ3, STM32MP235FAK3, STM32MP235FAL3, STM32MP251AAI3, STM32MP251AAJ3, STM32MP251AAK3, STM32MP251AAL3, STM32MP251CAI3, STM32MP251CAJ3, STM32MP251CAK3, STM32MP251CAL3, STM32MP251DAI3, STM32MP251DAJ3, STM32MP251DAK3, STM32MP251DAL3, STM32MP251FAI3, STM32MP251FAJ3, STM32MP251FAK3, STM32MP251FAL3, STM32MP253AAI3, STM32MP253AAJ3, STM32MP253AAK3, STM32MP253AAL3, STM32MP253CAI3, STM32MP253CAJ3, STM32MP253CAK3, STM32MP253CAL3, STM32MP253DAI3, STM32MP253DAJ3, STM32MP253DAK3, STM32MP253DAL3, STM32MP253FAI3, STM32MP253FAJ3, STM32MP253FAK3, STM32MP253FAL3, STM32MP255AAI3, STM32MP255AAJ3, STM32MP255AAK3, STM32MP255AAL3, STM32MP255CAI3, STM32MP255CAJ3, STM32MP255CAK3, STM32MP255CAL3, STM32MP255DAI3, STM32MP255DAJ3, STM32MP255DAK3, STM32MP255DAL3, STM32MP255FAI3, STM32MP255FAJ3, STM32MP255FAK3, STM32MP255FAL3, STM32MP257AAI3, STM32MP257AAJ3, STM32MP257AAK3, STM32MP257AAL3, STM32MP257CAI3, STM32MP257CAJ3, STM32MP257CAK3, STM32MP257CAL3, STM32MP257DAI3, STM32MP257DAJ3, STM32MP257DAK3, STM32MP257DAL3, STM32MP257F-DK, STM32MP257F-EV1, STM32MP257FAI3, STM32MP257FAJ3, STM32MP257FAK3, STM32MP257FAL3, STM32N645A0H3Q, STM32N645B0H3Q, STM32N645I0H3Q, STM32N645L0H3Q, STM32N645X0H3Q, STM32N645Z0H3Q, STM32N647A0H3Q, STM32N647B0H3Q, STM32N647I0H3Q, STM32N647L0H3Q, STM32N647X0H3Q, STM32N647Z0H3Q, STM32N655A0H3Q, STM32N655B0H3Q, STM32N655I0H3Q, STM32N655L0H3Q, STM32N655X0H3Q, STM32N655Z0H3Q, STM32N6570-DK, STM32N657A0H3Q, STM32N657B0H3Q, STM32N657I0H3Q, STM32N657L0H3Q, STM32N657X0H3Q, STM32N657Z0H3Q, STM32U031C6T6, STM32U031C6U6, STM32U031C8T6, STM32U031C8U6, STM32U031F4P6, STM32U031F6P6, STM32U031F8P6, STM32U031G6Y6TR, STM32U031G8Y6TR, STM32U031K4U6, STM32U031K6U6, STM32U031K8U6, STM32U031R6I6, STM32U031R6T6, STM32U031R8I6, STM32U031R8T6, STM32U073C8T6, STM32U073C8U6, STM32U073CBT6, STM32U073CBU6, STM32U073CCT6, STM32U073CCU6, STM32U073H8Y6TR, STM32U073HBY6TR, STM32U073HCY6TR, STM32U073K8U6, STM32U073KBU6, STM32U073KCU6, STM32U073M8I6, STM32U073M8T6, STM32U073MBI6, STM32U073MBT6, STM32U073MCI6, STM32U073MCT6, STM32U073R8I6, STM32U073R8T6, STM32U073RBI6, STM32U073RBT6, STM32U073RCI6, STM32U073RCT6, STM32U083C-DK, STM32U083CCT6, STM32U083CCU6, STM32U083HCY6TR, STM32U083KCU6, STM32U083MCI6, STM32U083MCT6, STM32U083RCI6, STM32U083RCT6, STM32U375CET6, STM32U375CET6Q, STM32U375CEU6, STM32U375CEU6Q, STM32U375CEY6QTR, STM32U375CGT6, STM32U375CGT6Q, STM32U375CGU6, STM32U375CGU6Q, STM32U375CGY6QTR, STM32U375KEU6, STM32U375KGU6, STM32U375REI6, STM32U375REI6Q, STM32U375RET6, STM32U375RET6Q, STM32U375REY6GTR, STM32U375REY6QTR, STM32U375RGI6, STM32U375RGI6Q, STM32U375RGT6, STM32U375RGT6Q, STM32U375RGY6GTR, STM32U375RGY6QTR, STM32U375VEI6, STM32U375VEI6Q, STM32U375VET6, STM32U375VET6Q, STM32U375VGI6, STM32U375VGI6Q, STM32U375VGT6, STM32U375VGT6Q, STM32U385CGT6, STM32U385CGT6Q, STM32U385CGU6, STM32U385CGU6Q, STM32U385CGY6QTR, STM32U385KGU6, STM32U385RGI6, STM32U385RGI6Q, STM32U385RGT6, STM32U385RGT6Q, STM32U385RGY6GTR, STM32U385RGY6QTR, STM32U385VGI6, STM32U385VGI6Q, STM32U385VGT6, STM32U385VGT6Q, STM32U535CBT6, STM32U535CBT6Q, STM32U535CBU6, STM32U535CBU6Q, STM32U535CCT6, STM32U535CCT6Q, STM32U535CCU6, STM32U535CCU6Q, STM32U535CET6, STM32U535CET6Q, STM32U535CEU6, STM32U535CEU6Q, STM32U535JEY6QTR, STM32U535NCY6QTR, STM32U535NEY6QTR, STM32U535RBI6, STM32U535RBI6Q, STM32U535RBT6, STM32U535RBT6Q, STM32U535RCI6, STM32U535RCI6Q, STM32U535RCT6, STM32U535RCT6Q, STM32U535REI6, STM32U535REI6Q, STM32U535RET6, STM32U535RET6Q, STM32U535VCI6, STM32U535VCI6Q, STM32U535VCT6, STM32U535VCT6Q, STM32U535VEI6, STM32U535VEI6Q, STM32U535VET6, STM32U535VET6Q, STM32U545CET6, STM32U545CET6Q, STM32U545CEU6, STM32U545CEU6Q, STM32U545JEY6QTR, STM32U545NEY6QTR, STM32U545REI6, STM32U545REI6Q, STM32U545RET6, STM32U545RET6Q, STM32U545VEI6, STM32U545VEI6Q, STM32U545VET6, STM32U545VET6Q, STM32U595AIH6, STM32U595AIH6Q, STM32U595AJH6, STM32U595AJH6Q, STM32U595QII6, STM32U595QII6Q, STM32U595QJI6, STM32U595QJI6Q, STM32U595RIT6, STM32U595RIT6Q, STM32U595RJT6, STM32U595RJT6Q, STM32U595VIT6, STM32U595VIT6Q, STM32U595VJT6, STM32U595VJT6Q, STM32U595ZIT6, STM32U595ZIT6Q, STM32U595ZIY6QTR, STM32U595ZJT6, STM32U595ZJT6Q, STM32U595ZJY6QTR, STM32U599BJY6QTR, STM32U599NIH6Q, STM32U599NJH6Q, STM32U599VIT6Q, STM32U599VJT6, STM32U599VJT6Q, STM32U599ZIT6Q, STM32U599ZIY6QTR, STM32U599ZJT6Q, STM32U599ZJY6QTR, STM32U5A5AJH6, STM32U5A5AJH6Q, STM32U5A5QII3Q , STM32U5A5QJI6, STM32U5A5QJI6Q, STM32U5A5RJT6, STM32U5A5RJT6Q, STM32U5A5VJT6, STM32U5A5VJT6Q, STM32U5A5ZJT6, STM32U5A5ZJT6Q, STM32U5A5ZJY6QTR, STM32U5A9BJY6QTR, STM32U5A9J-DK, STM32U5A9NJH6Q, STM32U5A9VJT6Q, STM32U5A9ZJT6Q, STM32U5A9ZJY6QTR, STM32U5F7VIT6, STM32U5F7VIT6Q, STM32U5F7VJT6, STM32U5F7VJT6Q, STM32U5F9BJY6QTR, STM32U5F9NJH6Q, STM32U5F9VIT6Q, STM32U5F9VJT6Q, STM32U5F9ZIJ6QTR, STM32U5F9ZIT6Q, STM32U5F9ZJJ6QTR, STM32U5F9ZJT6Q, STM32U5G7VJT6, STM32U5G7VJT6Q, STM32U5G9BJY6QTR, STM32U5G9J-DK1, STM32U5G9J-DK2, STM32U5G9NJH6Q, STM32U5G9VJT6Q, STM32U5G9ZJJ6QTR, STM32U5G9ZJT6Q, STM32WB05KZV6TR, STM32WB05KZV7TR, STM32WB05TZF6TR, STM32WB05TZF7TR, STM32WB06CCF6TR, STM32WB06CCF7TR, STM32WB06CCV6TR, STM32WB06CCV7TR, STM32WB06KCV6TR, STM32WB06KCV7TR, STM32WB07CCF6TR, STM32WB07CCF7TR, STM32WB07CCV6TR, STM32WB07CCV7TR, STM32WB07KCV6TR, STM32WB07KCV7TR, STM32WB09KEV6TR, STM32WB09KEV7TR, STM32WB09TEF6TR, STM32WB09TEF7TR, STM32WB1MMCH6, STM32WBA50KGU6, STM32WBA50KGU6TR, STM32WBA52CEU6, STM32WBA52CEU6TR, STM32WBA52CEU7, STM32WBA52CEU7TR, STM32WBA52CGU6, STM32WBA52CGU6TR, STM32WBA52CGU6U, STM32WBA52CGU7, STM32WBA52CGU7TR, STM32WBA52KEU6, STM32WBA52KEU6TR, STM32WBA52KGU6, STM32WBA52KGU6TR, STM32WBA54CEU6, STM32WBA54CEU6TR, STM32WBA54CEU7, STM32WBA54CEU7TR, STM32WBA54CGU6, STM32WBA54CGU6TR, STM32WBA54CGU7, STM32WBA54CGU7TR, STM32WBA54KEU6, STM32WBA54KEU6TR, STM32WBA54KEU7, STM32WBA54KEU7TR, STM32WBA54KGU6, STM32WBA54KGU6TR, STM32WBA54KGU7, STM32WBA54KGU7TR, STM32WBA55CEU6, STM32WBA55CEU6TR, STM32WBA55CEU7, STM32WBA55CEU7TR, STM32WBA55CGU6, STM32WBA55CGU6TR, STM32WBA55CGU6U, STM32WBA55CGU7, STM32WBA55CGU7TR, STM32WBA55G-DK1, STM32WBA55HEF6, STM32WBA55HEF7, STM32WBA55HGF6, STM32WBA55HGF7, STM32WBA55UEI6, STM32WBA55UEI6TR, STM32WBA55UEI7, STM32WBA55UEI7TR, STM32WBA55UGI6, STM32WBA55UGI6TR, STM32WBA55UGI7, STM32WBA55UGI7TR, STM32WBA5MJGH6TR, STM32WBA5MJGH6U, STM32WL33C8V6, STM32WL33C8V6TR, STM32WL33C8V7, STM32WL33C8V7TR, STM32WL33CBV6, STM32WL33CBV6TR, STM32WL33CBV7, STM32WL33CBV7TR, STM32WL33CCV6, STM32WL33CCV6TR, STM32WL33CCV7, STM32WL33CCV7A, STM32WL33CCV7ATR, STM32WL33CCV7TR, STM32WL33K8V6, STM32WL33K8V6TR, STM32WL33K8V7, STM32WL33K8V7TR, STM32WL33KBV6, STM32WL33KBV6TR, STM32WL33KBV7, STM32WL33KBV7TR, STM32WL33KCV6, STM32WL33KCV6TR, STM32WL33KCV7, STM32WL33KCV7TR, STM32WL5MOCH6, STM32WL5MOCH6TR]
2025-04-12 09:45:50,019 [INFO] DbMcus:218 - Found 4674 MCUs, 4674 are supported
2025-04-12 09:45:50,019 [INFO] ApiDb:423 - Load user favorites file C:\Users\Flori/.stm32cubeide/favorites.mcus.txt: 0 item(s)
2025-04-12 09:45:50,019 [INFO] ApiDb:427 - User favorites MCUs=[]
2025-04-12 09:45:50,019 [INFO] DbMcus:224 - Set 0 / 0 favorites MCUs
2025-04-12 09:45:50,419 [INFO] ApiDb:423 - Load user favorites file C:\Users\Flori/.stm32cubeide/favorites.boards.txt: 0 item(s)
2025-04-12 09:45:50,419 [INFO] ApiDb:427 - User favorites Boards=[]
2025-04-12 09:45:50,419 [INFO] DbBoards:198 - Set 0 / 0 favorites Boards
2025-04-12 09:45:50,419 [INFO] McuFinderGlobals:76 - Set McuFinderConnectedMode to true
2025-04-12 09:45:50,424 [INFO] MultiScanPanel:200 - Auto-refresh data requested => check proxy status ongoing
2025-04-12 09:45:50,427 [INFO] FinderPluginLoader:95 - Searching for filters in installed packs
2025-04-12 09:45:51,898 [INFO] LoadUrlFilesThread:185 - End of LoadServerUrlFiles without Thread
2025-04-12 09:45:52,002 [INFO] DetailPanel:341 - Set advertising image to C:/Users/Flori/STM32Cube/Repository/\en.prom-stm32u3-mcu-finder.jpg
2025-04-12 09:46:12,074 [INFO] MultiScanPanel:200 - Auto-refresh data requested => check proxy status ongoing
2025-04-12 09:46:12,202 [INFO] LoadUrlFilesThread:185 - End of LoadServerUrlFiles without Thread
2025-04-12 09:46:12,202 [INFO] DetailPanel:341 - Set advertising image to C:/Users/Flori/STM32Cube/Repository/\en.prom-stm32u3-mcu-finder.jpg
2025-04-12 09:46:12,216 [INFO] DbBoards:642 - Loading board mini-images...
2025-04-12 09:46:12,471 [ERROR] DbBoards:659 - Image file not found for board B-WBA5M-WPAN: C:\Users\Flori\.stmcufinder\plugins\mcufinder//mcu//boards_images/B-WBA5M-WPAN.jpg
2025-04-12 09:46:14,716 [INFO] DbBoards:665 - Loaded 210 board mini-images
2025-04-12 09:47:01,103 [INFO] MainUpdater:2872 - connection check result : 10
2025-04-12 09:47:01,104 [INFO] MainUpdater:2872 - connection check result : 10
2025-04-12 09:47:01,127 [INFO] MicroXplorer:468 - Change Database Path : 
2025-04-12 09:47:01,127 [INFO] MicroXplorer:498 - Change Database Version : DB.6.0.130
2025-04-12 09:47:01,133 [WARN] ThirdParty:871 - waiting for thirdparty lock release [close project]
2025-04-12 09:47:01,133 [INFO] ThirdParty:873 - entering critical section [close project]
2025-04-12 09:47:01,136 [INFO] ThirdParty:883 - exiting critical section [close project]
2025-04-12 09:47:01,142 [INFO] PinOutPanel:1589 - setPackage(No Configuration,No Configuration)
2025-04-12 09:47:01,151 [INFO] UtilMem:75 - Begin LoadConfig() Used Memory: 755180720 Bytes (797966336)
2025-04-12 09:47:01,157 [INFO] OpenFileManager:332 - Change cursor
2025-04-12 09:47:01,227 [INFO] ProjectFactory:442 - No CPN specified for board NUCLEO-F411RE => set CPN to STM32F411RET6
2025-04-12 09:47:01,230 [INFO] Mcu:2035 - Initializing MCU STM32F411R(C-E)Tx STM32F411RETx STM32F411RET6
2025-04-12 09:47:02,787 [INFO] Context:748 - Trying to add GPIOservice into a context  which must be forbidden
2025-04-12 09:47:03,308 [INFO] Rule:228 - rule 117617 - U5Cobra4M][GTZC] default value MPCBB3 and MPCBB5 - Not Secured memory - MPCBB1 is applicable
2025-04-12 09:47:03,308 [INFO] Rule:228 - rule 117617 - U5Cobra4M][GTZC] default value MPCBB3 and MPCBB5 - Not Secured memory - MPCBB1 is applicable
2025-04-12 09:47:03,308 [INFO] Rule:228 - rule 117617 - U5Cobra4M][GTZC] default value MPCBB3 and MPCBB5 - Not Secured memory - MPCBB2 is applicable
2025-04-12 09:47:03,308 [INFO] Rule:228 - rule 117617 - U5Cobra4M][GTZC] default value MPCBB3 and MPCBB5 - Not Secured memory - MPCBB2 is applicable
2025-04-12 09:47:03,308 [INFO] Rule:228 - rule 117617 - U5Cobra4M][GTZC] default value MPCBB3 and MPCBB5 - Not Secured memory - MPCBB3 is applicable
2025-04-12 09:47:03,308 [INFO] Rule:228 - rule 117617 - U5Cobra4M][GTZC] default value MPCBB3 and MPCBB5 - Not Secured memory - MPCBB3 is applicable
2025-04-12 09:47:03,308 [INFO] Rule:228 - rule 117617 - U5Cobra4M][GTZC] default value MPCBB3 and MPCBB5 - Not Secured memory - MPCBB4 is applicable
2025-04-12 09:47:03,308 [INFO] Rule:228 - rule 117617 - U5Cobra4M][GTZC] default value MPCBB3 and MPCBB5 - Not Secured memory - MPCBB4 is applicable
2025-04-12 09:47:03,309 [INFO] Rule:228 - rule 117617 - U5Cobra4M][GTZC] default value MPCBB3 and MPCBB5 - Secured memory - MPCBB1 is applicable
2025-04-12 09:47:03,309 [INFO] Rule:228 - rule 117617 - U5Cobra4M][GTZC] default value MPCBB3 and MPCBB5 - Secured memory - MPCBB2 is applicable
2025-04-12 09:47:03,309 [INFO] Rule:228 - rule 117617 - U5Cobra4M][GTZC] default value MPCBB3 and MPCBB5 - Secured memory - MPCBB3 is applicable
2025-04-12 09:47:03,309 [INFO] Rule:228 - rule 117617 - U5Cobra4M][GTZC] default value MPCBB3 and MPCBB5 - Secured memory - MPCBB4 is applicable
2025-04-12 09:47:03,309 [INFO] Rule:228 - rule 117617 - U5Cobra4M][GTZC] default value MPCBB3 and MPCBB5 - Privileged memory - MPCBB1 is applicable
2025-04-12 09:47:03,309 [INFO] Rule:228 - rule 117617 - U5Cobra4M][GTZC] default value MPCBB3 and MPCBB5 - Privileged memory - MPCBB2 is applicable
2025-04-12 09:47:03,309 [INFO] Rule:228 - rule 117617 - U5Cobra4M][GTZC] default value MPCBB3 and MPCBB5 - Privileged memory - MPCBB3 is applicable
2025-04-12 09:47:03,309 [INFO] Rule:228 - rule 117617 - U5Cobra4M][GTZC] default value MPCBB3 and MPCBB5 - Privileged memory - MPCBB4 is applicable
2025-04-12 09:47:03,309 [INFO] Rule:228 - rule 117617 - U5Cobra4M][GTZC] default value MPCBB3 and MPCBB5 - Not Privileged memory - MPCBB1 is applicable
2025-04-12 09:47:03,309 [INFO] Rule:228 - rule 117617 - U5Cobra4M][GTZC] default value MPCBB3 and MPCBB5 - Not Privileged memory - MPCBB2 is applicable
2025-04-12 09:47:03,309 [INFO] Rule:228 - rule 117617 - U5Cobra4M][GTZC] default value MPCBB3 and MPCBB5 - Not Privileged memory - MPCBB3 is applicable
2025-04-12 09:47:03,309 [INFO] Rule:228 - rule 117617 - U5Cobra4M][GTZC] default value MPCBB3 and MPCBB5 - Not Privileged memory - MPCBB4 is applicable
2025-04-12 09:47:03,309 [INFO] Rule:228 - rule 117617 - U5Cobra4M][GTZC] default value MPCBB3 and MPCBB5 - Privileged memory - MPCBB1 is applicable
2025-04-12 09:47:03,309 [INFO] Rule:228 - rule 117617 - U5Cobra4M][GTZC] default value MPCBB3 and MPCBB5 - Privileged memory - MPCBB2 is applicable
2025-04-12 09:47:03,309 [INFO] Rule:228 - rule 117617 - U5Cobra4M][GTZC] default value MPCBB3 and MPCBB5 - Privileged memory - MPCBB3 is applicable
2025-04-12 09:47:03,310 [INFO] Rule:228 - rule 117617 - U5Cobra4M][GTZC] default value MPCBB3 and MPCBB5 - Privileged memory - MPCBB4 is applicable
2025-04-12 09:47:03,310 [INFO] Rule:228 - rule 117617 - U5Cobra4M][GTZC] default value MPCBB3 and MPCBB5 - Privileged memory - MPCBB1 is applicable
2025-04-12 09:47:03,310 [INFO] Rule:228 - rule 117617 - U5Cobra4M][GTZC] default value MPCBB3 and MPCBB5 - Privileged memory - MPCBB2 is applicable
2025-04-12 09:47:03,310 [INFO] Rule:228 - rule 117617 - U5Cobra4M][GTZC] default value MPCBB3 and MPCBB5 - Privileged memory - MPCBB3 is applicable
2025-04-12 09:47:03,310 [INFO] Rule:228 - rule 117617 - U5Cobra4M][GTZC] default value MPCBB3 and MPCBB5 - Privileged memory - MPCBB4 is applicable
2025-04-12 09:47:03,310 [INFO] Rule:228 - rule 117617 - U5Cobra4M][GTZC] default value MPCBB3 and MPCBB5 - Not Privileged memory - MPCBB1 is applicable
2025-04-12 09:47:03,310 [INFO] Rule:228 - rule 117617 - U5Cobra4M][GTZC] default value MPCBB3 and MPCBB5 - Not Privileged memory - MPCBB2 is applicable
2025-04-12 09:47:03,310 [INFO] Rule:228 - rule 117617 - U5Cobra4M][GTZC] default value MPCBB3 and MPCBB5 - Not Privileged memory - MPCBB3 is applicable
2025-04-12 09:47:03,310 [INFO] Rule:228 - rule 117617 - U5Cobra4M][GTZC] default value MPCBB3 and MPCBB5 - Not Privileged memory - MPCBB4 is applicable
2025-04-12 09:47:03,310 [INFO] Rule:228 - rule 117617 - U5Cobra4M][GTZC] default value MPCBB3 and MPCBB5 - Privileged memory - MPCBB1 is applicable
2025-04-12 09:47:03,310 [INFO] Rule:228 - rule 117617 - U5Cobra4M][GTZC] default value MPCBB3 and MPCBB5 - Privileged memory - MPCBB2 is applicable
2025-04-12 09:47:03,310 [INFO] Rule:228 - rule 117617 - U5Cobra4M][GTZC] default value MPCBB3 and MPCBB5 - Privileged memory - MPCBB3 is applicable
2025-04-12 09:47:03,310 [INFO] Rule:228 - rule 117617 - U5Cobra4M][GTZC] default value MPCBB3 and MPCBB5 - Privileged memory - MPCBB4 is applicable
2025-04-12 09:47:03,310 [INFO] Rule:228 - rule Rename SubGHz_Phy SUBGHZ_APPLICATION SUBGHZ_PINGPONG to SUBGHZ_ADV_APPLICATION is applicable
2025-04-12 09:47:03,311 [INFO] Rule:228 - rule Rename Enabled to IBEACON is applicable
2025-04-12 09:47:03,311 [INFO] Rule:228 - rule GTZC_S instance for project manager is applicable
2025-04-12 09:47:03,311 [INFO] Rule:228 - rule GTZC_S instance for context M33S is applicable
2025-04-12 09:47:03,311 [INFO] Rule:228 - rule GTZC_S instance value for IP GTZC is applicable
2025-04-12 09:47:03,311 [INFO] Rule:228 - rule GTZC_S instance for mcu.IP is applicable
2025-04-12 09:47:03,311 [INFO] Rule:228 - rule GTZC_S instance for VP is applicable
2025-04-12 09:47:03,311 [INFO] Rule:228 - rule GTZC_S instance for signal is applicable
2025-04-12 09:47:03,311 [INFO] Rule:228 - rule GTZC_S instance for mcu.Pin is applicable
2025-04-12 09:47:03,311 [INFO] Rule:228 - rule GTZC_S instance for VP is applicable
2025-04-12 09:47:03,311 [INFO] Rule:228 - rule GTZC_S instance for signal is applicable
2025-04-12 09:47:03,311 [INFO] Rule:228 - rule GTZC_S instance for mcu is applicable
2025-04-12 09:47:03,311 [INFO] Rule:228 - rule GTZC_S instance for mcu.Pin is applicable
2025-04-12 09:47:03,311 [INFO] Rule:228 - rule GTZC_S instance value for IP GTZC is applicable
2025-04-12 09:47:03,312 [INFO] Rule:228 - rule GTZC_S instance for project manager is applicable
2025-04-12 09:47:03,312 [INFO] Rule:228 - rule GTZC_S instance for context M33S is applicable
2025-04-12 09:47:03,312 [INFO] Rule:228 - rule GTZC_S instance for VP is applicable
2025-04-12 09:47:03,312 [INFO] Rule:228 - rule GTZC_S instance for signal is applicable
2025-04-12 09:47:03,312 [INFO] Rule:228 - rule SPDIFRX instance for mcu is applicable
2025-04-12 09:47:03,312 [INFO] Rule:228 - rule Rename Tracer Mode is applicable
2025-04-12 09:47:03,312 [INFO] Rule:228 - rule SPDIFRX instance value for IP SPDIFRX is applicable
2025-04-12 09:47:03,312 [INFO] Rule:228 - rule SPDIFRX instance for signal is applicable
2025-04-12 09:47:03,312 [INFO] Rule:228 - rule SPDIFRX instance for project manager is applicable
2025-04-12 09:47:03,312 [INFO] Rule:228 - rule SPDIFRX instance for project manager is applicable
2025-04-12 09:47:03,312 [INFO] Rule:228 - rule ADC Scan  fix with FW F7 is applicable
2025-04-12 09:47:03,312 [INFO] Rule:228 - rule ADC Scan  fix with FW F7 is applicable
2025-04-12 09:47:03,312 [INFO] Rule:228 - rule WakeUp0 Mode is applicable
2025-04-12 09:47:03,314 [INFO] Rule:228 - rule WakeUp0 SIGNAL is applicable
2025-04-12 09:47:03,314 [INFO] Rule:228 - rule WakeUp1 Mode is applicable
2025-04-12 09:47:03,314 [INFO] Rule:228 - rule WakeUp1 SIGNAL is applicable
2025-04-12 09:47:03,314 [INFO] Rule:228 - rule WakeUp2 Mode is applicable
2025-04-12 09:47:03,314 [INFO] Rule:228 - rule WakeUp2 SIGNAL is applicable
2025-04-12 09:47:03,314 [INFO] Rule:228 - rule WakeUp4 Mode is applicable
2025-04-12 09:47:03,314 [INFO] Rule:228 - rule WakeUp4 SIGNAL is applicable
2025-04-12 09:47:03,314 [INFO] Rule:228 - rule WakeUp5 Mode is applicable
2025-04-12 09:47:03,314 [INFO] Rule:228 - rule WakeUp5 SIGNAL is applicable
2025-04-12 09:47:03,314 [INFO] Rule:228 - rule Add RTC Activate Clock Source is applicable
2025-04-12 09:47:03,314 [INFO] Rule:228 - rule Add RTC Activate Calendar 1 is applicable
2025-04-12 09:47:03,314 [INFO] Rule:228 - rule Add RTC Activate Calendar 2 is applicable
2025-04-12 09:47:03,315 [INFO] Rule:228 - rule Add RTC Activate Calendar 3 is applicable
2025-04-12 09:47:03,315 [INFO] Rule:228 - rule UART/USART TX Mode is applicable
2025-04-12 09:47:03,315 [INFO] Rule:228 - rule UART/USART RX Mode is applicable
2025-04-12 09:47:03,315 [INFO] Rule:228 - rule UART/USART RX TX Mode is applicable
2025-04-12 09:47:03,315 [INFO] Rule:228 - rule UART/USART PARITY NONE is applicable
2025-04-12 09:47:03,315 [INFO] Rule:228 - rule UART/USART PARITY EVEN is applicable
2025-04-12 09:47:03,315 [INFO] Rule:228 - rule UART/USART PARITY ODD is applicable
2025-04-12 09:47:03,315 [INFO] Rule:228 - rule USART StopBits 1 is applicable
2025-04-12 09:47:03,315 [INFO] Rule:228 - rule USART StopBits 2 is applicable
2025-04-12 09:47:03,315 [INFO] Rule:228 - rule USART StopBits 1.5 is applicable
2025-04-12 09:47:03,315 [INFO] Rule:228 - rule USART StopBits 0.5 is applicable
2025-04-12 09:47:03,315 [INFO] Rule:228 - rule UART/USART WORD LENGTH 7 is applicable
2025-04-12 09:47:03,315 [INFO] Rule:228 - rule UART/USART WORD LENGTH 8 is applicable
2025-04-12 09:47:03,315 [INFO] Rule:228 - rule UART/USART WORD LENGTH 9 is applicable
2025-04-12 09:47:03,316 [INFO] Rule:228 - rule Rename FMC NAND NCE signal is applicable
2025-04-12 09:47:03,316 [INFO] Rule:228 - rule Rename FMC NAND INT signal is applicable
2025-04-12 09:47:03,316 [INFO] Rule:228 - rule Change Default Value for LSE Drive Capability for WB family is applicable
2025-04-12 09:47:03,316 [INFO] Rule:228 - rule Change Default Value for ADC Clock Prescaler G0 family is applicable
2025-04-12 09:47:03,316 [INFO] Rule:228 - rule Change Default Value for ADC ExternalTrigConv L4 family is applicable
2025-04-12 09:47:03,316 [INFO] Rule:228 - rule Change Default Value for ADC ExternalTrigInjecConv L4 family is applicable
2025-04-12 09:47:03,316 [INFO] Rule:228 - rule Change Default Value for ADC ExternalTrigConv F3 family is applicable
2025-04-12 09:47:03,316 [INFO] Rule:228 - rule Change Default Value for ADC ExternalTrigInjecConv F3 family is applicable
2025-04-12 09:47:03,316 [INFO] Rule:228 - rule Change Default Value for ADC ExternalTrigConv Goldfish serie is applicable
2025-04-12 09:47:03,316 [INFO] Rule:228 - rule Change Default Value for ADC ExternalTrigInjecConv Goldfish serie is applicable
2025-04-12 09:47:03,316 [INFO] Rule:228 - rule Change Default Value for ADC ExternalTrigConv L0 family is applicable
2025-04-12 09:47:03,316 [INFO] Rule:228 - rule Change Default Value for ADC ExternalTrigConv F0 family is applicable
2025-04-12 09:47:03,316 [INFO] Rule:228 - rule Change Default Value for ADC ExternalTrigConvn L1 family is applicable
2025-04-12 09:47:03,316 [INFO] Rule:228 - rule Change Default Value for ADC ExternalTrigInjecConv L1 family is applicable
2025-04-12 09:47:03,317 [INFO] Rule:228 - rule Change Default Value for ADC ExternalTrigConv F1 family is applicable
2025-04-12 09:47:03,317 [INFO] Rule:228 - rule Change Default Value for ADC ExternalTrigInjecConv F1 family is applicable
2025-04-12 09:47:03,317 [INFO] Rule:228 - rule Change Default Value for ADC ExternalTrigConv F7 family is applicable
2025-04-12 09:47:03,317 [INFO] Rule:228 - rule Change Default Value for ADC ExternalTrigInjecConv F7 family is applicable
2025-04-12 09:47:03,317 [INFO] Rule:228 - rule Change Default Value for ADC ExternalTrigConv F4 and F2 family is applicable
2025-04-12 09:47:03,317 [INFO] Rule:228 - rule Change Default Value for ADC ExternalTrigInjecConv F4 and F2 family is applicable
2025-04-12 09:47:03,317 [INFO] Rule:228 - rule ADC SamplingTime fix with FW L0  is applicable
2025-04-12 09:47:03,317 [INFO] Rule:228 - rule ADC SamplingTime fix with FW L0  is applicable
2025-04-12 09:47:03,317 [INFO] Rule:228 - rule ADC SamplingTime fix with FW L0 is applicable
2025-04-12 09:47:03,317 [INFO] Rule:228 - rule ADC SamplingTime fix with FW L0 is applicable
2025-04-12 09:47:03,317 [INFO] Rule:228 - rule ADC SamplingTime fix with FW L0  is applicable
2025-04-12 09:47:03,317 [INFO] Rule:228 - rule ADC SamplingTime fix with FW L0 is applicable
2025-04-12 09:47:03,317 [INFO] Rule:228 - rule Rename USB_OE Signal is applicable
2025-04-12 09:47:03,317 [INFO] Rule:228 - rule Rename Activate_OE Mode is applicable
2025-04-12 09:47:03,318 [INFO] Rule:228 - rule Rename DIE462/DIE415 pin PC14/OSC32_IN -> PC14-OSC32_IN (PC14) is applicable
2025-04-12 09:47:03,318 [INFO] Rule:228 - rule Rename DIE462/DIE415 pin PC15/OSC32_OUT -> PC15-OSC32_OUT (PC15) is applicable
2025-04-12 09:47:03,318 [INFO] Rule:228 - rule Rename DIE462/DIE415 pin PH0/OSC_IN -> PH0-OSC_IN (PH0) is applicable
2025-04-12 09:47:03,318 [INFO] Rule:228 - rule Rename DIE462/DIE415 pin PH1/OSC_OUT -> PH1-OSC_OUT (PH1) is applicable
2025-04-12 09:47:03,318 [INFO] Rule:228 - rule Rename DIE462 pin PA13 -> PA13 (JTMS/SWDIO) is applicable
2025-04-12 09:47:03,318 [INFO] Rule:228 - rule Rename DIE415 pin PA13 -> PA13 (JTMS/SWDIO) is applicable
2025-04-12 09:47:03,318 [INFO] Rule:228 - rule Rename DIE462 pin PA14 -> PA14 (JTCK/SWCLK) is applicable
2025-04-12 09:47:03,318 [INFO] Rule:228 - rule Rename DIE415 pin PA14 -> PA14 (JTCK/SWCLK) is applicable
2025-04-12 09:47:03,318 [INFO] Rule:228 - rule Rename DIE462/DIE415 pin PA15 -> PA15 (JTDI) is applicable
2025-04-12 09:47:03,318 [INFO] Rule:228 - rule Rename DIE462 pin PB3 -> PB3 (JTD0/TRACESWO) is applicable
2025-04-12 09:47:03,318 [INFO] Rule:228 - rule Rename DIE415 pin PB3 -> PB3 (JTD0-TRACESWO) is applicable
2025-04-12 09:47:03,318 [INFO] Rule:228 - rule Rename DIE462/DIE415 pin PB4 -> PB4 (NJTRST) is applicable
2025-04-12 09:47:03,318 [INFO] Rule:228 - rule Rename DIE462 pin PH3/BOOT0 -> PH3-BOOT0 (BOOT0) is applicable
2025-04-12 09:47:03,318 [INFO] Rule:228 - rule Rename CRYP DataEncryptionTypesList to Algorithm is applicable
2025-04-12 09:47:03,318 [INFO] Rule:228 - rule Rename AES DataEncryptionTypesList to Algorithm is applicable
2025-04-12 09:47:03,318 [INFO] Rule:228 - rule Rename TDESECB to CRYP_TDES_ECB is applicable
2025-04-12 09:47:03,319 [INFO] Rule:228 - rule Rename TDESCBC to CRYP_TDES_CBC is applicable
2025-04-12 09:47:03,319 [INFO] Rule:228 - rule Rename DESECB to CRYP_DES_ECB is applicable
2025-04-12 09:47:03,319 [INFO] Rule:228 - rule Rename DESCBC to CRYP_DES_CBC is applicable
2025-04-12 09:47:03,319 [INFO] Rule:228 - rule Rename AESECB to CRYP_AES_ECB is applicable
2025-04-12 09:47:03,319 [INFO] Rule:228 - rule Rename AESCBC to CRYP_AES_CBC is applicable
2025-04-12 09:47:03,319 [INFO] Rule:228 - rule Rename AESCTR to CRYP_AES_CTR is applicable
2025-04-12 09:47:03,319 [INFO] Rule:228 - rule Rename AESGCM to CRYP_AES_GCM is applicable
2025-04-12 09:47:03,319 [INFO] Rule:228 - rule Rename AESCCM to CRYP_AES_CCM is applicable
2025-04-12 09:47:03,319 [INFO] Rule:228 - rule Rename CAN TimeSeg1 to BS1 is applicable
2025-04-12 09:47:03,319 [INFO] Rule:228 - rule Rename CAN TimeSeg2 to BS2 is applicable
2025-04-12 09:47:03,319 [INFO] Rule:228 - rule Rename CAN SyncJumpWidth to SJW is applicable
2025-04-12 09:47:03,319 [INFO] Rule:228 - rule TimeTriggeredMode to TTCM is applicable
2025-04-12 09:47:03,319 [INFO] Rule:228 - rule Rename CAN AutoBusOff to ABOM is applicable
2025-04-12 09:47:03,319 [INFO] Rule:228 - rule Rename CAN AutoWakeUp to AWUM is applicable
2025-04-12 09:47:03,319 [INFO] Rule:228 - rule Rename CAN AutoRetransmission to NART is applicable
2025-04-12 09:47:03,319 [INFO] Rule:228 - rule Rename CAN ReceiveFifoLocked to RFLM is applicable
2025-04-12 09:47:03,319 [INFO] Rule:228 - rule Rename CAN TransmitFifoPriority to TXFP is applicable
2025-04-12 09:47:03,319 [INFO] Rule:228 - rule Rename HRTIMER HRTIM_OUTPUTFAULTLEVEL_HIGH in HRTIMER HRTIM_OUTPUTFAULTLEVEL_HIGHZ is applicable
2025-04-12 09:47:03,319 [INFO] Rule:228 - rule Rename TIMER TIM_CLEARINPUTSOURCE_OCREFCLR in  TIMER TIM_CLEARINPUTSOURCE_NONE for F7 family is applicable
2025-04-12 09:47:03,319 [INFO] Rule:228 - rule FDCAN_R1 - Rename FDCAN mode Master into Classic is applicable
2025-04-12 09:47:03,320 [INFO] Rule:228 - rule FDCAN_R2 - Rename FDCAN mode Slave into Classic is applicable
2025-04-12 09:47:03,320 [INFO] Rule:228 - rule FDCAN1_R3 - if PA10.Mode=FullDuplex, add Pin PA12 is applicable
2025-04-12 09:47:03,320 [INFO] Rule:228 - rule FDCAN1_R3 - if PA9.Mode=FullDuplex, add Pin PA11 is applicable
2025-04-12 09:47:03,320 [INFO] Rule:228 - rule FDCAN1_R3 - Alternatepin_1 - if PE1.Mode=FullDuplex, add Pin PB9 is applicable
2025-04-12 09:47:03,320 [INFO] Rule:228 - rule FDCAN1_R3 - Alternatepin_1 - if PE0.Mode=FullDuplex, add Pin PB8 is applicable
2025-04-12 09:47:03,320 [INFO] Rule:228 - rule FDCAN1_R3 - Alternatepin_2 - if PD5.Mode=FullDuplex, add Pin PD1 is applicable
2025-04-12 09:47:03,320 [INFO] Rule:228 - rule FDCAN1_R3 - Alternatepin_2 - if PD4.Mode=FullDuplex, add Pin PD0 is applicable
2025-04-12 09:47:03,320 [INFO] Rule:228 - rule FDCAN1_R4 - Rename Mode FullDuplex into Enable FDCAN_TXFD for pin PA10 is applicable
2025-04-12 09:47:03,321 [INFO] Rule:228 - rule FDCAN1_R4 - Rename Mode FullDuplex into Enable FDCAN_TXFD for pin PA9 is applicable
2025-04-12 09:47:03,321 [INFO] Rule:228 - rule FDCAN1_R4 - Alternatepin_1 - Rename Mode FullDuplex into Enable FDCAN_TXFD for pin PE1 is applicable
2025-04-12 09:47:03,321 [INFO] Rule:228 - rule FDCAN1_R4 - Alternatepin_1 - Rename Mode FullDuplex into Enable FDCAN_TXFD for pin PE0 is applicable
2025-04-12 09:47:03,321 [INFO] Rule:228 - rule FDCAN1_R4 - Alternatepin_2 - Rename Mode FullDuplex into Enable FDCAN_TXFD for pin PD5 is applicable
2025-04-12 09:47:03,321 [INFO] Rule:228 - rule FDCAN1_R4 - Alternatepin_2 - Rename Mode FullDuplex into Enable FDCAN_TXFD for pin PD4 is applicable
2025-04-12 09:47:03,321 [INFO] Rule:228 - rule FDCAN2_R3 - if PD10.Mode=FullDuplex, add Pin PB13 is applicable
2025-04-12 09:47:03,321 [INFO] Rule:228 - rule FDCAN2_R3 - if PD9.Mode=FullDuplex, add Pin PB12 is applicable
2025-04-12 09:47:03,321 [INFO] Rule:228 - rule FDCAN2_R3 - Alternatepin_1 - if PB7.Mode=FullDuplex, add Pin PB6 is applicable
2025-04-12 09:47:03,321 [INFO] Rule:228 - rule FDCAN2_R3 - Alternatepin_1 - if PD9.Mode=FullDuplex, add Pin PB12 is applicable
2025-04-12 09:47:03,321 [INFO] Rule:228 - rule FDCAN2_R4 - Rename Mode FullDuplex into Enable FDCAN_TXFD for pin PD10 is applicable
2025-04-12 09:47:03,321 [INFO] Rule:228 - rule FDCAN2_R4 - Rename Mode FullDuplex into Enable FDCAN_TXFD for pin PD9 is applicable
2025-04-12 09:47:03,321 [INFO] Rule:228 - rule FDCAN2_R4 - Alternatepin_1 - Rename Mode FullDuplex into Enable FDCAN_TXFD for pin PB7 is applicable
2025-04-12 09:47:03,321 [INFO] Rule:228 - rule FDCAN2_R4 - Alternatepin_1 - Rename Mode FullDuplex into Enable FDCAN_TXFD for pin PD6 is applicable
2025-04-12 09:47:03,321 [INFO] Rule:228 - rule USART TxPinLevelInvertParam Mode is applicable
2025-04-12 09:47:03,322 [INFO] Rule:228 - rule USART RxPinLevelInvertParam Mode is applicable
2025-04-12 09:47:03,322 [INFO] Rule:228 - rule USART DataInvertParam Mode is applicable
2025-04-12 09:47:03,322 [INFO] Rule:228 - rule USART SwapParam Mode is applicable
2025-04-12 09:47:03,322 [INFO] Rule:228 - rule USART OverrunDisableParam Mode is applicable
2025-04-12 09:47:03,322 [INFO] Rule:228 - rule USART DMADisableonRxErrorParam Mode is applicable
2025-04-12 09:47:03,322 [INFO] Rule:228 - rule USART MSBFirstParam Mode is applicable
2025-04-12 09:47:03,322 [INFO] Rule:228 - rule Update MwName for USB_DEVICE is applicable
2025-04-12 09:47:03,322 [INFO] Rule:228 - rule Change PWR_Regulator_Voltage_Scale Default Value for RCC  H7 family is applicable
2025-04-12 09:47:03,322 [INFO] Rule:228 - rule UART/USART IPParameter rename Prescaler parameter to ClockPrescaler is applicable
2025-04-12 09:47:03,322 [INFO] Rule:228 - rule UART/USART Prescaler rename Prescaler parameter to ClockPrescaler is applicable
2025-04-12 09:47:03,323 [INFO] Rule:228 - rule TIM1CLockSelection is applicable
2025-04-12 09:47:03,323 [INFO] Rule:228 - rule TIM15CLockSelection is applicable
2025-04-12 09:47:03,323 [INFO] Rule:228 - rule align RCC SDMMC3CLockSelection default value on MP1 is applicable
2025-04-12 09:47:03,323 [INFO] Rule:228 - rule align RCC SDMMC12CLockSelection default value on MP1 is applicable
2025-04-12 09:47:03,323 [INFO] Rule:228 - rule align RCC QSPICLockSelection default value on MP1 is applicable
2025-04-12 09:47:03,324 [INFO] Rule:228 - rule align RCC QSPICLockSelection default value on MP1 is applicable
2025-04-12 09:47:03,324 [INFO] Rule:228 - rule align RCC SPI6CLockSelection default value on MP1 is applicable
2025-04-12 09:47:03,324 [INFO] Rule:228 - rule align RCC LPTIM23CLockSelection default value on MP1 is applicable
2025-04-12 09:47:03,324 [INFO] Rule:228 - rule align RCC LPTIM1CLockSelection default value on MP1 is applicable
2025-04-12 09:47:03,324 [INFO] Rule:228 - rule align RCC USART1CLockSelection default value on MP1 is applicable
2025-04-12 09:47:03,324 [INFO] Rule:228 - rule align RCC USART24CLockSelection default value on MP1 is applicable
2025-04-12 09:47:03,324 [INFO] Rule:228 - rule align RCC USART6CLockSelection default value on MP1 is applicable
2025-04-12 09:47:03,325 [INFO] Rule:228 - rule align RCC UART78CLockSelection default value on MP1 is applicable
2025-04-12 09:47:03,325 [INFO] Rule:228 - rule align RCC USART35CLockSelection default value on MP1 is applicable
2025-04-12 09:47:03,325 [INFO] Rule:228 - rule align RCC SPI45CLockSelection default value on MP1 is applicable
2025-04-12 09:47:03,325 [INFO] Rule:228 - rule align RCC I2C46CLockSelection BCLK value on MP1 is applicable
2025-04-12 09:47:03,325 [INFO] Rule:228 - rule align RCC SPI45CLockSelection default value on MP1 is applicable
2025-04-12 09:47:03,325 [INFO] Rule:228 - rule align RCC I2C12CLockSelection default value on MP1 is applicable
2025-04-12 09:47:03,325 [INFO] Rule:228 - rule align RCC I2C35CLockSelection default value on MP1 is applicable
2025-04-12 09:47:03,325 [INFO] Rule:228 - rule align RCC LPTIM45CLockSelection default value on MP1 is applicable
2025-04-12 09:47:03,325 [INFO] Rule:228 - rule Rename DCMI PIXCK signal is applicable
2025-04-12 09:47:03,325 [INFO] Rule:228 - rule Change Default Value for I2C46CLockSelection MP1 family is applicable
2025-04-12 09:47:03,325 [INFO] Rule:228 - rule Change Default Value for UART for G4, G0 and WB families is applicable
2025-04-12 09:47:03,325 [INFO] Rule:228 - rule Change Default Value for USART for G4, G0 and WB families is applicable
2025-04-12 09:47:03,325 [INFO] Rule:228 - rule Change Default Value for USART for G4 family is applicable
2025-04-12 09:47:03,325 [INFO] Rule:228 - rule Change USART1CLockSelection refparam name for MP1 is applicable
2025-04-12 09:47:03,326 [INFO] Rule:228 - rule Change USART2CLockSelection refparam name for MP1 is applicable
2025-04-12 09:47:03,326 [INFO] Rule:228 - rule Change USART3CLockSelection refparam name for MP1 is applicable
2025-04-12 09:47:03,326 [INFO] Rule:228 - rule Change UART4CLockSelection refparam name for MP1 is applicable
2025-04-12 09:47:03,326 [INFO] Rule:228 - rule Change UART5CLockSelection refparam name for MP1 is applicable
2025-04-12 09:47:03,326 [INFO] Rule:228 - rule Change LPUART1CLockSelection refparam name for MP1 is applicable
2025-04-12 09:47:03,326 [INFO] Rule:228 - rule Change LPTIM1CLockSelection refparam name for MP1 is applicable
2025-04-12 09:47:03,326 [INFO] Rule:228 - rule Change LPTIM2CLockSelection refparam name for MP1 is applicable
2025-04-12 09:47:03,326 [INFO] Rule:228 - rule Change RCC_MCO1Source refparam name for MP1 is applicable
2025-04-12 09:47:03,326 [INFO] Rule:228 - rule Change LSCOSource1 refparam name for MP1 is applicable
2025-04-12 09:47:03,326 [INFO] Rule:228 - rule Change SMPSCLockSelection refparam name for MP1 is applicable
2025-04-12 09:47:03,326 [INFO] Rule:228 - rule Change LPTIM3CLockSelection refparam name for MP1 is applicable
2025-04-12 09:47:03,326 [INFO] Rule:228 - rule Change MPCBB* Default Template Mode to Parameters is applicable
2025-04-12 09:47:03,326 [INFO] Rule:228 - rule Change MPCWM* or MPCBB* Secure Mode to Parameters is applicable
2025-04-12 09:47:03,326 [INFO] Rule:228 - rule Change MPCWM* or MPCBB* No Secure Mode to Parameters is applicable
2025-04-12 09:47:03,326 [INFO] Rule:228 - rule Change TZSC IP Secure Mode to Parameters is applicable
2025-04-12 09:47:03,326 [INFO] Rule:228 - rule Change TZSC IP No Secure Mode to Parameters is applicable
2025-04-12 09:47:03,326 [INFO] Rule:228 - rule Change TZSC IP Privilege Mode to Parameters is applicable
2025-04-12 09:47:03,326 [INFO] Rule:228 - rule Change TZSC IP No Privilege Mode to Parameters is applicable
2025-04-12 09:47:03,326 [INFO] Rule:228 - rule Change TZIC IT Secure Mode to Parameters is applicable
2025-04-12 09:47:03,326 [INFO] Rule:228 - rule Change TZIC IT No Secure Mode to Parameters is applicable
2025-04-12 09:47:03,327 [INFO] Rule:228 - rule Add MPCBB1_NonSecureArea_Start_Address value with referenced to MPCBB1_NonSecureArea_Start value is applicable
2025-04-12 09:47:03,327 [INFO] Rule:228 - rule Add MPCBB2_NonSecureArea_Start_Address value with referenced to MPCBB2_NonSecureArea_Start value is applicable
2025-04-12 09:47:03,327 [INFO] Rule:228 - rule Add MPCWM1_NonSecureArea*_Start_Address value with referenced to MPCWM1_NonSecureArea*_Start value is applicable
2025-04-12 09:47:03,327 [INFO] Rule:228 - rule Add MPCWM2_NonSecureArea*_Start_Address value with referenced to MPCWM2_NonSecureArea*_Start value is applicable
2025-04-12 09:47:03,327 [INFO] Rule:228 - rule Add MPCWM3_NonSecureArea_Start_Address value with referenced to MPCWM3_NonSecureArea_Start value is applicable
2025-04-12 09:47:03,327 [INFO] Rule:228 - rule Change Default Value for PLL1UserDefinedConfig is applicable
2025-04-12 09:47:03,327 [INFO] Rule:228 - rule Change GPIO_PuPd Default Value for USART in async mode is applicable
2025-04-12 09:47:03,327 [INFO] Rule:228 - rule Change SMPSDivider Default Value is applicable
2025-04-12 09:47:03,327 [INFO] Rule:228 - rule OPAMP is applicable
2025-04-12 09:47:03,327 [INFO] Rule:228 - rule LPUART IPParameter rename Prescaler parameter to ClockPrescaler for STM32H7 is applicable
2025-04-12 09:47:03,327 [INFO] Rule:228 - rule LPUART IPParameter rename Prescaler parameter to ClockPrescaler for STM32H7 is applicable
2025-04-12 09:47:03,327 [INFO] Rule:228 - rule LPUART IPParameter rename Prescaler parameter to ClockPrescaler for STM32WB is applicable
2025-04-12 09:47:03,327 [INFO] Rule:228 - rule LPUART IPParameter rename Prescaler parameter to ClockPrescaler for STM32WB is applicable
2025-04-12 09:47:03,327 [INFO] Rule:228 - rule LPUART IPParameter rename Prescaler parameter to ClockPrescaler for STM32G4 is applicable
2025-04-12 09:47:03,327 [INFO] Rule:228 - rule LPUART IPParameter rename Prescaler parameter to ClockPrescaler for STM32G4 is applicable
2025-04-12 09:47:03,327 [INFO] Rule:228 - rule LPUART IPParameter rename Prescaler parameter to ClockPrescaler for STM32L5 is applicable
2025-04-12 09:47:03,327 [INFO] Rule:228 - rule LPUART IPParameter rename Prescaler parameter to ClockPrescaler for STM32L5 is applicable
2025-04-12 09:47:03,327 [INFO] Rule:228 - rule LPUART IPParameter rename Prescaler parameter to ClockPrescaler for STM32G4 is applicable
2025-04-12 09:47:03,327 [INFO] Rule:228 - rule LPUART IPParameter rename Prescaler parameter to ClockPrescaler for STM32G4 is applicable
2025-04-12 09:47:03,327 [INFO] Rule:228 - rule USB device lib V2.5.3 for L0 rename USBD_SUPPORT_USER_STRING parameter to USBD_SUPPORT_USER_STRING_DESC4 is applicable
2025-04-12 09:47:03,327 [INFO] Rule:228 - rule I2SCLockSelection clock entry align is applicable
2025-04-12 09:47:03,328 [INFO] Rule:228 - rule Assign TIMx context if used as SYS timebase is applicable
2025-04-12 09:47:03,328 [INFO] Rule:228 - rule Change GPIO_Pu Default Value for I2C is applicable
2025-04-12 09:47:03,328 [INFO] Rule:228 - rule Change GPIO_Pu Default Value for SMBus is applicable
2025-04-12 09:47:03,328 [INFO] Rule:228 - rule change FDCAN default value is applicable
2025-04-12 09:47:03,328 [INFO] Rule:228 - rule Change mode sai is applicable
2025-04-12 09:47:03,328 [INFO] Rule:228 - rule **Change sai mode is applicable
2025-04-12 09:47:03,328 [INFO] Rule:228 - rule Rename STM32WPAN CFG_BLE_IRK to CFG_BLE_IR is applicable
2025-04-12 09:47:03,328 [INFO] Rule:228 - rule Rename STM32WPAN CFG_BLE_ERK to CFG_BLE_ER is applicable
2025-04-12 09:47:03,328 [INFO] Rule:228 - rule Rename STM32WPAN CFG_BLE_IRK_HEX to CFG_BLE_IR_HEX is applicable
2025-04-12 09:47:03,328 [INFO] Rule:228 - rule Rename STM32WPAN CFG_BLE_ERK_HEX to CFG_BLE_ER_HEX is applicable
2025-04-12 09:47:03,340 [INFO] DbConfProperties:307 - Apply Compatibility (49/262 Rules)
2025-04-12 09:47:03,364 [INFO] ImportTextPane:218 - (OptionalMessage_ERROR) Unable to find key (Mcu.ThirdPartyNb) in loaded IOC file
2025-04-12 09:47:03,463 [INFO] RtosManager:555 - Registered RTOS mode: class=CMSIS, group=RTOS, mode=CMSIS_V1, owner=FREERTOS
2025-04-12 09:47:03,463 [INFO] RtosManager:555 - Registered RTOS mode: class=CMSIS, group=RTOS2, mode=CMSIS_V2, owner=FREERTOS
2025-04-12 09:47:03,463 [INFO] RtosManager:555 - Registered RTOS mode: class=RTOS, group=Core, mode=CMSIS_V1, owner=FREERTOS
2025-04-12 09:47:03,463 [INFO] RtosManager:555 - Registered RTOS mode: class=RTOS, group=Core, mode=CMSIS_V2, owner=FREERTOS
2025-04-12 09:47:03,463 [WARN] ModelIntegratedComponent:184 - Missing modes for component STMicroelectronics:FreeRTOS:0.0.1:STMicroelectronics:RTOS:FreeRTOS:Core:::10.2.0:
2025-04-12 09:47:03,478 [WARN] ModelIntegratedComponent:182 - Modes not found for component STMicroelectronics:USB_HOST:1.0.0:STMicroelectronics:USB::USB Host:Audio HS::1.0:USB_HOST_1_0_RESTRICTED_HS
2025-04-12 09:47:03,478 [WARN] ModelIntegratedComponent:188 - Modes not found for component STMicroelectronics:USB_HOST:1.0.0:STMicroelectronics:USB::USB Host:Audio HS::1.0:USB_HOST_1_0_RESTRICTED_HS
2025-04-12 09:47:03,478 [WARN] ModelIntegratedComponent:182 - Modes not found for component STMicroelectronics:USB_HOST:1.0.0:STMicroelectronics:USB::USB Host:CDC HS::1.0:USB_HOST_1_0_RESTRICTED_HS
2025-04-12 09:47:03,478 [WARN] ModelIntegratedComponent:188 - Modes not found for component STMicroelectronics:USB_HOST:1.0.0:STMicroelectronics:USB::USB Host:CDC HS::1.0:USB_HOST_1_0_RESTRICTED_HS
2025-04-12 09:47:03,478 [WARN] ModelIntegratedComponent:182 - Modes not found for component STMicroelectronics:USB_HOST:1.0.0:STMicroelectronics:USB::USB Host:MSC HS::1.0:USB_HOST_1_0_RESTRICTED_HS
2025-04-12 09:47:03,478 [WARN] ModelIntegratedComponent:188 - Modes not found for component STMicroelectronics:USB_HOST:1.0.0:STMicroelectronics:USB::USB Host:MSC HS::1.0:USB_HOST_1_0_RESTRICTED_HS
2025-04-12 09:47:03,478 [WARN] ModelIntegratedComponent:182 - Modes not found for component STMicroelectronics:USB_HOST:1.0.0:STMicroelectronics:USB::USB Host:HID HS::1.0:USB_HOST_1_0_RESTRICTED_HS
2025-04-12 09:47:03,478 [WARN] ModelIntegratedComponent:188 - Modes not found for component STMicroelectronics:USB_HOST:1.0.0:STMicroelectronics:USB::USB Host:HID HS::1.0:USB_HOST_1_0_RESTRICTED_HS
2025-04-12 09:47:03,478 [WARN] ModelIntegratedComponent:182 - Modes not found for component STMicroelectronics:USB_HOST:1.0.0:STMicroelectronics:USB::USB Host:MTP HS::1.0:USB_HOST_1_0_RESTRICTED_HS
2025-04-12 09:47:03,478 [WARN] ModelIntegratedComponent:188 - Modes not found for component STMicroelectronics:USB_HOST:1.0.0:STMicroelectronics:USB::USB Host:MTP HS::1.0:USB_HOST_1_0_RESTRICTED_HS
2025-04-12 09:47:03,491 [WARN] ModelIntegratedComponent:63 - No mode defined for component null
2025-04-12 09:47:03,491 [WARN] ModelIntegratedComponent:63 - No mode defined for component null
2025-04-12 09:47:03,492 [WARN] ModelIntegratedComponent:63 - No mode defined for component null
2025-04-12 09:47:03,492 [WARN] ModelIntegratedComponent:63 - No mode defined for component null
2025-04-12 09:47:03,492 [WARN] ModelIntegratedComponent:63 - No mode defined for component null
2025-04-12 09:47:03,492 [WARN] ModelIntegratedComponent:63 - No mode defined for component null
2025-04-12 09:47:03,492 [WARN] ModelIntegratedComponent:63 - No mode defined for component null
2025-04-12 09:47:03,492 [WARN] ModelIntegratedComponent:63 - No mode defined for component null
2025-04-12 09:47:03,492 [WARN] ModelIntegratedComponent:63 - No mode defined for component null
2025-04-12 09:47:03,492 [WARN] ModelIntegratedComponent:63 - No mode defined for component null
2025-04-12 09:47:03,492 [WARN] ModelIntegratedComponent:63 - No mode defined for component null
2025-04-12 09:47:03,492 [WARN] ModelIntegratedComponent:63 - No mode defined for component null
2025-04-12 09:47:03,492 [WARN] ModelIntegratedComponent:63 - No mode defined for component null
2025-04-12 09:47:03,492 [WARN] ModelIntegratedComponent:63 - No mode defined for component null
2025-04-12 09:47:03,492 [WARN] ModelIntegratedComponent:63 - No mode defined for component null
2025-04-12 09:47:03,492 [WARN] ModelIntegratedComponent:63 - No mode defined for component null
2025-04-12 09:47:03,492 [WARN] ModelIntegratedComponent:63 - No mode defined for component null
2025-04-12 09:47:03,492 [WARN] ModelIntegratedComponent:63 - No mode defined for component null
2025-04-12 09:47:03,492 [WARN] ModelIntegratedComponent:63 - No mode defined for component null
2025-04-12 09:47:03,492 [WARN] ModelIntegratedComponent:63 - No mode defined for component null
2025-04-12 09:47:03,492 [WARN] ModelIntegratedComponent:63 - No mode defined for component null
2025-04-12 09:47:03,492 [WARN] ModelIntegratedComponent:63 - No mode defined for component null
2025-04-12 09:47:03,493 [WARN] ModelIntegratedComponent:63 - No mode defined for component null
2025-04-12 09:47:03,493 [WARN] ModelIntegratedComponent:63 - No mode defined for component null
2025-04-12 09:47:03,493 [WARN] ModelIntegratedComponent:63 - No mode defined for component null
2025-04-12 09:47:03,493 [WARN] ModelIntegratedComponent:63 - No mode defined for component null
2025-04-12 09:47:03,493 [WARN] ModelIntegratedComponent:63 - No mode defined for component null
2025-04-12 09:47:03,493 [WARN] ModelIntegratedComponent:63 - No mode defined for component null
2025-04-12 09:47:03,493 [WARN] ModelIntegratedComponent:63 - No mode defined for component null
2025-04-12 09:47:03,493 [WARN] ModelIntegratedComponent:63 - No mode defined for component null
2025-04-12 09:47:03,493 [WARN] ModelIntegratedComponent:63 - No mode defined for component null
2025-04-12 09:47:03,493 [WARN] ModelIntegratedComponent:63 - No mode defined for component null
2025-04-12 09:47:03,493 [WARN] ModelIntegratedComponent:63 - No mode defined for component null
2025-04-12 09:47:03,493 [WARN] ModelIntegratedComponent:63 - No mode defined for component null
2025-04-12 09:47:03,493 [WARN] ModelIntegratedComponent:63 - No mode defined for component null
2025-04-12 09:47:03,493 [WARN] ModelPack:524 - Component already loaded: STMicroelectronics:HAL Drivers:0.0.0:STMicroelectronics:Device:STMicro_Driver:XSPI:HAL::0.0.1:HAL_XSPI
2025-04-12 09:47:03,616 [WARN] ModelIntegratedComponent:182 - Modes not found for component STMicroelectronics:USB_DEVICE:1.0.0:STMicroelectronics:USB::USB Device:Audio HS::1.0:USB_DEVICE_1_0_RESTRICTED_HS
2025-04-12 09:47:03,616 [WARN] ModelIntegratedComponent:188 - Modes not found for component STMicroelectronics:USB_DEVICE:1.0.0:STMicroelectronics:USB::USB Device:Audio HS::1.0:USB_DEVICE_1_0_RESTRICTED_HS
2025-04-12 09:47:03,616 [WARN] ModelIntegratedComponent:182 - Modes not found for component STMicroelectronics:USB_DEVICE:1.0.0:STMicroelectronics:USB::USB Device:CDC HS::1.0:USB_DEVICE_1_0_RESTRICTED_HS
2025-04-12 09:47:03,616 [WARN] ModelIntegratedComponent:188 - Modes not found for component STMicroelectronics:USB_DEVICE:1.0.0:STMicroelectronics:USB::USB Device:CDC HS::1.0:USB_DEVICE_1_0_RESTRICTED_HS
2025-04-12 09:47:03,616 [WARN] ModelIntegratedComponent:182 - Modes not found for component STMicroelectronics:USB_DEVICE:1.0.0:STMicroelectronics:USB::USB Device:DFU HS::1.0:USB_DEVICE_1_0_RESTRICTED_HS
2025-04-12 09:47:03,616 [WARN] ModelIntegratedComponent:188 - Modes not found for component STMicroelectronics:USB_DEVICE:1.0.0:STMicroelectronics:USB::USB Device:DFU HS::1.0:USB_DEVICE_1_0_RESTRICTED_HS
2025-04-12 09:47:03,616 [WARN] ModelIntegratedComponent:182 - Modes not found for component STMicroelectronics:USB_DEVICE:1.0.0:STMicroelectronics:USB::USB Device:HID HS::1.0:USB_DEVICE_1_0_RESTRICTED_HS
2025-04-12 09:47:03,616 [WARN] ModelIntegratedComponent:188 - Modes not found for component STMicroelectronics:USB_DEVICE:1.0.0:STMicroelectronics:USB::USB Device:HID HS::1.0:USB_DEVICE_1_0_RESTRICTED_HS
2025-04-12 09:47:03,616 [WARN] ModelIntegratedComponent:182 - Modes not found for component STMicroelectronics:USB_DEVICE:1.0.0:STMicroelectronics:USB::USB Device:Custom HID HS::1.0:USB_DEVICE_1_0_RESTRICTED_HS
2025-04-12 09:47:03,616 [WARN] ModelIntegratedComponent:188 - Modes not found for component STMicroelectronics:USB_DEVICE:1.0.0:STMicroelectronics:USB::USB Device:Custom HID HS::1.0:USB_DEVICE_1_0_RESTRICTED_HS
2025-04-12 09:47:03,617 [WARN] ModelIntegratedComponent:182 - Modes not found for component STMicroelectronics:USB_DEVICE:1.0.0:STMicroelectronics:USB::USB Device:MSC HS::1.0:USB_DEVICE_1_0_RESTRICTED_HS
2025-04-12 09:47:03,617 [WARN] ModelIntegratedComponent:188 - Modes not found for component STMicroelectronics:USB_DEVICE:1.0.0:STMicroelectronics:USB::USB Device:MSC HS::1.0:USB_DEVICE_1_0_RESTRICTED_HS
2025-04-12 09:47:03,638 [INFO] ThirdPartyModel:298 - Start build external matchings
2025-04-12 09:47:04,215 [INFO] ThirdPartyModel:316 - End build external matchings
2025-04-12 09:47:04,229 [INFO] ImportTextPane:218 - (OptionalMessage_ERROR) IP (RCC) : Parameter (48MHZClocksFreq_Value) has invalid value (84000000)
2025-04-12 09:47:04,231 [INFO] ImportTextPane:218 - (OptionalMessage_ERROR) IP (RCC) : Parameter (FLatency) has Id (AdvancedSettings) currently not set
2025-04-12 09:47:04,232 [INFO] ImportTextPane:218 - (OptionalMessage_ERROR) IP (RCC) : Parameter (RTCHSEDivFreq_Value) has invalid value (4000000)
2025-04-12 09:47:04,487 [INFO] UtilMem:75 - End LoadConfig() Used Memory: 673019768 Bytes (825229312)
2025-04-12 09:47:04,671 [WARN] ThirdParty:833 - waiting for thirdparty lock release [change project]
2025-04-12 09:47:04,672 [INFO] ThirdParty:835 - entering critical section [change project]
2025-04-12 09:47:04,682 [INFO] ThirdParty:1030 - CMSIS Pack Vendor :STMicroelectronics USBPD 4.1
2025-04-12 09:47:04,683 [INFO] ThirdParty:1030 - CMSIS Pack Vendor :STMicroelectronics X-CUBE-AZRTOS-H7 3.3.0
2025-04-12 09:47:04,683 [INFO] ThirdParty:1030 - CMSIS Pack Vendor :STMicroelectronics X-CUBE-NFC9 1.0.0
2025-04-12 09:47:04,683 [INFO] ThirdParty:1030 - CMSIS Pack Vendor :STMicroelectronics USB_HOST 2.0.0
2025-04-12 09:47:04,683 [INFO] ThirdParty:1030 - CMSIS Pack Vendor :STMicroelectronics FP-SNS-MOTENVWB1 1.4.0
2025-04-12 09:47:04,683 [INFO] ThirdParty:1030 - CMSIS Pack Vendor :STMicroelectronics X-CUBE-AZRTOS-F4 1.1.0
2025-04-12 09:47:04,683 [INFO] ThirdParty:1030 - CMSIS Pack Vendor :STMicroelectronics LIBJPEG 8.0.0
2025-04-12 09:47:04,683 [INFO] ThirdParty:1030 - CMSIS Pack Vendor :STMicroelectronics FP-ATR-ASTRA1 2.0.2
2025-04-12 09:47:04,683 [INFO] ThirdParty:1030 - CMSIS Pack Vendor :STMicroelectronics X-CUBE-BLE1 7.1.0
2025-04-12 09:47:04,683 [INFO] ThirdParty:1030 - CMSIS Pack Vendor :Avnet-IotConnect X-CUBE-IoTC-DA16k-PMOD 1.0.0
2025-04-12 09:47:04,683 [INFO] ThirdParty:1030 - CMSIS Pack Vendor :STMicroelectronics X-CUBE-SMBUS 2.1.0
2025-04-12 09:47:04,683 [INFO] ThirdParty:1030 - CMSIS Pack Vendor :STMicroelectronics X-CUBE-WB05N 1.1.0
2025-04-12 09:47:04,683 [INFO] ThirdParty:1030 - CMSIS Pack Vendor :wolfSSL I-CUBE-wolfMQTT 1.19.2
2025-04-12 09:47:04,683 [INFO] ThirdParty:1030 - CMSIS Pack Vendor :STMicroelectronics USB_DEVICE 3.0.0
2025-04-12 09:47:04,683 [INFO] ThirdParty:1030 - CMSIS Pack Vendor :STMicroelectronics X-CUBE-ISPU 2.1.0
2025-04-12 09:47:04,683 [INFO] ThirdParty:1030 - CMSIS Pack Vendor :STMicroelectronics X-CUBE-AZRTOS-WB 2.0.0
2025-04-12 09:47:04,683 [INFO] ThirdParty:1030 - CMSIS Pack Vendor :STMicroelectronics X-CUBE-GNSS1 7.0.1
2025-04-12 09:47:04,684 [INFO] ThirdParty:1030 - CMSIS Pack Vendor :STMicroelectronics X-CUBE-AZRTOS-F7 1.1.0
2025-04-12 09:47:04,684 [INFO] ThirdParty:1030 - CMSIS Pack Vendor :STMicroelectronics X-CUBE-AZRTOS-L5 2.0.0
2025-04-12 09:47:04,684 [INFO] ThirdParty:1030 - CMSIS Pack Vendor :STMicroelectronics X-CUBE-TOUCHGFX 4.25.0
2025-04-12 09:47:04,684 [INFO] ThirdParty:1030 - CMSIS Pack Vendor :STMicroelectronics USB_DEVICE 2.0.0
2025-04-12 09:47:04,684 [INFO] ThirdParty:1030 - CMSIS Pack Vendor :STMicroelectronics X-CUBE-NFC6 3.1.0
2025-04-12 09:47:04,684 [INFO] ThirdParty:1030 - CMSIS Pack Vendor :STMicroelectronics FP-SNS-STBOX1 2.0.0
2025-04-12 09:47:04,684 [INFO] ThirdParty:1030 - CMSIS Pack Vendor :STMicroelectronics FreeRTOS 0.0.1
2025-04-12 09:47:04,684 [INFO] ThirdParty:1030 - CMSIS Pack Vendor :STMicroelectronics X-CUBE-AZRTOS-G0 1.1.0
2025-04-12 09:47:04,684 [INFO] ThirdParty:1030 - CMSIS Pack Vendor :STMicroelectronics X-CUBE-SAFEA1 1.2.2
2025-04-12 09:47:04,684 [INFO] ThirdParty:1030 - CMSIS Pack Vendor :STMicroelectronics X-CUBE-NFC4 3.0.0
2025-04-12 09:47:04,684 [INFO] ThirdParty:1030 - CMSIS Pack Vendor :STMicroelectronics X-CUBE-DPower 1.2.0
2025-04-12 09:47:04,684 [INFO] ThirdParty:1030 - CMSIS Pack Vendor :STMicroelectronics X-CUBE-SUBG2 5.0.0
2025-04-12 09:47:04,684 [INFO] ThirdParty:1030 - CMSIS Pack Vendor :STMicroelectronics X-CUBE-AZRTOS-H7RS 1.1.0
2025-04-12 09:47:04,684 [INFO] ThirdParty:1030 - CMSIS Pack Vendor :STMicroelectronics STM32_WPAN 1.0.0
2025-04-12 09:47:04,685 [INFO] ThirdParty:1030 - CMSIS Pack Vendor :EmbeddedOffice I-CUBE-FS-RTOS 1.0.1
2025-04-12 09:47:04,685 [INFO] ThirdParty:1030 - CMSIS Pack Vendor :STMicroelectronics lwIP 2.0.3
2025-04-12 09:47:04,685 [INFO] ThirdParty:1030 - CMSIS Pack Vendor :STMicroelectronics FP-SNS-FLIGHT1 5.0.2
2025-04-12 09:47:04,685 [INFO] ThirdParty:1030 - CMSIS Pack Vendor :Cesanta I-CUBE-Mongoose 7.13.0
2025-04-12 09:47:04,685 [INFO] ThirdParty:1030 - CMSIS Pack Vendor :STMicroelectronics USB_HOST 1.0.0
2025-04-12 09:47:04,685 [INFO] ThirdParty:1030 - CMSIS Pack Vendor :Infineon AIROC-Wi-Fi-Bluetooth-STM32 1.7.0
2025-04-12 09:47:04,685 [INFO] ThirdParty:1030 - CMSIS Pack Vendor :STMicroelectronics X-CUBE-AZRTOS-G4 2.0.0
2025-04-12 09:47:04,685 [INFO] ThirdParty:1030 - CMSIS Pack Vendor :STMicroelectronics PDM2PCM 3.1.0
2025-04-12 09:47:04,685 [INFO] ThirdParty:1030 - CMSIS Pack Vendor :STMicroelectronics PDM2PCM 3.3.0
2025-04-12 09:47:04,685 [INFO] ThirdParty:1030 - CMSIS Pack Vendor :wolfSSL I-CUBE-wolfTPM 3.8.0
2025-04-12 09:47:04,685 [INFO] ThirdParty:1030 - CMSIS Pack Vendor :STMicroelectronics X-CUBE-DISPLAY 3.0.0
2025-04-12 09:47:04,685 [INFO] ThirdParty:1030 - CMSIS Pack Vendor :wolfSSL I-CUBE-wolfSSH 1.4.20
2025-04-12 09:47:04,685 [INFO] ThirdParty:1030 - CMSIS Pack Vendor :STMicroelectronics X-CUBE-TCPP 4.2.0
2025-04-12 09:47:04,685 [INFO] ThirdParty:1030 - CMSIS Pack Vendor :RealThread X-CUBE-RT-Thread_Nano 4.1.1
2025-04-12 09:47:04,686 [INFO] ThirdParty:1030 - CMSIS Pack Vendor :STMicroelectronics X-CUBE-BLE1 7.0.0
2025-04-12 09:47:04,686 [INFO] ThirdParty:1030 - CMSIS Pack Vendor :STMicroelectronics FP-ATR-SIGFOX1 3.2.0
2025-04-12 09:47:04,686 [INFO] ThirdParty:1030 - CMSIS Pack Vendor :STMicroelectronics X-CUBE-NFC10 1.0.0
2025-04-12 09:47:04,686 [INFO] ThirdParty:1030 - CMSIS Pack Vendor :quantropi X-CUBE-qispace-sdk-base 1.9.3
2025-04-12 09:47:04,686 [INFO] ThirdParty:1030 - CMSIS Pack Vendor :STMicroelectronics X-CUBE-BLEMGR 4.0.0
2025-04-12 09:47:04,686 [INFO] ThirdParty:1030 - CMSIS Pack Vendor :STMicroelectronics X-CUBE-EEPRMA1 5.1.0
2025-04-12 09:47:04,686 [INFO] ThirdParty:1030 - CMSIS Pack Vendor :STMicroelectronics HAL Drivers 0.0.0
2025-04-12 09:47:04,686 [INFO] ThirdParty:1030 - CMSIS Pack Vendor :STMicroelectronics MBEDTLS 2.16.2
2025-04-12 09:47:04,686 [INFO] ThirdParty:1030 - CMSIS Pack Vendor :STMicroelectronics X-CUBE-IPS 3.1.0
2025-04-12 09:47:04,686 [INFO] ThirdParty:1030 - CMSIS Pack Vendor :STMicroelectronics X-CUBE-ALS 1.0.2
2025-04-12 09:47:04,686 [INFO] ThirdParty:1030 - CMSIS Pack Vendor :emotas I-CUBE-CANOPEN 1.3.0
2025-04-12 09:47:04,686 [INFO] ThirdParty:1030 - CMSIS Pack Vendor :STMicroelectronics X-CUBE-FREERTOS 1.3.0
2025-04-12 09:47:04,686 [INFO] ThirdParty:1030 - CMSIS Pack Vendor :STMicroelectronics X-CUBE-NFC7 1.0.1
2025-04-12 09:47:04,686 [INFO] ThirdParty:1030 - CMSIS Pack Vendor :STMicroelectronics MBEDTLS 2.14.1
2025-04-12 09:47:04,686 [INFO] ThirdParty:1030 - CMSIS Pack Vendor :wolfSSL I-CUBE-wolfSSL 5.7.6
2025-04-12 09:47:04,687 [INFO] ThirdParty:1030 - CMSIS Pack Vendor :ITTIA_DB I-CUBE-ITTIADB 8.9.0
2025-04-12 09:47:04,687 [INFO] ThirdParty:1030 - CMSIS Pack Vendor :STMicroelectronics X-CUBE-TOUCHGFX 4.24.2
2025-04-12 09:47:04,687 [INFO] ThirdParty:1030 - CMSIS Pack Vendor :portGmbH I-Cube-SoM-uGOAL 1.1.0
2025-04-12 09:47:04,687 [INFO] ThirdParty:1030 - CMSIS Pack Vendor :STMicroelectronics X-CUBE-AI 10.0.0
2025-04-12 09:47:04,687 [INFO] ThirdParty:1030 - CMSIS Pack Vendor :STMicroelectronics ThreadX 1.0.0
2025-04-12 09:47:04,687 [INFO] ThirdParty:1030 - CMSIS Pack Vendor :STMicroelectronics FP-SNS-SMARTAG2 1.2.0
2025-04-12 09:47:04,687 [INFO] ThirdParty:1030 - CMSIS Pack Vendor :STMicroelectronics FP-SNS-FLIGHT1 5.1.0
2025-04-12 09:47:04,687 [INFO] ThirdParty:1030 - CMSIS Pack Vendor :STMicroelectronics X-CUBE-MEMS1 11.1.0
2025-04-12 09:47:04,687 [INFO] ThirdParty:1030 - CMSIS Pack Vendor :STMicroelectronics X-CUBE-AZRTOS-WL 2.0.0
2025-04-12 09:47:04,687 [INFO] ThirdParty:1030 - CMSIS Pack Vendor :SEGGER I-CUBE-embOS 1.3.1
2025-04-12 09:47:04,687 [INFO] ThirdParty:1030 - CMSIS Pack Vendor :STMicroelectronics X-CUBE-ALGOBUILD 1.4.0
2025-04-12 09:47:04,687 [INFO] ThirdParty:1030 - CMSIS Pack Vendor :STMicroelectronics X-CUBE-DPower 1.3.0
2025-04-12 09:47:04,687 [INFO] ThirdParty:1030 - CMSIS Pack Vendor :STMicroelectronics FP-SNS-MOTENV1 5.0.0
2025-04-12 09:47:04,687 [INFO] ThirdParty:1030 - CMSIS Pack Vendor :STMicroelectronics USB_DEVICE 1.0.0
2025-04-12 09:47:04,687 [INFO] ThirdParty:1030 - CMSIS Pack Vendor :STMicroelectronics X-CUBE-AZRTOS-H7RS 1.0.0
2025-04-12 09:47:04,689 [INFO] ThirdParty:1030 - CMSIS Pack Vendor :STMicroelectronics X-CUBE-AZRTOS-L4 2.0.0
2025-04-12 09:47:04,689 [INFO] ThirdParty:1030 - CMSIS Pack Vendor :STMicroelectronics ThreadX 0.0.2
2025-04-12 09:47:04,689 [INFO] ThirdParty:1030 - CMSIS Pack Vendor :WES I-CUBE-Cesium 1.3.0
2025-04-12 09:47:04,689 [INFO] ThirdParty:1030 - CMSIS Pack Vendor :STMicroelectronics lwIP 2.1.2
2025-04-12 09:47:04,689 [INFO] ThirdParty:1030 - CMSIS Pack Vendor :STMicroelectronics X-CUBE-SFXS2LP1 4.0.0
2025-04-12 09:47:04,689 [INFO] ThirdParty:1030 - CMSIS Pack Vendor :STMicroelectronics X-CUBE-BLE2 3.3.0
2025-04-12 09:47:04,689 [INFO] ThirdParty:1030 - CMSIS Pack Vendor :STMicroelectronics X-CUBE-TOF1 3.4.2
2025-04-12 09:47:04,689 [INFO] ThirdParty:1030 - CMSIS Pack Vendor :STMicroelectronics PDM2PCM 3.2.0
2025-04-12 09:47:04,689 [INFO] ThirdParty:841 - exiting critical section [change project]
2025-04-12 09:47:05,336 [INFO] PinOutPanel:1589 - setPackage(No Configuration,No Configuration)
2025-04-12 09:47:05,340 [INFO] PinOutPanel:1589 - setPackage(STM32F411RETx,LQFP64)
2025-04-12 09:47:06,211 [INFO] UtilMem:75 - Before build in PCC Used Memory: 624580816 Bytes (825229312)
2025-04-12 09:47:07,563 [INFO] UtilMem:75 - After build in PCC Used Memory: 423956632 Bytes (825229312)
2025-04-12 09:47:07,629 [INFO] IPUIPlugin:80 - create IPUIPlugin
2025-04-12 09:47:07,629 [INFO] IPUIPlugin:80 - create IPUIPlugin
2025-04-12 09:47:07,630 [INFO] IPUIPlugin:80 - create IPUIPlugin
2025-04-12 09:47:07,630 [INFO] IPUIPlugin:80 - create IPUIPlugin
2025-04-12 09:47:07,630 [INFO] IPUIPlugin:80 - create IPUIPlugin
2025-04-12 09:47:07,630 [INFO] IPUIPlugin:80 - create IPUIPlugin
2025-04-12 09:47:07,630 [INFO] IPUIPlugin:80 - create IPUIPlugin
2025-04-12 09:47:07,631 [INFO] IPUIPlugin:80 - create IPUIPlugin
2025-04-12 09:47:07,631 [INFO] IPUIPlugin:80 - create IPUIPlugin
2025-04-12 09:47:07,631 [INFO] IPUIPlugin:80 - create IPUIPlugin
2025-04-12 09:47:07,631 [INFO] IPUIPlugin:80 - create IPUIPlugin
2025-04-12 09:47:07,631 [INFO] IPUIPlugin:80 - create IPUIPlugin
2025-04-12 09:47:07,632 [INFO] IPUIPlugin:80 - create IPUIPlugin
2025-04-12 09:47:07,632 [INFO] IPUIPlugin:80 - create IPUIPlugin
2025-04-12 09:47:07,632 [INFO] IPUIPlugin:80 - create IPUIPlugin
2025-04-12 09:47:07,633 [INFO] IPUIPlugin:80 - create IPUIPlugin
2025-04-12 09:47:07,633 [INFO] IPUIPlugin:80 - create IPUIPlugin
2025-04-12 09:47:07,633 [INFO] IPUIPlugin:80 - create IPUIPlugin
2025-04-12 09:47:07,634 [INFO] IPUIPlugin:80 - create IPUIPlugin
2025-04-12 09:47:07,634 [INFO] IPUIPlugin:80 - create IPUIPlugin
2025-04-12 09:47:07,635 [INFO] IPUIPlugin:80 - create IPUIPlugin
2025-04-12 09:47:07,635 [INFO] IPUIPlugin:80 - create IPUIPlugin
2025-04-12 09:47:07,635 [INFO] IPUIPlugin:80 - create IPUIPlugin
2025-04-12 09:47:07,636 [INFO] IPUIPlugin:80 - create IPUIPlugin
2025-04-12 09:47:07,636 [INFO] IPUIPlugin:80 - create IPUIPlugin
2025-04-12 09:47:07,636 [INFO] IPUIPlugin:80 - create IPUIPlugin
2025-04-12 09:47:07,636 [INFO] IPUIPlugin:80 - create IPUIPlugin
2025-04-12 09:47:07,637 [INFO] IPUIPlugin:80 - create IPUIPlugin
2025-04-12 09:47:07,637 [INFO] IPUIPlugin:80 - create IPUIPlugin
2025-04-12 09:47:07,638 [INFO] IPUIPlugin:80 - create IPUIPlugin
2025-04-12 09:47:07,638 [INFO] IPUIPlugin:80 - create IPUIPlugin
2025-04-12 09:47:07,639 [INFO] IPUIPlugin:80 - create IPUIPlugin
2025-04-12 09:47:07,639 [INFO] IPUIPlugin:80 - create IPUIPlugin
2025-04-12 09:47:07,639 [INFO] IPUIPlugin:80 - create IPUIPlugin
2025-04-12 09:47:07,640 [INFO] IPUIPlugin:80 - create IPUIPlugin
2025-04-12 09:47:07,640 [INFO] IPUIPlugin:80 - create IPUIPlugin
2025-04-12 09:47:07,640 [INFO] IPUIPlugin:80 - create IPUIPlugin
2025-04-12 09:47:07,641 [INFO] IPUIPlugin:80 - create IPUIPlugin
2025-04-12 09:47:07,642 [INFO] IPUIPlugin:80 - create IPUIPlugin
2025-04-12 09:47:07,642 [INFO] IPUIPlugin:80 - create IPUIPlugin
2025-04-12 09:47:07,642 [INFO] IPUIPlugin:80 - create IPUIPlugin
2025-04-12 09:47:07,643 [INFO] IPUIPlugin:80 - create IPUIPlugin
2025-04-12 09:47:07,644 [INFO] IPUIPlugin:80 - create IPUIPlugin
2025-04-12 09:47:07,872 [INFO] ApiDbMcu:508 - Load IP Config File for PDM2PCM
2025-04-12 09:47:08,220 [INFO] CADModel:165 - CPN selected for project levelSTM32F411RET6
2025-04-12 09:47:08,221 [INFO] CADModel:114 - Register for checkConnection events
2025-04-12 09:47:08,289 [INFO] OpenFileManager:363 - Restore cursor
2025-04-12 09:47:09,417 [INFO] UtilMem:75 - End SaveConfig() Used Memory: 729480600 Bytes (825229312)
2025-04-12 09:47:09,578 [INFO] UtilMem:75 - End SaveConfig() Used Memory: 420255928 Bytes (825229312)
2025-04-12 09:47:10,650 [INFO] BlockDiagram:2766 - set Specific Code input for plugin: NVIC
2025-04-12 09:47:10,651 [INFO] BlockDiagram:2766 - set Specific Code input for plugin: USART
2025-04-12 09:47:10,651 [INFO] BlockDiagram:2766 - set Specific Code input for plugin: SYS
2025-04-12 09:47:10,652 [INFO] BlockDiagram:2766 - set Specific Code input for plugin: GPIO
2025-04-12 09:47:10,652 [INFO] BlockDiagram:2766 - set Specific Code input for plugin: RCC
2025-04-12 09:47:10,654 [INFO] CodeGenerator:896 - code generatio: config db path: C:\ST\STM32CubeIDE_1.17.0\STM32CubeIDE\plugins\com.st.stm32cube.common.mx_6.13.0.202411220809\\db\
2025-04-12 09:47:11,262 [INFO] CodeEngine:255 - oldGeneratedFile, C:\Users\Flori\Documents\Project\Tech\IT\firmware-development\NucleoF411RE-ApplicationShield\nucleo-AppShield\MXTmpFiles\license.tmp_save
2025-04-12 09:47:11,926 [INFO] CodeEngine:279 - Generated code: C:\Users\Flori\Documents\Project\Tech\IT\firmware-development\NucleoF411RE-ApplicationShield\nucleo-AppShield\MXTmpFiles\license.tmp
2025-04-12 09:47:12,013 [INFO] CodeEngine:255 - oldGeneratedFile, C:\Users\Flori\Documents\Project\Tech\IT\firmware-development\NucleoF411RE-ApplicationShield\nucleo-AppShield\MXTmpFiles\gpio.tmp_save
2025-04-12 09:47:12,439 [INFO] CodeEngine:279 - Generated code: C:\Users\Flori\Documents\Project\Tech\IT\firmware-development\NucleoF411RE-ApplicationShield\nucleo-AppShield\MXTmpFiles\gpio.tmp
2025-04-12 09:47:12,594 [INFO] CodeEngine:255 - oldGeneratedFile, C:\Users\Flori\Documents\Project\Tech\IT\firmware-development\NucleoF411RE-ApplicationShield\nucleo-AppShield\Core\Src\stm32f4xx_it.c_save
2025-04-12 09:47:12,874 [INFO] CodeEngine:279 - Generated code: C:\Users\Flori\Documents\Project\Tech\IT\firmware-development\NucleoF411RE-ApplicationShield\nucleo-AppShield\Core\Src\stm32f4xx_it.c
2025-04-12 09:47:12,883 [INFO] CodeEngine:255 - oldGeneratedFile, C:\Users\Flori\Documents\Project\Tech\IT\firmware-development\NucleoF411RE-ApplicationShield\nucleo-AppShield\Core\Inc\stm32f4xx_it.h_save
2025-04-12 09:47:13,035 [INFO] CodeEngine:279 - Generated code: C:\Users\Flori\Documents\Project\Tech\IT\firmware-development\NucleoF411RE-ApplicationShield\nucleo-AppShield\Core\Inc\stm32f4xx_it.h
2025-04-12 09:47:13,054 [INFO] CodeEngine:255 - oldGeneratedFile, C:\Users\Flori\Documents\Project\Tech\IT\firmware-development\NucleoF411RE-ApplicationShield\nucleo-AppShield\Core\Src\stm32f4xx_hal_msp.c_save
2025-04-12 09:47:13,293 [INFO] CodeEngine:279 - Generated code: C:\Users\Flori\Documents\Project\Tech\IT\firmware-development\NucleoF411RE-ApplicationShield\nucleo-AppShield\Core\Src\stm32f4xx_hal_msp.c
2025-04-12 09:47:13,302 [INFO] CodeEngine:255 - oldGeneratedFile, C:\Users\Flori\Documents\Project\Tech\IT\firmware-development\NucleoF411RE-ApplicationShield\nucleo-AppShield\MXTmpFiles\system.tmp_save
2025-04-12 09:47:13,403 [INFO] CodeEngine:279 - Generated code: C:\Users\Flori\Documents\Project\Tech\IT\firmware-development\NucleoF411RE-ApplicationShield\nucleo-AppShield\MXTmpFiles\system.tmp
2025-04-12 09:47:13,422 [INFO] CodeEngine:311 - oldGeneratedFile, C:\Users\Flori\Documents\Project\Tech\IT\firmware-development\NucleoF411RE-ApplicationShield\nucleo-AppShield\Core\Inc\stm32f4xx_hal_conf.h_save
2025-04-12 09:47:13,638 [INFO] CodeEngine:335 - Generated code: C:\Users\Flori\Documents\Project\Tech\IT\firmware-development\NucleoF411RE-ApplicationShield\nucleo-AppShield\Core\Inc\stm32f4xx_hal_conf.h
2025-04-12 09:47:13,739 [INFO] ApiDbMcu:508 - Load IP Config File for USART2
2025-04-12 09:47:13,756 [INFO] ApiDbMcu:508 - Load IP Config File for RCC
2025-04-12 09:47:13,773 [INFO] CodeEngine:255 - oldGeneratedFile, C:\Users\Flori\Documents\Project\Tech\IT\firmware-development\NucleoF411RE-ApplicationShield\nucleo-AppShield\Core\Inc\main.h_save
2025-04-12 09:47:13,991 [INFO] CodeEngine:279 - Generated code: C:\Users\Flori\Documents\Project\Tech\IT\firmware-development\NucleoF411RE-ApplicationShield\nucleo-AppShield\Core\Inc\main.h
2025-04-12 09:47:13,998 [INFO] CodeEngine:255 - oldGeneratedFile, C:\Users\Flori\Documents\Project\Tech\IT\firmware-development\NucleoF411RE-ApplicationShield\nucleo-AppShield\Core\Src\main.c_save
2025-04-12 09:47:14,227 [INFO] CodeEngine:279 - Generated code: C:\Users\Flori\Documents\Project\Tech\IT\firmware-development\NucleoF411RE-ApplicationShield\nucleo-AppShield\Core\Src\main.c
2025-04-12 09:47:14,784 [INFO] ProjectBuilder:3289 - Time for Copy HAL[1] : 245mS.
2025-04-12 09:47:14,794 [INFO] ProjectBuilder:4876 - Project Generator version: 4.5.0-RC5
2025-04-12 09:47:14,988 [INFO] ConfigFileManager:1579 - The Die is : DIE431
2025-04-12 09:47:15,013 [INFO] ApiDbMcu:508 - Load IP Config File for FATFS
2025-04-12 09:47:15,056 [INFO] ApiDbMcu:508 - Load IP Config File for FREERTOS
2025-04-12 09:47:15,066 [INFO] ApiDbMcu:508 - Load IP Config File for LIBJPEG
2025-04-12 09:47:15,144 [INFO] ApiDbMcu:508 - Load IP Config File for MBEDTLS
2025-04-12 09:47:15,211 [INFO] ApiDbMcu:508 - Load IP Config File for USB_DEVICE
2025-04-12 09:47:15,236 [INFO] ApiDbMcu:508 - Load IP Config File for USB_HOST
2025-04-12 09:47:16,006 [INFO] LogOutputStream:77 - [STDOUT_REDIRECT] 
2025-04-12 09:47:19,814 [INFO] ProjectBuilder:5154 - Time for Generating toolchain IDE Files: 5019mS.
2025-04-12 09:47:19,816 [INFO] ProjectBuilder:3146 - Time for Copy CMSIS : 1mS.
2025-04-12 09:47:19,819 [INFO] ProjectBuilder:3146 - Time for Copy CMSIS : 0mS.
2025-04-12 09:47:22,329 [INFO] McuFinderGlobals:76 - Set McuFinderConnectedMode to true
2025-04-12 09:47:22,334 [INFO] ApiDb:448 - Save user favorites file C:\Users\Flori/.stm32cubeide/favorites.mcus.txt: 0 item(s)
2025-04-12 09:47:22,335 [INFO] ApiDb:452 - User favorites MCUs=[]
2025-04-12 09:47:22,337 [INFO] ApiDb:448 - Save user favorites file C:\Users\Flori/.stm32cubeide/favorites.boards.txt: 0 item(s)
2025-04-12 09:47:22,337 [INFO] ApiDb:452 - User favorites Boards=[]
2025-04-12 09:52:47,305 [INFO] DmaTabbedPanel:205 - Cannot restore the selected Tab for DMA
2025-04-12 09:52:47,798 [INFO] Gpio:277 - dependency for GPIO [RCC, SYS, USART2]
2025-04-12 09:52:55,124 [INFO] UtilMem:75 - End SaveConfig() Used Memory: 954559736 Bytes (1073741824)
2025-04-12 09:52:56,629 [INFO] UtilMem:75 - End SaveConfig() Used Memory: 1004639728 Bytes (1073741824)
2025-04-12 09:52:58,618 [INFO] UtilMem:75 - End SaveConfig() Used Memory: 911650936 Bytes (1073741824)
2025-04-12 09:52:58,942 [INFO] BlockDiagram:2766 - set Specific Code input for plugin: NVIC
2025-04-12 09:52:58,942 [INFO] BlockDiagram:2766 - set Specific Code input for plugin: USART
2025-04-12 09:52:58,943 [INFO] BlockDiagram:2766 - set Specific Code input for plugin: SYS
2025-04-12 09:52:58,944 [INFO] BlockDiagram:2766 - set Specific Code input for plugin: GPIO
2025-04-12 09:52:58,944 [INFO] BlockDiagram:2766 - set Specific Code input for plugin: RCC
2025-04-12 09:52:58,947 [INFO] CodeGenerator:896 - code generatio: config db path: C:\ST\STM32CubeIDE_1.17.0\STM32CubeIDE\plugins\com.st.stm32cube.common.mx_6.13.0.202411220809\\db\
2025-04-12 09:52:59,043 [INFO] CodeEngine:255 - oldGeneratedFile, C:\Users\Flori\Documents\Project\Tech\IT\firmware-development\NucleoF411RE-ApplicationShield\nucleo-AppShield\MXTmpFiles\license.tmp_save
2025-04-12 09:52:59,206 [INFO] CodeEngine:279 - Generated code: C:\Users\Flori\Documents\Project\Tech\IT\firmware-development\NucleoF411RE-ApplicationShield\nucleo-AppShield\MXTmpFiles\license.tmp
2025-04-12 09:52:59,238 [INFO] CodeEngine:255 - oldGeneratedFile, C:\Users\Flori\Documents\Project\Tech\IT\firmware-development\NucleoF411RE-ApplicationShield\nucleo-AppShield\MXTmpFiles\gpio.tmp_save
2025-04-12 09:52:59,406 [INFO] CodeEngine:279 - Generated code: C:\Users\Flori\Documents\Project\Tech\IT\firmware-development\NucleoF411RE-ApplicationShield\nucleo-AppShield\MXTmpFiles\gpio.tmp
2025-04-12 09:52:59,491 [INFO] CodeEngine:255 - oldGeneratedFile, C:\Users\Flori\Documents\Project\Tech\IT\firmware-development\NucleoF411RE-ApplicationShield\nucleo-AppShield\Core\Src\stm32f4xx_it.c_save
2025-04-12 09:52:59,708 [INFO] CodeEngine:279 - Generated code: C:\Users\Flori\Documents\Project\Tech\IT\firmware-development\NucleoF411RE-ApplicationShield\nucleo-AppShield\Core\Src\stm32f4xx_it.c
2025-04-12 09:52:59,717 [INFO] CodeEngine:255 - oldGeneratedFile, C:\Users\Flori\Documents\Project\Tech\IT\firmware-development\NucleoF411RE-ApplicationShield\nucleo-AppShield\Core\Inc\stm32f4xx_it.h_save
2025-04-12 09:52:59,793 [INFO] CodeEngine:279 - Generated code: C:\Users\Flori\Documents\Project\Tech\IT\firmware-development\NucleoF411RE-ApplicationShield\nucleo-AppShield\Core\Inc\stm32f4xx_it.h
2025-04-12 09:52:59,824 [INFO] CodeEngine:255 - oldGeneratedFile, C:\Users\Flori\Documents\Project\Tech\IT\firmware-development\NucleoF411RE-ApplicationShield\nucleo-AppShield\Core\Src\stm32f4xx_hal_msp.c_save
2025-04-12 09:52:59,959 [INFO] CodeEngine:279 - Generated code: C:\Users\Flori\Documents\Project\Tech\IT\firmware-development\NucleoF411RE-ApplicationShield\nucleo-AppShield\Core\Src\stm32f4xx_hal_msp.c
2025-04-12 09:52:59,967 [INFO] CodeEngine:255 - oldGeneratedFile, C:\Users\Flori\Documents\Project\Tech\IT\firmware-development\NucleoF411RE-ApplicationShield\nucleo-AppShield\MXTmpFiles\system.tmp_save
2025-04-12 09:53:00,029 [INFO] CodeEngine:279 - Generated code: C:\Users\Flori\Documents\Project\Tech\IT\firmware-development\NucleoF411RE-ApplicationShield\nucleo-AppShield\MXTmpFiles\system.tmp
2025-04-12 09:53:00,052 [INFO] CodeEngine:311 - oldGeneratedFile, C:\Users\Flori\Documents\Project\Tech\IT\firmware-development\NucleoF411RE-ApplicationShield\nucleo-AppShield\Core\Inc\stm32f4xx_hal_conf.h_save
2025-04-12 09:53:00,164 [INFO] CodeEngine:335 - Generated code: C:\Users\Flori\Documents\Project\Tech\IT\firmware-development\NucleoF411RE-ApplicationShield\nucleo-AppShield\Core\Inc\stm32f4xx_hal_conf.h
2025-04-12 09:53:00,231 [INFO] CodeEngine:255 - oldGeneratedFile, C:\Users\Flori\Documents\Project\Tech\IT\firmware-development\NucleoF411RE-ApplicationShield\nucleo-AppShield\Core\Inc\main.h_save
2025-04-12 09:53:00,333 [INFO] CodeEngine:279 - Generated code: C:\Users\Flori\Documents\Project\Tech\IT\firmware-development\NucleoF411RE-ApplicationShield\nucleo-AppShield\Core\Inc\main.h
2025-04-12 09:53:00,353 [INFO] CodeEngine:255 - oldGeneratedFile, C:\Users\Flori\Documents\Project\Tech\IT\firmware-development\NucleoF411RE-ApplicationShield\nucleo-AppShield\Core\Src\main.c_save
2025-04-12 09:53:00,554 [INFO] CodeEngine:279 - Generated code: C:\Users\Flori\Documents\Project\Tech\IT\firmware-development\NucleoF411RE-ApplicationShield\nucleo-AppShield\Core\Src\main.c
2025-04-12 09:53:00,982 [INFO] ProjectBuilder:3289 - Time for Copy HAL[1] : 187mS.
2025-04-12 09:53:00,987 [INFO] ProjectBuilder:4876 - Project Generator version: 4.5.0-RC5
2025-04-12 09:53:01,113 [INFO] ConfigFileManager:1579 - The Die is : DIE431
2025-04-12 09:53:02,308 [INFO] ProjectBuilder:5154 - Time for Generating toolchain IDE Files: 1321mS.
2025-04-12 09:53:02,309 [INFO] ProjectBuilder:3146 - Time for Copy CMSIS : 1mS.
2025-04-12 09:53:02,312 [INFO] ProjectBuilder:3146 - Time for Copy CMSIS : 0mS.
2025-04-12 09:53:11,307 [INFO] UtilMem:75 - End SaveConfig() Used Memory: 778787088 Bytes (1073741824)
2025-04-12 09:53:12,731 [INFO] UtilMem:75 - End SaveConfig() Used Memory: 821165104 Bytes (1073741824)
2025-04-12 09:53:14,052 [INFO] UtilMem:75 - End SaveConfig() Used Memory: 884166928 Bytes (1073741824)
2025-04-12 09:53:14,329 [INFO] BlockDiagram:2766 - set Specific Code input for plugin: NVIC
2025-04-12 09:53:14,329 [INFO] BlockDiagram:2766 - set Specific Code input for plugin: USART
2025-04-12 09:53:14,329 [INFO] BlockDiagram:2766 - set Specific Code input for plugin: SYS
2025-04-12 09:53:14,330 [INFO] BlockDiagram:2766 - set Specific Code input for plugin: GPIO
2025-04-12 09:53:14,330 [INFO] BlockDiagram:2766 - set Specific Code input for plugin: RCC
2025-04-12 09:53:14,332 [INFO] CodeGenerator:896 - code generatio: config db path: C:\ST\STM32CubeIDE_1.17.0\STM32CubeIDE\plugins\com.st.stm32cube.common.mx_6.13.0.202411220809\\db\
2025-04-12 09:53:14,435 [INFO] CodeEngine:255 - oldGeneratedFile, C:\Users\Flori\Documents\Project\Tech\IT\firmware-development\NucleoF411RE-ApplicationShield\nucleo-AppShield\MXTmpFiles\license.tmp_save
2025-04-12 09:53:14,534 [INFO] CodeEngine:279 - Generated code: C:\Users\Flori\Documents\Project\Tech\IT\firmware-development\NucleoF411RE-ApplicationShield\nucleo-AppShield\MXTmpFiles\license.tmp
2025-04-12 09:53:14,555 [INFO] CodeEngine:255 - oldGeneratedFile, C:\Users\Flori\Documents\Project\Tech\IT\firmware-development\NucleoF411RE-ApplicationShield\nucleo-AppShield\MXTmpFiles\gpio.tmp_save
2025-04-12 09:53:14,666 [INFO] CodeEngine:279 - Generated code: C:\Users\Flori\Documents\Project\Tech\IT\firmware-development\NucleoF411RE-ApplicationShield\nucleo-AppShield\MXTmpFiles\gpio.tmp
2025-04-12 09:53:14,736 [INFO] CodeEngine:255 - oldGeneratedFile, C:\Users\Flori\Documents\Project\Tech\IT\firmware-development\NucleoF411RE-ApplicationShield\nucleo-AppShield\Core\Src\stm32f4xx_it.c_save
2025-04-12 09:53:14,820 [INFO] CodeEngine:279 - Generated code: C:\Users\Flori\Documents\Project\Tech\IT\firmware-development\NucleoF411RE-ApplicationShield\nucleo-AppShield\Core\Src\stm32f4xx_it.c
2025-04-12 09:53:14,828 [INFO] CodeEngine:255 - oldGeneratedFile, C:\Users\Flori\Documents\Project\Tech\IT\firmware-development\NucleoF411RE-ApplicationShield\nucleo-AppShield\Core\Inc\stm32f4xx_it.h_save
2025-04-12 09:53:14,886 [INFO] CodeEngine:279 - Generated code: C:\Users\Flori\Documents\Project\Tech\IT\firmware-development\NucleoF411RE-ApplicationShield\nucleo-AppShield\Core\Inc\stm32f4xx_it.h
2025-04-12 09:53:14,912 [INFO] CodeEngine:255 - oldGeneratedFile, C:\Users\Flori\Documents\Project\Tech\IT\firmware-development\NucleoF411RE-ApplicationShield\nucleo-AppShield\Core\Src\stm32f4xx_hal_msp.c_save
2025-04-12 09:53:15,015 [INFO] CodeEngine:279 - Generated code: C:\Users\Flori\Documents\Project\Tech\IT\firmware-development\NucleoF411RE-ApplicationShield\nucleo-AppShield\Core\Src\stm32f4xx_hal_msp.c
2025-04-12 09:53:15,020 [INFO] CodeEngine:255 - oldGeneratedFile, C:\Users\Flori\Documents\Project\Tech\IT\firmware-development\NucleoF411RE-ApplicationShield\nucleo-AppShield\MXTmpFiles\system.tmp_save
2025-04-12 09:53:15,079 [INFO] CodeEngine:279 - Generated code: C:\Users\Flori\Documents\Project\Tech\IT\firmware-development\NucleoF411RE-ApplicationShield\nucleo-AppShield\MXTmpFiles\system.tmp
2025-04-12 09:53:15,103 [INFO] CodeEngine:311 - oldGeneratedFile, C:\Users\Flori\Documents\Project\Tech\IT\firmware-development\NucleoF411RE-ApplicationShield\nucleo-AppShield\Core\Inc\stm32f4xx_hal_conf.h_save
2025-04-12 09:53:15,211 [INFO] CodeEngine:335 - Generated code: C:\Users\Flori\Documents\Project\Tech\IT\firmware-development\NucleoF411RE-ApplicationShield\nucleo-AppShield\Core\Inc\stm32f4xx_hal_conf.h
2025-04-12 09:53:15,268 [INFO] CodeEngine:255 - oldGeneratedFile, C:\Users\Flori\Documents\Project\Tech\IT\firmware-development\NucleoF411RE-ApplicationShield\nucleo-AppShield\Core\Inc\main.h_save
2025-04-12 09:53:15,343 [INFO] CodeEngine:279 - Generated code: C:\Users\Flori\Documents\Project\Tech\IT\firmware-development\NucleoF411RE-ApplicationShield\nucleo-AppShield\Core\Inc\main.h
2025-04-12 09:53:15,360 [INFO] CodeEngine:255 - oldGeneratedFile, C:\Users\Flori\Documents\Project\Tech\IT\firmware-development\NucleoF411RE-ApplicationShield\nucleo-AppShield\Core\Src\main.c_save
2025-04-12 09:53:15,448 [INFO] CodeEngine:279 - Generated code: C:\Users\Flori\Documents\Project\Tech\IT\firmware-development\NucleoF411RE-ApplicationShield\nucleo-AppShield\Core\Src\main.c
2025-04-12 09:53:15,808 [INFO] ProjectBuilder:3289 - Time for Copy HAL[1] : 171mS.
2025-04-12 09:53:15,814 [INFO] ProjectBuilder:4876 - Project Generator version: 4.5.0-RC5
2025-04-12 09:53:15,898 [INFO] ConfigFileManager:1579 - The Die is : DIE431
2025-04-12 09:53:16,843 [INFO] ProjectBuilder:5154 - Time for Generating toolchain IDE Files: 1029mS.
2025-04-12 09:53:16,845 [INFO] ProjectBuilder:3146 - Time for Copy CMSIS : 0mS.
2025-04-12 09:53:16,848 [INFO] ProjectBuilder:3146 - Time for Copy CMSIS : 0mS.
2025-04-12 09:53:41,181 [INFO] UtilMem:75 - End SaveConfig() Used Memory: 980047952 Bytes (1073741824)
2025-04-12 09:53:42,581 [INFO] UtilMem:75 - End SaveConfig() Used Memory: 1000493136 Bytes (1073741824)
2025-04-12 09:53:44,446 [INFO] UtilMem:75 - End SaveConfig() Used Memory: 1034047568 Bytes (1073741824)
2025-04-12 09:53:44,741 [INFO] BlockDiagram:2766 - set Specific Code input for plugin: NVIC
2025-04-12 09:53:44,741 [INFO] BlockDiagram:2766 - set Specific Code input for plugin: USART
2025-04-12 09:53:44,741 [INFO] BlockDiagram:2766 - set Specific Code input for plugin: SYS
2025-04-12 09:53:44,741 [INFO] BlockDiagram:2766 - set Specific Code input for plugin: GPIO
2025-04-12 09:53:44,741 [INFO] BlockDiagram:2766 - set Specific Code input for plugin: RCC
2025-04-12 09:53:44,743 [INFO] CodeGenerator:896 - code generatio: config db path: C:\ST\STM32CubeIDE_1.17.0\STM32CubeIDE\plugins\com.st.stm32cube.common.mx_6.13.0.202411220809\\db\
2025-04-12 09:53:44,833 [INFO] CodeEngine:255 - oldGeneratedFile, C:\Users\Flori\Documents\Project\Tech\IT\firmware-development\NucleoF411RE-ApplicationShield\nucleo-AppShield\MXTmpFiles\license.tmp_save
2025-04-12 09:53:44,911 [INFO] CodeEngine:279 - Generated code: C:\Users\Flori\Documents\Project\Tech\IT\firmware-development\NucleoF411RE-ApplicationShield\nucleo-AppShield\MXTmpFiles\license.tmp
2025-04-12 09:53:44,942 [INFO] CodeEngine:255 - oldGeneratedFile, C:\Users\Flori\Documents\Project\Tech\IT\firmware-development\NucleoF411RE-ApplicationShield\nucleo-AppShield\Core\Src\gpio.c_save
2025-04-12 09:53:45,052 [INFO] CodeEngine:279 - Generated code: C:\Users\Flori\Documents\Project\Tech\IT\firmware-development\NucleoF411RE-ApplicationShield\nucleo-AppShield\Core\Src\gpio.c
2025-04-12 09:53:45,059 [INFO] CodeEngine:255 - oldGeneratedFile, C:\Users\Flori\Documents\Project\Tech\IT\firmware-development\NucleoF411RE-ApplicationShield\nucleo-AppShield\Core\Inc\gpio.h_save
2025-04-12 09:53:45,120 [INFO] CodeEngine:279 - Generated code: C:\Users\Flori\Documents\Project\Tech\IT\firmware-development\NucleoF411RE-ApplicationShield\nucleo-AppShield\Core\Inc\gpio.h
2025-04-12 09:53:45,169 [INFO] CodeEngine:255 - oldGeneratedFile, C:\Users\Flori\Documents\Project\Tech\IT\firmware-development\NucleoF411RE-ApplicationShield\nucleo-AppShield\Core\Src\usart.c_save
2025-04-12 09:53:45,252 [INFO] CodeEngine:279 - Generated code: C:\Users\Flori\Documents\Project\Tech\IT\firmware-development\NucleoF411RE-ApplicationShield\nucleo-AppShield\Core\Src\usart.c
2025-04-12 09:53:45,269 [INFO] CodeEngine:255 - oldGeneratedFile, C:\Users\Flori\Documents\Project\Tech\IT\firmware-development\NucleoF411RE-ApplicationShield\nucleo-AppShield\Core\Inc\usart.h_save
2025-04-12 09:53:45,329 [INFO] CodeEngine:279 - Generated code: C:\Users\Flori\Documents\Project\Tech\IT\firmware-development\NucleoF411RE-ApplicationShield\nucleo-AppShield\Core\Inc\usart.h
2025-04-12 09:53:45,350 [INFO] CodeEngine:255 - oldGeneratedFile, C:\Users\Flori\Documents\Project\Tech\IT\firmware-development\NucleoF411RE-ApplicationShield\nucleo-AppShield\Core\Src\stm32f4xx_it.c_save
2025-04-12 09:53:45,427 [INFO] CodeEngine:279 - Generated code: C:\Users\Flori\Documents\Project\Tech\IT\firmware-development\NucleoF411RE-ApplicationShield\nucleo-AppShield\Core\Src\stm32f4xx_it.c
2025-04-12 09:53:45,432 [INFO] CodeEngine:255 - oldGeneratedFile, C:\Users\Flori\Documents\Project\Tech\IT\firmware-development\NucleoF411RE-ApplicationShield\nucleo-AppShield\Core\Inc\stm32f4xx_it.h_save
2025-04-12 09:53:45,486 [INFO] CodeEngine:279 - Generated code: C:\Users\Flori\Documents\Project\Tech\IT\firmware-development\NucleoF411RE-ApplicationShield\nucleo-AppShield\Core\Inc\stm32f4xx_it.h
2025-04-12 09:53:45,510 [INFO] CodeEngine:255 - oldGeneratedFile, C:\Users\Flori\Documents\Project\Tech\IT\firmware-development\NucleoF411RE-ApplicationShield\nucleo-AppShield\Core\Src\stm32f4xx_hal_msp.c_save
2025-04-12 09:53:45,593 [INFO] CodeEngine:279 - Generated code: C:\Users\Flori\Documents\Project\Tech\IT\firmware-development\NucleoF411RE-ApplicationShield\nucleo-AppShield\Core\Src\stm32f4xx_hal_msp.c
2025-04-12 09:53:45,596 [INFO] CodeEngine:255 - oldGeneratedFile, C:\Users\Flori\Documents\Project\Tech\IT\firmware-development\NucleoF411RE-ApplicationShield\nucleo-AppShield\MXTmpFiles\system.tmp_save
2025-04-12 09:53:45,648 [INFO] CodeEngine:279 - Generated code: C:\Users\Flori\Documents\Project\Tech\IT\firmware-development\NucleoF411RE-ApplicationShield\nucleo-AppShield\MXTmpFiles\system.tmp
2025-04-12 09:53:45,670 [INFO] CodeEngine:311 - oldGeneratedFile, C:\Users\Flori\Documents\Project\Tech\IT\firmware-development\NucleoF411RE-ApplicationShield\nucleo-AppShield\Core\Inc\stm32f4xx_hal_conf.h_save
2025-04-12 09:53:45,782 [INFO] CodeEngine:335 - Generated code: C:\Users\Flori\Documents\Project\Tech\IT\firmware-development\NucleoF411RE-ApplicationShield\nucleo-AppShield\Core\Inc\stm32f4xx_hal_conf.h
2025-04-12 09:53:45,841 [INFO] CodeEngine:255 - oldGeneratedFile, C:\Users\Flori\Documents\Project\Tech\IT\firmware-development\NucleoF411RE-ApplicationShield\nucleo-AppShield\Core\Inc\main.h_save
2025-04-12 09:53:45,934 [INFO] CodeEngine:279 - Generated code: C:\Users\Flori\Documents\Project\Tech\IT\firmware-development\NucleoF411RE-ApplicationShield\nucleo-AppShield\Core\Inc\main.h
2025-04-12 09:53:45,953 [INFO] CodeEngine:255 - oldGeneratedFile, C:\Users\Flori\Documents\Project\Tech\IT\firmware-development\NucleoF411RE-ApplicationShield\nucleo-AppShield\Core\Src\main.c_save
2025-04-12 09:53:46,054 [INFO] CodeEngine:279 - Generated code: C:\Users\Flori\Documents\Project\Tech\IT\firmware-development\NucleoF411RE-ApplicationShield\nucleo-AppShield\Core\Src\main.c
2025-04-12 09:53:46,406 [INFO] ProjectBuilder:3289 - Time for Copy HAL[1] : 157mS.
2025-04-12 09:53:46,410 [INFO] ProjectBuilder:4876 - Project Generator version: 4.5.0-RC5
2025-04-12 09:53:46,498 [INFO] ConfigFileManager:1579 - The Die is : DIE431
2025-04-12 09:53:47,466 [INFO] ProjectBuilder:5154 - Time for Generating toolchain IDE Files: 1056mS.
2025-04-12 09:53:47,467 [INFO] ProjectBuilder:3146 - Time for Copy CMSIS : 1mS.
2025-04-12 09:53:47,470 [INFO] ProjectBuilder:3146 - Time for Copy CMSIS : 0mS.
2025-04-12 09:55:40,400 [INFO] Gpio:277 - dependency for GPIO [RCC, SYS, USART2]
2025-04-12 09:55:40,485 [INFO] NvicIntPanel:101 - NVIC parent = com.st.microxplorer.plugins.ip.nvic.MultiNvicIntPanel[,0,0,0x0,invalid,layout=javax.swing.BoxLayout,alignmentX=0.0,alignmentY=0.0,border=,flags=9,maximumSize=,minimumSize=,preferredSize=]
2025-04-12 09:56:01,788 [INFO] UtilMem:75 - End SaveConfig() Used Memory: 896955408 Bytes (1073741824)
2025-04-12 09:56:03,223 [INFO] UtilMem:75 - End SaveConfig() Used Memory: 920429520 Bytes (1073741824)
2025-04-12 09:56:04,946 [INFO] UtilMem:75 - End SaveConfig() Used Memory: 988586960 Bytes (1073741824)
2025-04-12 09:56:05,454 [INFO] BlockDiagram:2766 - set Specific Code input for plugin: NVIC
2025-04-12 09:56:05,454 [INFO] BlockDiagram:2766 - set Specific Code input for plugin: USART
2025-04-12 09:56:05,454 [INFO] BlockDiagram:2766 - set Specific Code input for plugin: SYS
2025-04-12 09:56:05,455 [INFO] BlockDiagram:2766 - set Specific Code input for plugin: GPIO
2025-04-12 09:56:05,455 [INFO] BlockDiagram:2766 - set Specific Code input for plugin: RCC
2025-04-12 09:56:05,456 [INFO] CodeGenerator:896 - code generatio: config db path: C:\ST\STM32CubeIDE_1.17.0\STM32CubeIDE\plugins\com.st.stm32cube.common.mx_6.13.0.202411220809\\db\
2025-04-12 09:56:05,565 [INFO] CodeEngine:255 - oldGeneratedFile, C:\Users\Flori\Documents\Project\Tech\IT\firmware-development\NucleoF411RE-ApplicationShield\nucleo-AppShield\MXTmpFiles\license.tmp_save
2025-04-12 09:56:05,775 [INFO] CodeEngine:279 - Generated code: C:\Users\Flori\Documents\Project\Tech\IT\firmware-development\NucleoF411RE-ApplicationShield\nucleo-AppShield\MXTmpFiles\license.tmp
2025-04-12 09:56:05,839 [INFO] CodeEngine:255 - oldGeneratedFile, C:\Users\Flori\Documents\Project\Tech\IT\firmware-development\NucleoF411RE-ApplicationShield\nucleo-AppShield\Core\Src\gpio.c_save
2025-04-12 09:56:06,005 [INFO] CodeEngine:279 - Generated code: C:\Users\Flori\Documents\Project\Tech\IT\firmware-development\NucleoF411RE-ApplicationShield\nucleo-AppShield\Core\Src\gpio.c
2025-04-12 09:56:06,015 [INFO] CodeEngine:255 - oldGeneratedFile, C:\Users\Flori\Documents\Project\Tech\IT\firmware-development\NucleoF411RE-ApplicationShield\nucleo-AppShield\Core\Inc\gpio.h_save
2025-04-12 09:56:06,116 [INFO] CodeEngine:279 - Generated code: C:\Users\Flori\Documents\Project\Tech\IT\firmware-development\NucleoF411RE-ApplicationShield\nucleo-AppShield\Core\Inc\gpio.h
2025-04-12 09:56:06,222 [INFO] CodeEngine:255 - oldGeneratedFile, C:\Users\Flori\Documents\Project\Tech\IT\firmware-development\NucleoF411RE-ApplicationShield\nucleo-AppShield\Core\Src\usart.c_save
2025-04-12 09:56:06,374 [INFO] CodeEngine:279 - Generated code: C:\Users\Flori\Documents\Project\Tech\IT\firmware-development\NucleoF411RE-ApplicationShield\nucleo-AppShield\Core\Src\usart.c
2025-04-12 09:56:06,385 [INFO] CodeEngine:255 - oldGeneratedFile, C:\Users\Flori\Documents\Project\Tech\IT\firmware-development\NucleoF411RE-ApplicationShield\nucleo-AppShield\Core\Inc\usart.h_save
2025-04-12 09:56:06,478 [INFO] CodeEngine:279 - Generated code: C:\Users\Flori\Documents\Project\Tech\IT\firmware-development\NucleoF411RE-ApplicationShield\nucleo-AppShield\Core\Inc\usart.h
2025-04-12 09:56:06,511 [INFO] CodeEngine:255 - oldGeneratedFile, C:\Users\Flori\Documents\Project\Tech\IT\firmware-development\NucleoF411RE-ApplicationShield\nucleo-AppShield\Core\Src\stm32f4xx_it.c_save
2025-04-12 09:56:06,631 [INFO] CodeEngine:279 - Generated code: C:\Users\Flori\Documents\Project\Tech\IT\firmware-development\NucleoF411RE-ApplicationShield\nucleo-AppShield\Core\Src\stm32f4xx_it.c
2025-04-12 09:56:06,638 [INFO] CodeEngine:255 - oldGeneratedFile, C:\Users\Flori\Documents\Project\Tech\IT\firmware-development\NucleoF411RE-ApplicationShield\nucleo-AppShield\Core\Inc\stm32f4xx_it.h_save
2025-04-12 09:56:06,739 [INFO] CodeEngine:279 - Generated code: C:\Users\Flori\Documents\Project\Tech\IT\firmware-development\NucleoF411RE-ApplicationShield\nucleo-AppShield\Core\Inc\stm32f4xx_it.h
2025-04-12 09:56:06,775 [INFO] CodeEngine:255 - oldGeneratedFile, C:\Users\Flori\Documents\Project\Tech\IT\firmware-development\NucleoF411RE-ApplicationShield\nucleo-AppShield\Core\Src\stm32f4xx_hal_msp.c_save
2025-04-12 09:56:06,904 [INFO] CodeEngine:279 - Generated code: C:\Users\Flori\Documents\Project\Tech\IT\firmware-development\NucleoF411RE-ApplicationShield\nucleo-AppShield\Core\Src\stm32f4xx_hal_msp.c
2025-04-12 09:56:06,909 [INFO] CodeEngine:255 - oldGeneratedFile, C:\Users\Flori\Documents\Project\Tech\IT\firmware-development\NucleoF411RE-ApplicationShield\nucleo-AppShield\MXTmpFiles\system.tmp_save
2025-04-12 09:56:06,987 [INFO] CodeEngine:279 - Generated code: C:\Users\Flori\Documents\Project\Tech\IT\firmware-development\NucleoF411RE-ApplicationShield\nucleo-AppShield\MXTmpFiles\system.tmp
2025-04-12 09:56:07,018 [INFO] CodeEngine:311 - oldGeneratedFile, C:\Users\Flori\Documents\Project\Tech\IT\firmware-development\NucleoF411RE-ApplicationShield\nucleo-AppShield\Core\Inc\stm32f4xx_hal_conf.h_save
2025-04-12 09:56:07,158 [INFO] CodeEngine:335 - Generated code: C:\Users\Flori\Documents\Project\Tech\IT\firmware-development\NucleoF411RE-ApplicationShield\nucleo-AppShield\Core\Inc\stm32f4xx_hal_conf.h
2025-04-12 09:56:07,232 [INFO] CodeEngine:255 - oldGeneratedFile, C:\Users\Flori\Documents\Project\Tech\IT\firmware-development\NucleoF411RE-ApplicationShield\nucleo-AppShield\Core\Inc\main.h_save
2025-04-12 09:56:07,385 [INFO] CodeEngine:279 - Generated code: C:\Users\Flori\Documents\Project\Tech\IT\firmware-development\NucleoF411RE-ApplicationShield\nucleo-AppShield\Core\Inc\main.h
2025-04-12 09:56:07,410 [INFO] CodeEngine:255 - oldGeneratedFile, C:\Users\Flori\Documents\Project\Tech\IT\firmware-development\NucleoF411RE-ApplicationShield\nucleo-AppShield\Core\Src\main.c_save
2025-04-12 09:56:07,533 [INFO] CodeEngine:279 - Generated code: C:\Users\Flori\Documents\Project\Tech\IT\firmware-development\NucleoF411RE-ApplicationShield\nucleo-AppShield\Core\Src\main.c
2025-04-12 09:56:07,980 [INFO] ProjectBuilder:3289 - Time for Copy HAL[1] : 219mS.
2025-04-12 09:56:07,986 [INFO] ProjectBuilder:4876 - Project Generator version: 4.5.0-RC5
2025-04-12 09:56:08,091 [INFO] ConfigFileManager:1579 - The Die is : DIE431
2025-04-12 09:56:09,800 [INFO] ProjectBuilder:5154 - Time for Generating toolchain IDE Files: 1813mS.
2025-04-12 09:56:09,801 [INFO] ProjectBuilder:3146 - Time for Copy CMSIS : 1mS.
2025-04-12 09:56:09,804 [INFO] ProjectBuilder:3146 - Time for Copy CMSIS : 0mS.
2025-04-12 09:56:24,873 [INFO] Gpio:277 - dependency for GPIO [RCC, SYS, USART2]
2025-04-12 09:56:24,946 [INFO] NvicIntPanel:101 - NVIC parent = com.st.microxplorer.plugins.ip.nvic.MultiNvicIntPanel[,0,0,0x0,invalid,layout=javax.swing.BoxLayout,alignmentX=0.0,alignmentY=0.0,border=,flags=9,maximumSize=,minimumSize=,preferredSize=]
2025-04-12 09:56:30,751 [INFO] UtilMem:75 - End SaveConfig() Used Memory: 760442232 Bytes (1073741824)
2025-04-12 09:56:32,244 [INFO] UtilMem:75 - End SaveConfig() Used Memory: 694823056 Bytes (1073741824)
2025-04-12 09:56:33,662 [INFO] UtilMem:75 - End SaveConfig() Used Memory: 753021072 Bytes (1073741824)
2025-04-12 09:56:34,208 [INFO] BlockDiagram:2766 - set Specific Code input for plugin: NVIC
2025-04-12 09:56:34,209 [INFO] BlockDiagram:2766 - set Specific Code input for plugin: USART
2025-04-12 09:56:34,209 [INFO] BlockDiagram:2766 - set Specific Code input for plugin: SYS
2025-04-12 09:56:34,209 [INFO] BlockDiagram:2766 - set Specific Code input for plugin: GPIO
2025-04-12 09:56:34,209 [INFO] BlockDiagram:2766 - set Specific Code input for plugin: RCC
2025-04-12 09:56:34,211 [INFO] CodeGenerator:896 - code generatio: config db path: C:\ST\STM32CubeIDE_1.17.0\STM32CubeIDE\plugins\com.st.stm32cube.common.mx_6.13.0.202411220809\\db\
2025-04-12 09:56:34,319 [INFO] CodeEngine:255 - oldGeneratedFile, C:\Users\Flori\Documents\Project\Tech\IT\firmware-development\NucleoF411RE-ApplicationShield\nucleo-AppShield\MXTmpFiles\license.tmp_save
2025-04-12 09:56:34,536 [INFO] CodeEngine:279 - Generated code: C:\Users\Flori\Documents\Project\Tech\IT\firmware-development\NucleoF411RE-ApplicationShield\nucleo-AppShield\MXTmpFiles\license.tmp
2025-04-12 09:56:34,593 [INFO] CodeEngine:255 - oldGeneratedFile, C:\Users\Flori\Documents\Project\Tech\IT\firmware-development\NucleoF411RE-ApplicationShield\nucleo-AppShield\Core\Src\gpio.c_save
2025-04-12 09:56:34,753 [INFO] CodeEngine:279 - Generated code: C:\Users\Flori\Documents\Project\Tech\IT\firmware-development\NucleoF411RE-ApplicationShield\nucleo-AppShield\Core\Src\gpio.c
2025-04-12 09:56:34,763 [INFO] CodeEngine:255 - oldGeneratedFile, C:\Users\Flori\Documents\Project\Tech\IT\firmware-development\NucleoF411RE-ApplicationShield\nucleo-AppShield\Core\Inc\gpio.h_save
2025-04-12 09:56:34,853 [INFO] CodeEngine:279 - Generated code: C:\Users\Flori\Documents\Project\Tech\IT\firmware-development\NucleoF411RE-ApplicationShield\nucleo-AppShield\Core\Inc\gpio.h
2025-04-12 09:56:34,945 [INFO] CodeEngine:255 - oldGeneratedFile, C:\Users\Flori\Documents\Project\Tech\IT\firmware-development\NucleoF411RE-ApplicationShield\nucleo-AppShield\Core\Src\usart.c_save
2025-04-12 09:56:35,076 [INFO] CodeEngine:279 - Generated code: C:\Users\Flori\Documents\Project\Tech\IT\firmware-development\NucleoF411RE-ApplicationShield\nucleo-AppShield\Core\Src\usart.c
2025-04-12 09:56:35,084 [INFO] CodeEngine:255 - oldGeneratedFile, C:\Users\Flori\Documents\Project\Tech\IT\firmware-development\NucleoF411RE-ApplicationShield\nucleo-AppShield\Core\Inc\usart.h_save
2025-04-12 09:56:35,172 [INFO] CodeEngine:279 - Generated code: C:\Users\Flori\Documents\Project\Tech\IT\firmware-development\NucleoF411RE-ApplicationShield\nucleo-AppShield\Core\Inc\usart.h
2025-04-12 09:56:35,202 [INFO] CodeEngine:255 - oldGeneratedFile, C:\Users\Flori\Documents\Project\Tech\IT\firmware-development\NucleoF411RE-ApplicationShield\nucleo-AppShield\Core\Src\stm32f4xx_it.c_save
2025-04-12 09:56:35,320 [INFO] CodeEngine:279 - Generated code: C:\Users\Flori\Documents\Project\Tech\IT\firmware-development\NucleoF411RE-ApplicationShield\nucleo-AppShield\Core\Src\stm32f4xx_it.c
2025-04-12 09:56:35,328 [INFO] CodeEngine:255 - oldGeneratedFile, C:\Users\Flori\Documents\Project\Tech\IT\firmware-development\NucleoF411RE-ApplicationShield\nucleo-AppShield\Core\Inc\stm32f4xx_it.h_save
2025-04-12 09:56:35,414 [INFO] CodeEngine:279 - Generated code: C:\Users\Flori\Documents\Project\Tech\IT\firmware-development\NucleoF411RE-ApplicationShield\nucleo-AppShield\Core\Inc\stm32f4xx_it.h
2025-04-12 09:56:35,446 [INFO] CodeEngine:255 - oldGeneratedFile, C:\Users\Flori\Documents\Project\Tech\IT\firmware-development\NucleoF411RE-ApplicationShield\nucleo-AppShield\Core\Src\stm32f4xx_hal_msp.c_save
2025-04-12 09:56:35,555 [INFO] CodeEngine:279 - Generated code: C:\Users\Flori\Documents\Project\Tech\IT\firmware-development\NucleoF411RE-ApplicationShield\nucleo-AppShield\Core\Src\stm32f4xx_hal_msp.c
2025-04-12 09:56:35,560 [INFO] CodeEngine:255 - oldGeneratedFile, C:\Users\Flori\Documents\Project\Tech\IT\firmware-development\NucleoF411RE-ApplicationShield\nucleo-AppShield\MXTmpFiles\system.tmp_save
2025-04-12 09:56:35,641 [INFO] CodeEngine:279 - Generated code: C:\Users\Flori\Documents\Project\Tech\IT\firmware-development\NucleoF411RE-ApplicationShield\nucleo-AppShield\MXTmpFiles\system.tmp
2025-04-12 09:56:35,676 [INFO] CodeEngine:311 - oldGeneratedFile, C:\Users\Flori\Documents\Project\Tech\IT\firmware-development\NucleoF411RE-ApplicationShield\nucleo-AppShield\Core\Inc\stm32f4xx_hal_conf.h_save
2025-04-12 09:56:35,811 [INFO] CodeEngine:335 - Generated code: C:\Users\Flori\Documents\Project\Tech\IT\firmware-development\NucleoF411RE-ApplicationShield\nucleo-AppShield\Core\Inc\stm32f4xx_hal_conf.h
2025-04-12 09:56:35,875 [INFO] CodeEngine:255 - oldGeneratedFile, C:\Users\Flori\Documents\Project\Tech\IT\firmware-development\NucleoF411RE-ApplicationShield\nucleo-AppShield\Core\Inc\main.h_save
2025-04-12 09:56:36,008 [INFO] CodeEngine:279 - Generated code: C:\Users\Flori\Documents\Project\Tech\IT\firmware-development\NucleoF411RE-ApplicationShield\nucleo-AppShield\Core\Inc\main.h
2025-04-12 09:56:36,029 [INFO] CodeEngine:255 - oldGeneratedFile, C:\Users\Flori\Documents\Project\Tech\IT\firmware-development\NucleoF411RE-ApplicationShield\nucleo-AppShield\Core\Src\main.c_save
2025-04-12 09:56:36,138 [INFO] CodeEngine:279 - Generated code: C:\Users\Flori\Documents\Project\Tech\IT\firmware-development\NucleoF411RE-ApplicationShield\nucleo-AppShield\Core\Src\main.c
2025-04-12 09:56:36,558 [INFO] ProjectBuilder:3289 - Time for Copy HAL[1] : 227mS.
2025-04-12 09:56:36,563 [INFO] ProjectBuilder:4876 - Project Generator version: 4.5.0-RC5
2025-04-12 09:56:36,649 [INFO] ConfigFileManager:1579 - The Die is : DIE431
2025-04-12 09:56:37,967 [INFO] ProjectBuilder:5154 - Time for Generating toolchain IDE Files: 1405mS.
2025-04-12 09:56:37,968 [INFO] ProjectBuilder:3146 - Time for Copy CMSIS : 0mS.
2025-04-12 09:56:37,975 [INFO] ProjectBuilder:3146 - Time for Copy CMSIS : 0mS.
2025-04-12 09:57:00,963 [INFO] Gpio:277 - dependency for GPIO [RCC, SYS, USART2]
2025-04-12 09:57:01,026 [INFO] NvicIntPanel:101 - NVIC parent = com.st.microxplorer.plugins.ip.nvic.MultiNvicIntPanel[,0,0,0x0,invalid,layout=javax.swing.BoxLayout,alignmentX=0.0,alignmentY=0.0,border=,flags=9,maximumSize=,minimumSize=,preferredSize=]
2025-04-12 09:57:12,360 [INFO] UtilMem:75 - End SaveConfig() Used Memory: 820514568 Bytes (1073741824)
2025-04-12 09:57:14,103 [INFO] UtilMem:75 - End SaveConfig() Used Memory: 843899952 Bytes (1073741824)
2025-04-12 09:57:15,368 [INFO] UtilMem:75 - End SaveConfig() Used Memory: 880615416 Bytes (1073741824)
2025-04-12 09:57:15,732 [INFO] BlockDiagram:2766 - set Specific Code input for plugin: NVIC
2025-04-12 09:57:15,734 [INFO] BlockDiagram:2766 - set Specific Code input for plugin: USART
2025-04-12 09:57:15,734 [INFO] BlockDiagram:2766 - set Specific Code input for plugin: SYS
2025-04-12 09:57:15,735 [INFO] BlockDiagram:2766 - set Specific Code input for plugin: GPIO
2025-04-12 09:57:15,736 [INFO] BlockDiagram:2766 - set Specific Code input for plugin: RCC
2025-04-12 09:57:15,737 [INFO] CodeGenerator:896 - code generatio: config db path: C:\ST\STM32CubeIDE_1.17.0\STM32CubeIDE\plugins\com.st.stm32cube.common.mx_6.13.0.202411220809\\db\
2025-04-12 09:57:15,813 [INFO] CodeEngine:255 - oldGeneratedFile, C:\Users\Flori\Documents\Project\Tech\IT\firmware-development\NucleoF411RE-ApplicationShield\nucleo-AppShield\MXTmpFiles\license.tmp_save
2025-04-12 09:57:16,028 [INFO] CodeEngine:279 - Generated code: C:\Users\Flori\Documents\Project\Tech\IT\firmware-development\NucleoF411RE-ApplicationShield\nucleo-AppShield\MXTmpFiles\license.tmp
2025-04-12 09:57:16,083 [INFO] CodeEngine:255 - oldGeneratedFile, C:\Users\Flori\Documents\Project\Tech\IT\firmware-development\NucleoF411RE-ApplicationShield\nucleo-AppShield\Core\Src\gpio.c_save
2025-04-12 09:57:16,245 [INFO] CodeEngine:279 - Generated code: C:\Users\Flori\Documents\Project\Tech\IT\firmware-development\NucleoF411RE-ApplicationShield\nucleo-AppShield\Core\Src\gpio.c
2025-04-12 09:57:16,256 [INFO] CodeEngine:255 - oldGeneratedFile, C:\Users\Flori\Documents\Project\Tech\IT\firmware-development\NucleoF411RE-ApplicationShield\nucleo-AppShield\Core\Inc\gpio.h_save
2025-04-12 09:57:16,342 [INFO] CodeEngine:279 - Generated code: C:\Users\Flori\Documents\Project\Tech\IT\firmware-development\NucleoF411RE-ApplicationShield\nucleo-AppShield\Core\Inc\gpio.h
2025-04-12 09:57:16,447 [INFO] CodeEngine:255 - oldGeneratedFile, C:\Users\Flori\Documents\Project\Tech\IT\firmware-development\NucleoF411RE-ApplicationShield\nucleo-AppShield\Core\Src\usart.c_save
2025-04-12 09:57:16,572 [INFO] CodeEngine:279 - Generated code: C:\Users\Flori\Documents\Project\Tech\IT\firmware-development\NucleoF411RE-ApplicationShield\nucleo-AppShield\Core\Src\usart.c
2025-04-12 09:57:16,579 [INFO] CodeEngine:255 - oldGeneratedFile, C:\Users\Flori\Documents\Project\Tech\IT\firmware-development\NucleoF411RE-ApplicationShield\nucleo-AppShield\Core\Inc\usart.h_save
2025-04-12 09:57:16,681 [INFO] CodeEngine:279 - Generated code: C:\Users\Flori\Documents\Project\Tech\IT\firmware-development\NucleoF411RE-ApplicationShield\nucleo-AppShield\Core\Inc\usart.h
2025-04-12 09:57:16,715 [INFO] CodeEngine:255 - oldGeneratedFile, C:\Users\Flori\Documents\Project\Tech\IT\firmware-development\NucleoF411RE-ApplicationShield\nucleo-AppShield\Core\Src\stm32f4xx_it.c_save
2025-04-12 09:57:16,815 [INFO] CodeEngine:279 - Generated code: C:\Users\Flori\Documents\Project\Tech\IT\firmware-development\NucleoF411RE-ApplicationShield\nucleo-AppShield\Core\Src\stm32f4xx_it.c
2025-04-12 09:57:16,822 [INFO] CodeEngine:255 - oldGeneratedFile, C:\Users\Flori\Documents\Project\Tech\IT\firmware-development\NucleoF411RE-ApplicationShield\nucleo-AppShield\Core\Inc\stm32f4xx_it.h_save
2025-04-12 09:57:16,898 [INFO] CodeEngine:279 - Generated code: C:\Users\Flori\Documents\Project\Tech\IT\firmware-development\NucleoF411RE-ApplicationShield\nucleo-AppShield\Core\Inc\stm32f4xx_it.h
2025-04-12 09:57:16,931 [INFO] CodeEngine:255 - oldGeneratedFile, C:\Users\Flori\Documents\Project\Tech\IT\firmware-development\NucleoF411RE-ApplicationShield\nucleo-AppShield\Core\Src\stm32f4xx_hal_msp.c_save
2025-04-12 09:57:17,031 [INFO] CodeEngine:279 - Generated code: C:\Users\Flori\Documents\Project\Tech\IT\firmware-development\NucleoF411RE-ApplicationShield\nucleo-AppShield\Core\Src\stm32f4xx_hal_msp.c
2025-04-12 09:57:17,037 [INFO] CodeEngine:255 - oldGeneratedFile, C:\Users\Flori\Documents\Project\Tech\IT\firmware-development\NucleoF411RE-ApplicationShield\nucleo-AppShield\MXTmpFiles\system.tmp_save
2025-04-12 09:57:17,105 [INFO] CodeEngine:279 - Generated code: C:\Users\Flori\Documents\Project\Tech\IT\firmware-development\NucleoF411RE-ApplicationShield\nucleo-AppShield\MXTmpFiles\system.tmp
2025-04-12 09:57:17,138 [INFO] CodeEngine:311 - oldGeneratedFile, C:\Users\Flori\Documents\Project\Tech\IT\firmware-development\NucleoF411RE-ApplicationShield\nucleo-AppShield\Core\Inc\stm32f4xx_hal_conf.h_save
2025-04-12 09:57:17,267 [INFO] CodeEngine:335 - Generated code: C:\Users\Flori\Documents\Project\Tech\IT\firmware-development\NucleoF411RE-ApplicationShield\nucleo-AppShield\Core\Inc\stm32f4xx_hal_conf.h
2025-04-12 09:57:17,332 [INFO] CodeEngine:255 - oldGeneratedFile, C:\Users\Flori\Documents\Project\Tech\IT\firmware-development\NucleoF411RE-ApplicationShield\nucleo-AppShield\Core\Inc\main.h_save
2025-04-12 09:57:17,431 [INFO] CodeEngine:279 - Generated code: C:\Users\Flori\Documents\Project\Tech\IT\firmware-development\NucleoF411RE-ApplicationShield\nucleo-AppShield\Core\Inc\main.h
2025-04-12 09:57:17,453 [INFO] CodeEngine:255 - oldGeneratedFile, C:\Users\Flori\Documents\Project\Tech\IT\firmware-development\NucleoF411RE-ApplicationShield\nucleo-AppShield\Core\Src\main.c_save
2025-04-12 09:57:17,547 [INFO] CodeEngine:279 - Generated code: C:\Users\Flori\Documents\Project\Tech\IT\firmware-development\NucleoF411RE-ApplicationShield\nucleo-AppShield\Core\Src\main.c
2025-04-12 09:57:17,849 [INFO] ProjectBuilder:3289 - Time for Copy HAL[1] : 135mS.
2025-04-12 09:57:17,852 [INFO] ProjectBuilder:4876 - Project Generator version: 4.5.0-RC5
2025-04-12 09:57:17,929 [INFO] ConfigFileManager:1579 - The Die is : DIE431
2025-04-12 09:57:18,995 [INFO] ProjectBuilder:5154 - Time for Generating toolchain IDE Files: 1143mS.
2025-04-12 09:57:18,996 [INFO] ProjectBuilder:3146 - Time for Copy CMSIS : 1mS.
2025-04-12 09:57:18,999 [INFO] ProjectBuilder:3146 - Time for Copy CMSIS : 0mS.
2025-04-12 10:11:19,525 [INFO] UtilMem:75 - End SaveConfig() Used Memory: 897706576 Bytes (1073741824)
2025-04-12 10:11:21,151 [INFO] UtilMem:75 - End SaveConfig() Used Memory: 946469920 Bytes (1073741824)
2025-04-12 10:11:23,531 [INFO] UtilMem:75 - End SaveConfig() Used Memory: 697674248 Bytes (1073741824)
2025-04-12 10:11:24,219 [INFO] BlockDiagram:2766 - set Specific Code input for plugin: NVIC
2025-04-12 10:11:24,219 [INFO] BlockDiagram:2766 - set Specific Code input for plugin: USART
2025-04-12 10:11:24,219 [INFO] BlockDiagram:2766 - set Specific Code input for plugin: SYS
2025-04-12 10:11:24,220 [INFO] BlockDiagram:2766 - set Specific Code input for plugin: GPIO
2025-04-12 10:11:24,220 [INFO] BlockDiagram:2766 - set Specific Code input for plugin: RCC
2025-04-12 10:11:24,221 [INFO] CodeGenerator:896 - code generatio: config db path: C:\ST\STM32CubeIDE_1.17.0\STM32CubeIDE\plugins\com.st.stm32cube.common.mx_6.13.0.202411220809\\db\
2025-04-12 10:11:24,350 [INFO] CodeEngine:255 - oldGeneratedFile, C:\Users\Flori\Documents\Project\Tech\IT\firmware-development\NucleoF411RE-ApplicationShield\nucleo-AppShield\MXTmpFiles\license.tmp_save
2025-04-12 10:11:24,668 [INFO] CodeEngine:279 - Generated code: C:\Users\Flori\Documents\Project\Tech\IT\firmware-development\NucleoF411RE-ApplicationShield\nucleo-AppShield\MXTmpFiles\license.tmp
2025-04-12 10:11:24,724 [INFO] CodeEngine:255 - oldGeneratedFile, C:\Users\Flori\Documents\Project\Tech\IT\firmware-development\NucleoF411RE-ApplicationShield\nucleo-AppShield\Core\Src\gpio.c_save
2025-04-12 10:11:24,914 [INFO] CodeEngine:279 - Generated code: C:\Users\Flori\Documents\Project\Tech\IT\firmware-development\NucleoF411RE-ApplicationShield\nucleo-AppShield\Core\Src\gpio.c
2025-04-12 10:11:24,922 [INFO] CodeEngine:255 - oldGeneratedFile, C:\Users\Flori\Documents\Project\Tech\IT\firmware-development\NucleoF411RE-ApplicationShield\nucleo-AppShield\Core\Inc\gpio.h_save
2025-04-12 10:11:25,021 [INFO] CodeEngine:279 - Generated code: C:\Users\Flori\Documents\Project\Tech\IT\firmware-development\NucleoF411RE-ApplicationShield\nucleo-AppShield\Core\Inc\gpio.h
2025-04-12 10:11:25,127 [INFO] CodeEngine:255 - oldGeneratedFile, C:\Users\Flori\Documents\Project\Tech\IT\firmware-development\NucleoF411RE-ApplicationShield\nucleo-AppShield\Core\Src\usart.c_save
2025-04-12 10:11:25,281 [INFO] CodeEngine:279 - Generated code: C:\Users\Flori\Documents\Project\Tech\IT\firmware-development\NucleoF411RE-ApplicationShield\nucleo-AppShield\Core\Src\usart.c
2025-04-12 10:11:25,287 [INFO] CodeEngine:255 - oldGeneratedFile, C:\Users\Flori\Documents\Project\Tech\IT\firmware-development\NucleoF411RE-ApplicationShield\nucleo-AppShield\Core\Inc\usart.h_save
2025-04-12 10:11:25,373 [INFO] CodeEngine:279 - Generated code: C:\Users\Flori\Documents\Project\Tech\IT\firmware-development\NucleoF411RE-ApplicationShield\nucleo-AppShield\Core\Inc\usart.h
2025-04-12 10:11:25,401 [INFO] CodeEngine:255 - oldGeneratedFile, C:\Users\Flori\Documents\Project\Tech\IT\firmware-development\NucleoF411RE-ApplicationShield\nucleo-AppShield\Core\Src\stm32f4xx_it.c_save
2025-04-12 10:11:25,607 [INFO] CodeEngine:279 - Generated code: C:\Users\Flori\Documents\Project\Tech\IT\firmware-development\NucleoF411RE-ApplicationShield\nucleo-AppShield\Core\Src\stm32f4xx_it.c
2025-04-12 10:11:25,616 [INFO] CodeEngine:255 - oldGeneratedFile, C:\Users\Flori\Documents\Project\Tech\IT\firmware-development\NucleoF411RE-ApplicationShield\nucleo-AppShield\Core\Inc\stm32f4xx_it.h_save
2025-04-12 10:11:25,713 [INFO] CodeEngine:279 - Generated code: C:\Users\Flori\Documents\Project\Tech\IT\firmware-development\NucleoF411RE-ApplicationShield\nucleo-AppShield\Core\Inc\stm32f4xx_it.h
2025-04-12 10:11:25,744 [INFO] CodeEngine:255 - oldGeneratedFile, C:\Users\Flori\Documents\Project\Tech\IT\firmware-development\NucleoF411RE-ApplicationShield\nucleo-AppShield\Core\Src\stm32f4xx_hal_msp.c_save
2025-04-12 10:11:25,875 [INFO] CodeEngine:279 - Generated code: C:\Users\Flori\Documents\Project\Tech\IT\firmware-development\NucleoF411RE-ApplicationShield\nucleo-AppShield\Core\Src\stm32f4xx_hal_msp.c
2025-04-12 10:11:25,882 [INFO] CodeEngine:255 - oldGeneratedFile, C:\Users\Flori\Documents\Project\Tech\IT\firmware-development\NucleoF411RE-ApplicationShield\nucleo-AppShield\MXTmpFiles\system.tmp_save
2025-04-12 10:11:25,968 [INFO] CodeEngine:279 - Generated code: C:\Users\Flori\Documents\Project\Tech\IT\firmware-development\NucleoF411RE-ApplicationShield\nucleo-AppShield\MXTmpFiles\system.tmp
2025-04-12 10:11:25,997 [INFO] CodeEngine:311 - oldGeneratedFile, C:\Users\Flori\Documents\Project\Tech\IT\firmware-development\NucleoF411RE-ApplicationShield\nucleo-AppShield\Core\Inc\stm32f4xx_hal_conf.h_save
2025-04-12 10:11:26,121 [INFO] CodeEngine:335 - Generated code: C:\Users\Flori\Documents\Project\Tech\IT\firmware-development\NucleoF411RE-ApplicationShield\nucleo-AppShield\Core\Inc\stm32f4xx_hal_conf.h
2025-04-12 10:11:26,170 [INFO] CodeEngine:255 - oldGeneratedFile, C:\Users\Flori\Documents\Project\Tech\IT\firmware-development\NucleoF411RE-ApplicationShield\nucleo-AppShield\Core\Inc\main.h_save
2025-04-12 10:11:26,298 [INFO] CodeEngine:279 - Generated code: C:\Users\Flori\Documents\Project\Tech\IT\firmware-development\NucleoF411RE-ApplicationShield\nucleo-AppShield\Core\Inc\main.h
2025-04-12 10:11:26,303 [INFO] CodeEngine:255 - oldGeneratedFile, C:\Users\Flori\Documents\Project\Tech\IT\firmware-development\NucleoF411RE-ApplicationShield\nucleo-AppShield\Core\Src\main.c_save
2025-04-12 10:11:26,419 [INFO] CodeEngine:279 - Generated code: C:\Users\Flori\Documents\Project\Tech\IT\firmware-development\NucleoF411RE-ApplicationShield\nucleo-AppShield\Core\Src\main.c
2025-04-12 10:11:26,781 [INFO] ProjectBuilder:3289 - Time for Copy HAL[1] : 183mS.
2025-04-12 10:11:26,785 [INFO] ProjectBuilder:4876 - Project Generator version: 4.5.0-RC5
2025-04-12 10:11:26,869 [INFO] ConfigFileManager:1579 - The Die is : DIE431
2025-04-12 10:11:28,132 [INFO] ProjectBuilder:5154 - Time for Generating toolchain IDE Files: 1345mS.
2025-04-12 10:11:28,136 [INFO] ProjectBuilder:3146 - Time for Copy CMSIS : 1mS.
2025-04-12 10:11:28,142 [INFO] ProjectBuilder:3146 - Time for Copy CMSIS : 1mS.
2025-04-12 10:16:39,622 [INFO] UtilMem:75 - End SaveConfig() Used Memory: 925153488 Bytes (1073741824)
2025-04-12 10:16:41,015 [INFO] UtilMem:75 - End SaveConfig() Used Memory: 974546024 Bytes (1073741824)
2025-04-12 10:16:42,607 [INFO] UtilMem:75 - End SaveConfig() Used Memory: 934672232 Bytes (1073741824)
2025-04-12 10:16:43,041 [INFO] BlockDiagram:2766 - set Specific Code input for plugin: NVIC
2025-04-12 10:16:43,042 [INFO] BlockDiagram:2766 - set Specific Code input for plugin: USART
2025-04-12 10:16:43,042 [INFO] BlockDiagram:2766 - set Specific Code input for plugin: SYS
2025-04-12 10:16:43,042 [INFO] BlockDiagram:2766 - set Specific Code input for plugin: GPIO
2025-04-12 10:16:43,042 [INFO] BlockDiagram:2766 - set Specific Code input for plugin: RCC
2025-04-12 10:16:43,043 [INFO] CodeGenerator:896 - code generatio: config db path: C:\ST\STM32CubeIDE_1.17.0\STM32CubeIDE\plugins\com.st.stm32cube.common.mx_6.13.0.202411220809\\db\
2025-04-12 10:16:43,139 [INFO] CodeEngine:255 - oldGeneratedFile, C:\Users\Flori\Documents\Project\Tech\IT\firmware-development\NucleoF411RE-ApplicationShield\nucleo-AppShield\MXTmpFiles\license.tmp_save
2025-04-12 10:16:43,324 [INFO] CodeEngine:279 - Generated code: C:\Users\Flori\Documents\Project\Tech\IT\firmware-development\NucleoF411RE-ApplicationShield\nucleo-AppShield\MXTmpFiles\license.tmp
2025-04-12 10:16:43,390 [INFO] CodeEngine:255 - oldGeneratedFile, C:\Users\Flori\Documents\Project\Tech\IT\firmware-development\NucleoF411RE-ApplicationShield\nucleo-AppShield\Core\Src\gpio.c_save
2025-04-12 10:16:43,538 [INFO] CodeEngine:279 - Generated code: C:\Users\Flori\Documents\Project\Tech\IT\firmware-development\NucleoF411RE-ApplicationShield\nucleo-AppShield\Core\Src\gpio.c
2025-04-12 10:16:43,547 [INFO] CodeEngine:255 - oldGeneratedFile, C:\Users\Flori\Documents\Project\Tech\IT\firmware-development\NucleoF411RE-ApplicationShield\nucleo-AppShield\Core\Inc\gpio.h_save
2025-04-12 10:16:43,639 [INFO] CodeEngine:279 - Generated code: C:\Users\Flori\Documents\Project\Tech\IT\firmware-development\NucleoF411RE-ApplicationShield\nucleo-AppShield\Core\Inc\gpio.h
2025-04-12 10:16:43,734 [INFO] CodeEngine:255 - oldGeneratedFile, C:\Users\Flori\Documents\Project\Tech\IT\firmware-development\NucleoF411RE-ApplicationShield\nucleo-AppShield\Core\Src\usart.c_save
2025-04-12 10:16:43,854 [INFO] CodeEngine:279 - Generated code: C:\Users\Flori\Documents\Project\Tech\IT\firmware-development\NucleoF411RE-ApplicationShield\nucleo-AppShield\Core\Src\usart.c
2025-04-12 10:16:43,862 [INFO] CodeEngine:255 - oldGeneratedFile, C:\Users\Flori\Documents\Project\Tech\IT\firmware-development\NucleoF411RE-ApplicationShield\nucleo-AppShield\Core\Inc\usart.h_save
2025-04-12 10:16:43,939 [INFO] CodeEngine:279 - Generated code: C:\Users\Flori\Documents\Project\Tech\IT\firmware-development\NucleoF411RE-ApplicationShield\nucleo-AppShield\Core\Inc\usart.h
2025-04-12 10:16:43,966 [INFO] CodeEngine:255 - oldGeneratedFile, C:\Users\Flori\Documents\Project\Tech\IT\firmware-development\NucleoF411RE-ApplicationShield\nucleo-AppShield\Core\Src\stm32f4xx_it.c_save
2025-04-12 10:16:44,073 [INFO] CodeEngine:279 - Generated code: C:\Users\Flori\Documents\Project\Tech\IT\firmware-development\NucleoF411RE-ApplicationShield\nucleo-AppShield\Core\Src\stm32f4xx_it.c
2025-04-12 10:16:44,082 [INFO] CodeEngine:255 - oldGeneratedFile, C:\Users\Flori\Documents\Project\Tech\IT\firmware-development\NucleoF411RE-ApplicationShield\nucleo-AppShield\Core\Inc\stm32f4xx_it.h_save
2025-04-12 10:16:44,151 [INFO] CodeEngine:279 - Generated code: C:\Users\Flori\Documents\Project\Tech\IT\firmware-development\NucleoF411RE-ApplicationShield\nucleo-AppShield\Core\Inc\stm32f4xx_it.h
2025-04-12 10:16:44,179 [INFO] CodeEngine:255 - oldGeneratedFile, C:\Users\Flori\Documents\Project\Tech\IT\firmware-development\NucleoF411RE-ApplicationShield\nucleo-AppShield\Core\Src\stm32f4xx_hal_msp.c_save
2025-04-12 10:16:44,270 [INFO] CodeEngine:279 - Generated code: C:\Users\Flori\Documents\Project\Tech\IT\firmware-development\NucleoF411RE-ApplicationShield\nucleo-AppShield\Core\Src\stm32f4xx_hal_msp.c
2025-04-12 10:16:44,274 [INFO] CodeEngine:255 - oldGeneratedFile, C:\Users\Flori\Documents\Project\Tech\IT\firmware-development\NucleoF411RE-ApplicationShield\nucleo-AppShield\MXTmpFiles\system.tmp_save
2025-04-12 10:16:44,332 [INFO] CodeEngine:279 - Generated code: C:\Users\Flori\Documents\Project\Tech\IT\firmware-development\NucleoF411RE-ApplicationShield\nucleo-AppShield\MXTmpFiles\system.tmp
2025-04-12 10:16:44,363 [INFO] CodeEngine:311 - oldGeneratedFile, C:\Users\Flori\Documents\Project\Tech\IT\firmware-development\NucleoF411RE-ApplicationShield\nucleo-AppShield\Core\Inc\stm32f4xx_hal_conf.h_save
2025-04-12 10:16:44,482 [INFO] CodeEngine:335 - Generated code: C:\Users\Flori\Documents\Project\Tech\IT\firmware-development\NucleoF411RE-ApplicationShield\nucleo-AppShield\Core\Inc\stm32f4xx_hal_conf.h
2025-04-12 10:16:44,548 [INFO] CodeEngine:255 - oldGeneratedFile, C:\Users\Flori\Documents\Project\Tech\IT\firmware-development\NucleoF411RE-ApplicationShield\nucleo-AppShield\Core\Inc\main.h_save
2025-04-12 10:16:44,634 [INFO] CodeEngine:279 - Generated code: C:\Users\Flori\Documents\Project\Tech\IT\firmware-development\NucleoF411RE-ApplicationShield\nucleo-AppShield\Core\Inc\main.h
2025-04-12 10:16:44,652 [INFO] CodeEngine:255 - oldGeneratedFile, C:\Users\Flori\Documents\Project\Tech\IT\firmware-development\NucleoF411RE-ApplicationShield\nucleo-AppShield\Core\Src\main.c_save
2025-04-12 10:16:44,740 [INFO] CodeEngine:279 - Generated code: C:\Users\Flori\Documents\Project\Tech\IT\firmware-development\NucleoF411RE-ApplicationShield\nucleo-AppShield\Core\Src\main.c
2025-04-12 10:16:45,247 [INFO] ProjectBuilder:3289 - Time for Copy HAL[1] : 207mS.
2025-04-12 10:16:45,255 [INFO] ProjectBuilder:4876 - Project Generator version: 4.5.0-RC5
2025-04-12 10:16:45,408 [INFO] ConfigFileManager:1579 - The Die is : DIE431
2025-04-12 10:16:46,987 [INFO] ProjectBuilder:5154 - Time for Generating toolchain IDE Files: 1731mS.
2025-04-12 10:16:46,988 [INFO] ProjectBuilder:3146 - Time for Copy CMSIS : 1mS.
2025-04-12 10:16:46,991 [INFO] ProjectBuilder:3146 - Time for Copy CMSIS : 0mS.
2025-04-12 10:22:04,474 [ERROR] LogOutputStream:75 - [STDERR_REDIRECT] 
2025-04-12 10:22:04,475 [ERROR] LogOutputStream:75 - [STDERR_REDIRECT] 
2025-04-12 13:18:18,216 [INFO] Activator:176 - 


2025-04-12 13:18:18,217 [INFO] Activator:177 - !SESSION log4j initialized
2025-04-12 13:18:24,506 [INFO] LogOutputStream:77 - [STDOUT_REDIRECT] 
2025-04-12 13:18:25,469 [INFO] ApplicationProperties:184 - Using Application install path: C:\ST\STM32CubeIDE_1.17.0\STM32CubeIDE\plugins\com.st.stm32cube.common.mx_6.13.0.202411220809
2025-04-12 13:18:25,492 [INFO] DbMcusXml:78 - Set database path to: C:\ST\STM32CubeIDE_1.17.0\STM32CubeIDE\plugins\com.st.stm32cube.common.mx_6.13.0.202411220809\\db\/mcu/
2025-04-12 13:18:25,492 [INFO] ApiDb:274 - Set plugin database path to: C:\ST\STM32CubeIDE_1.17.0\STM32CubeIDE\plugins\com.st.stm32cube.common.mx_6.13.0.202411220809\\db\/plugins/boardmanager/
2025-04-12 13:18:25,492 [WARN] ApiDb:259 - Overriding images path with different value:  => C:\ST\STM32CubeIDE_1.17.0\STM32CubeIDE\plugins\com.st.stm32cube.common.mx_6.13.0.202411220809\\db\/plugins/mcufinder/images/
2025-04-12 13:18:25,503 [INFO] ApiDb:250 - Set database path to: C:\Users\Flori\.stmcufinder\plugins\mcufinder//mcu/
2025-04-12 13:18:25,505 [INFO] DbMcusAds:125 - Set database path to: C:\Users\Flori\.stmcufinder\plugins\mcufinder//mcu/
2025-04-12 13:18:25,509 [INFO] CrossReferenceDbSqlite:203 - Set database path to: C:\Users\Flori\.stmcufinder\plugins\mcufinder//mcu/cs/
2025-04-12 13:18:25,644 [INFO] RulesReader:64 - Compatibility file has been processed (297 Rules)
2025-04-12 13:18:25,734 [INFO] DbMcusXml:78 - Set database path to: C:\ST\STM32CubeIDE_1.17.0\STM32CubeIDE\plugins\com.st.stm32cube.common.mx_6.13.0.202411220809\\db\/mcu/
2025-04-12 13:18:25,735 [INFO] ApiDb:274 - Set plugin database path to: C:\ST\STM32CubeIDE_1.17.0\STM32CubeIDE\plugins\com.st.stm32cube.common.mx_6.13.0.202411220809\\db\/plugins/boardmanager/
2025-04-12 13:18:25,735 [INFO] ApiDb:261 - Set plugin images path to: C:\ST\STM32CubeIDE_1.17.0\STM32CubeIDE\plugins\com.st.stm32cube.common.mx_6.13.0.202411220809\\db\/plugins/mcufinder/images/
2025-04-12 13:18:25,735 [WARN] DbFile:41 - Overriding database path with different value: C:\Users\Flori\.stmcufinder\plugins\mcufinder/ => C:\Users\Flori\.stmcufinder\plugins\mcufinder
2025-04-12 13:18:25,735 [INFO] ApiDb:250 - Set database path to: C:\Users\Flori\.stmcufinder\plugins\mcufinder//mcu/
2025-04-12 13:18:25,735 [WARN] DbFile:41 - Overriding database path with different value: C:\Users\Flori\.stmcufinder\plugins\mcufinder/ => C:\Users\Flori\.stmcufinder\plugins\mcufinder
2025-04-12 13:18:25,735 [INFO] DbMcusAds:125 - Set database path to: C:\Users\Flori\.stmcufinder\plugins\mcufinder//mcu/
2025-04-12 13:18:25,735 [WARN] DbFile:41 - Overriding database path with different value: C:\Users\Flori\.stmcufinder\plugins\mcufinder/ => C:\Users\Flori\.stmcufinder\plugins\mcufinder
2025-04-12 13:18:25,735 [WARN] DbFile:41 - Overriding database path with different value: C:\Users\Flori\.stmcufinder\plugins\mcufinder/ => C:\Users\Flori\.stmcufinder\plugins\mcufinder
2025-04-12 13:18:25,735 [INFO] CrossReferenceDbSqlite:203 - Set database path to: C:\Users\Flori\.stmcufinder\plugins\mcufinder//mcu/cs/
2025-04-12 13:18:25,824 [INFO] MainPanel:272 - HeapMemory: 268435456
2025-04-12 13:18:26,012 [INFO] DbMcusXml:78 - Set database path to: C:\ST\STM32CubeIDE_1.17.0\STM32CubeIDE\plugins\com.st.stm32cube.common.mx_6.13.0.202411220809\\db\/mcu/
2025-04-12 13:18:26,012 [INFO] ApiDb:274 - Set plugin database path to: C:\ST\STM32CubeIDE_1.17.0\STM32CubeIDE\plugins\com.st.stm32cube.common.mx_6.13.0.202411220809\\db\/plugins/boardmanager/
2025-04-12 13:18:26,012 [INFO] ApiDb:261 - Set plugin images path to: C:\ST\STM32CubeIDE_1.17.0\STM32CubeIDE\plugins\com.st.stm32cube.common.mx_6.13.0.202411220809\\db\/plugins/mcufinder/images/
2025-04-12 13:18:26,013 [WARN] DbFile:41 - Overriding database path with different value: C:\Users\Flori\.stmcufinder\plugins\mcufinder/ => C:\Users\Flori\.stmcufinder\plugins\mcufinder
2025-04-12 13:18:26,013 [INFO] ApiDb:250 - Set database path to: C:\Users\Flori\.stmcufinder\plugins\mcufinder//mcu/
2025-04-12 13:18:26,013 [WARN] DbFile:41 - Overriding database path with different value: C:\Users\Flori\.stmcufinder\plugins\mcufinder/ => C:\Users\Flori\.stmcufinder\plugins\mcufinder
2025-04-12 13:18:26,013 [INFO] DbMcusAds:125 - Set database path to: C:\Users\Flori\.stmcufinder\plugins\mcufinder//mcu/
2025-04-12 13:18:26,013 [WARN] DbFile:41 - Overriding database path with different value: C:\Users\Flori\.stmcufinder\plugins\mcufinder/ => C:\Users\Flori\.stmcufinder\plugins\mcufinder
2025-04-12 13:18:26,013 [WARN] DbFile:41 - Overriding database path with different value: C:\Users\Flori\.stmcufinder\plugins\mcufinder/ => C:\Users\Flori\.stmcufinder\plugins\mcufinder
2025-04-12 13:18:26,013 [INFO] CrossReferenceDbSqlite:203 - Set database path to: C:\Users\Flori\.stmcufinder\plugins\mcufinder//mcu/cs/
2025-04-12 13:18:26,034 [INFO] ApplicationProperties:184 - Using Application install path: C:\ST\STM32CubeIDE_1.17.0\STM32CubeIDE\plugins\com.st.stm32cube.common.mx_6.13.0.202411220809
2025-04-12 13:18:26,038 [INFO] PluginManage:196 - Search for loadable plugins [exclusion list=, ]
2025-04-12 13:18:26,040 [INFO] PluginManage:310 - Check plugin analytics
2025-04-12 13:18:26,221 [INFO] AnalyticsPlugin:253 - Accepted Software Licenses: 
2025-04-12 13:18:26,221 [INFO] AnalyticsPlugin:255 - Accepted CMSIS Pack Licenses: 
2025-04-12 13:18:26,221 [INFO] AnalyticsPlugin:257 - Accepted Firmware Licenses: FW.F4.1.28.0
2025-04-12 13:18:26,224 [INFO] PluginManage:359 - Loaded plugin analytics (category:tool,tabindex:-1)
2025-04-12 13:18:26,224 [INFO] PluginManage:310 - Check plugin cadmodel
2025-04-12 13:18:26,231 [INFO] CADModel:105 - Init CAD model plugin
2025-04-12 13:18:26,231 [INFO] PluginManage:359 - Loaded plugin cadmodel (category:power,tabindex:5)
2025-04-12 13:18:26,231 [INFO] PluginManage:310 - Check plugin clock
2025-04-12 13:18:26,240 [INFO] PluginManage:359 - Loaded plugin clock (category:base,tabindex:2)
2025-04-12 13:18:26,240 [INFO] PluginManage:310 - Check plugin ddr
2025-04-12 13:18:26,243 [INFO] PluginManage:359 - Loaded plugin ddr (category:tool,tabindex:6)
2025-04-12 13:18:26,243 [INFO] PluginManage:310 - Check plugin filemanager
2025-04-12 13:18:26,409 [INFO] PluginManage:359 - Loaded plugin filemanager (category:base,tabindex:10)
2025-04-12 13:18:26,409 [INFO] PluginManage:310 - Check plugin ipmanager
2025-04-12 13:18:26,417 [INFO] PluginManage:359 - Loaded plugin ipmanager (category:base,tabindex:5)
2025-04-12 13:18:26,417 [INFO] PluginManage:310 - Check plugin lpbam
2025-04-12 13:18:26,427 [INFO] PluginManage:359 - Loaded plugin lpbam (category:base,tabindex:0)
2025-04-12 13:18:26,427 [INFO] PluginManage:310 - Check plugin memorymap
2025-04-12 13:18:26,443 [INFO] PluginManage:359 - Loaded plugin memorymap (category:base,tabindex:4)
2025-04-12 13:18:26,443 [INFO] PluginManage:310 - Check plugin pinoutandconfiguration
2025-04-12 13:18:26,456 [INFO] PluginManage:359 - Loaded plugin pinoutandconfiguration (category:base,tabindex:1)
2025-04-12 13:18:26,456 [INFO] PluginManage:310 - Check plugin pinoutconfig
2025-04-12 13:18:26,565 [WARN] SupportedApi:132 - Cannot load RTOS API schema: s4s-elt-must-match.1: The content of 'definitions' must match (annotation?, (simpleType | complexType)?, (unique | key | keyref)*)). A problem was found starting at: attribute.
2025-04-12 13:18:26,739 [INFO] PluginManage:359 - Loaded plugin pinoutconfig (category:base,tabindex:0)
2025-04-12 13:18:26,739 [INFO] PluginManage:310 - Check plugin power
2025-04-12 13:18:26,752 [INFO] PluginManage:359 - Loaded plugin power (category:power,tabindex:4)
2025-04-12 13:18:26,752 [INFO] PluginManage:310 - Check plugin projectmanager
2025-04-12 13:18:26,774 [INFO] PluginManage:359 - Loaded plugin projectmanager (category:projectmanager,tabindex:4)
2025-04-12 13:18:26,774 [INFO] PluginManage:310 - Check plugin rif
2025-04-12 13:18:26,783 [INFO] PluginManage:359 - Loaded plugin rif (category:base,tabindex:3)
2025-04-12 13:18:26,783 [INFO] PluginManage:310 - Check plugin thirdparty
2025-04-12 13:18:26,947 [WARN] IntegrityCheckThread:84 - waiting for thirdparty lock release [integrity check]
2025-04-12 13:18:26,947 [INFO] IntegrityCheckThread:86 - entering critical section [integrity check]
2025-04-12 13:18:26,948 [INFO] PluginManage:359 - Loaded plugin thirdparty (category:base,tabindex:-1)
2025-04-12 13:18:26,948 [INFO] ThirdPartyUpdaterWithRetryManager:70 - Updater plugin not ready yet. [1/15]
2025-04-12 13:18:26,948 [INFO] PluginManage:310 - Check plugin tools
2025-04-12 13:18:26,951 [INFO] PluginManage:359 - Loaded plugin tools (category:base,tabindex:7)
2025-04-12 13:18:26,951 [INFO] PluginManage:310 - Check plugin tutovideos
2025-04-12 13:18:27,150 [INFO] PluginManage:359 - Loaded plugin tutovideos (category:base,tabindex:-1)
2025-04-12 13:18:27,150 [INFO] PluginManage:310 - Check plugin updater
2025-04-12 13:18:27,178 [INFO] PluginManage:359 - Loaded plugin updater (category:base,tabindex:12)
2025-04-12 13:18:27,179 [INFO] PluginManage:310 - Check plugin userauth
2025-04-12 13:18:27,186 [INFO] UserAuth:118 - Init User Auth plugin
2025-04-12 13:18:27,188 [INFO] PluginManage:359 - Loaded plugin userauth (category:base,tabindex:14)
2025-04-12 13:18:27,189 [INFO] PluginManage:283 - PluginManage : Loaded plugins [18]
2025-04-12 13:18:27,414 [INFO] PinOutPanel:1589 - setPackage(No Configuration,No Configuration)
2025-04-12 13:18:27,499 [INFO] CADModel:165 - CPN selected for project level
2025-04-12 13:18:27,499 [INFO] CADModel:114 - Register for checkConnection events
2025-04-12 13:18:27,518 [INFO] IPUIPlugin:80 - create IPUIPlugin
2025-04-12 13:18:27,518 [INFO] PluginManager:220 - loadIPPluginJar : add adc
2025-04-12 13:18:27,522 [INFO] IPUIPlugin:80 - create IPUIPlugin
2025-04-12 13:18:27,522 [INFO] PluginManager:220 - loadIPPluginJar : add aes
2025-04-12 13:18:27,524 [INFO] IPUIPlugin:80 - create IPUIPlugin
2025-04-12 13:18:27,524 [INFO] PluginManager:220 - loadIPPluginJar : add can
2025-04-12 13:18:27,526 [INFO] IPUIPlugin:80 - create IPUIPlugin
2025-04-12 13:18:27,526 [INFO] PluginManager:220 - loadIPPluginJar : add comp
2025-04-12 13:18:27,529 [INFO] IPUIPlugin:80 - create IPUIPlugin
2025-04-12 13:18:27,529 [INFO] PluginManager:220 - loadIPPluginJar : add cryp
2025-04-12 13:18:27,532 [INFO] IPUIPlugin:80 - create IPUIPlugin
2025-04-12 13:18:27,532 [INFO] PluginManager:220 - loadIPPluginJar : add ddr_ctrl_phy
2025-04-12 13:18:27,534 [INFO] IPUIPlugin:80 - create IPUIPlugin
2025-04-12 13:18:27,534 [INFO] PluginManager:220 - loadIPPluginJar : add dfsdm
2025-04-12 13:18:27,539 [INFO] IPUIPlugin:80 - create IPUIPlugin
2025-04-12 13:18:27,540 [INFO] PluginManager:220 - loadIPPluginJar : add dma
2025-04-12 13:18:27,542 [INFO] IPUIPlugin:80 - create IPUIPlugin
2025-04-12 13:18:27,543 [INFO] PluginManager:220 - loadIPPluginJar : add dma3
2025-04-12 13:18:27,545 [INFO] IPUIPlugin:80 - create IPUIPlugin
2025-04-12 13:18:27,545 [INFO] PluginManager:220 - loadIPPluginJar : add extmemmanager
2025-04-12 13:18:27,547 [INFO] IPUIPlugin:80 - create IPUIPlugin
2025-04-12 13:18:27,547 [INFO] PluginManager:220 - loadIPPluginJar : add fatfs
2025-04-12 13:18:27,550 [INFO] IPUIPlugin:80 - create IPUIPlugin
2025-04-12 13:18:27,550 [INFO] PluginManager:220 - loadIPPluginJar : add fmc
2025-04-12 13:18:27,555 [INFO] IPUIPlugin:80 - create IPUIPlugin
2025-04-12 13:18:27,555 [INFO] PluginManager:220 - loadIPPluginJar : add freertos
2025-04-12 13:18:27,558 [INFO] IPUIPlugin:80 - create IPUIPlugin
2025-04-12 13:18:27,558 [INFO] PluginManager:220 - loadIPPluginJar : add genericplugin
2025-04-12 13:18:27,560 [INFO] IPUIPlugin:80 - create IPUIPlugin
2025-04-12 13:18:27,560 [INFO] PluginManager:220 - loadIPPluginJar : add gfxmmu
2025-04-12 13:18:27,564 [INFO] IPUIPlugin:80 - create IPUIPlugin
2025-04-12 13:18:27,565 [INFO] PluginManager:220 - loadIPPluginJar : add gic
2025-04-12 13:18:27,568 [INFO] IPUIPlugin:80 - create IPUIPlugin
2025-04-12 13:18:27,568 [INFO] PluginManager:220 - loadIPPluginJar : add gpio
2025-04-12 13:18:27,571 [INFO] IPUIPlugin:80 - create IPUIPlugin
2025-04-12 13:18:27,571 [INFO] PluginManager:220 - loadIPPluginJar : add gtzc
2025-04-12 13:18:27,572 [INFO] IPUIPlugin:80 - create IPUIPlugin
2025-04-12 13:18:27,572 [INFO] PluginManager:220 - loadIPPluginJar : add hash
2025-04-12 13:18:27,574 [INFO] IPUIPlugin:80 - create IPUIPlugin
2025-04-12 13:18:27,575 [INFO] PluginManager:220 - loadIPPluginJar : add i2c
2025-04-12 13:18:27,577 [INFO] IPUIPlugin:80 - create IPUIPlugin
2025-04-12 13:18:27,577 [INFO] PluginManager:220 - loadIPPluginJar : add i2s
2025-04-12 13:18:27,579 [INFO] IPUIPlugin:80 - create IPUIPlugin
2025-04-12 13:18:27,579 [INFO] PluginManager:220 - loadIPPluginJar : add i3c
2025-04-12 13:18:27,582 [INFO] IPUIPlugin:80 - create IPUIPlugin
2025-04-12 13:18:27,583 [INFO] PluginManager:220 - loadIPPluginJar : add ipddr
2025-04-12 13:18:27,589 [INFO] IPUIPlugin:80 - create IPUIPlugin
2025-04-12 13:18:27,589 [INFO] PluginManager:220 - loadIPPluginJar : add linkedlist
2025-04-12 13:18:27,592 [INFO] IPUIPlugin:80 - create IPUIPlugin
2025-04-12 13:18:27,592 [INFO] PluginManager:220 - loadIPPluginJar : add lorawan
2025-04-12 13:18:27,594 [INFO] IPUIPlugin:80 - create IPUIPlugin
2025-04-12 13:18:27,594 [INFO] PluginManager:220 - loadIPPluginJar : add ltdc
2025-04-12 13:18:27,599 [INFO] IPUIPlugin:80 - create IPUIPlugin
2025-04-12 13:18:27,599 [INFO] PluginManager:220 - loadIPPluginJar : add mdma
2025-04-12 13:18:27,604 [INFO] IPUIPlugin:80 - create IPUIPlugin
2025-04-12 13:18:27,604 [INFO] PluginManager:220 - loadIPPluginJar : add nvic
2025-04-12 13:18:27,607 [INFO] IPUIPlugin:80 - create IPUIPlugin
2025-04-12 13:18:27,608 [INFO] PluginManager:220 - loadIPPluginJar : add opamp
2025-04-12 13:18:27,612 [INFO] IPUIPlugin:80 - create IPUIPlugin
2025-04-12 13:18:27,613 [INFO] PluginManager:220 - loadIPPluginJar : add openamp
2025-04-12 13:18:27,616 [INFO] IPUIPlugin:80 - create IPUIPlugin
2025-04-12 13:18:27,616 [INFO] PluginManager:220 - loadIPPluginJar : add pdm2pcm
2025-04-12 13:18:27,622 [INFO] IPUIPlugin:80 - create IPUIPlugin
2025-04-12 13:18:27,626 [INFO] PluginManager:220 - loadIPPluginJar : add plateformsettings
2025-04-12 13:18:27,629 [INFO] IPUIPlugin:80 - create IPUIPlugin
2025-04-12 13:18:27,629 [INFO] PluginManager:220 - loadIPPluginJar : add quadspi
2025-04-12 13:18:27,632 [INFO] IPUIPlugin:80 - create IPUIPlugin
2025-04-12 13:18:27,634 [INFO] PluginManager:220 - loadIPPluginJar : add radio
2025-04-12 13:18:27,640 [INFO] IPUIPlugin:80 - create IPUIPlugin
2025-04-12 13:18:27,640 [INFO] PluginManager:220 - loadIPPluginJar : add resmgrutility
2025-04-12 13:18:27,644 [INFO] IPUIPlugin:80 - create IPUIPlugin
2025-04-12 13:18:27,644 [INFO] PluginManager:220 - loadIPPluginJar : add sai
2025-04-12 13:18:27,648 [INFO] IPUIPlugin:80 - create IPUIPlugin
2025-04-12 13:18:27,648 [INFO] PluginManager:220 - loadIPPluginJar : add spi
2025-04-12 13:18:27,655 [INFO] IPUIPlugin:80 - create IPUIPlugin
2025-04-12 13:18:27,655 [INFO] PluginManager:220 - loadIPPluginJar : add stm32_wpan
2025-04-12 13:18:27,657 [INFO] IPUIPlugin:80 - create IPUIPlugin
2025-04-12 13:18:27,657 [INFO] PluginManager:220 - loadIPPluginJar : add tim
2025-04-12 13:18:27,661 [INFO] IPUIPlugin:80 - create IPUIPlugin
2025-04-12 13:18:27,661 [INFO] PluginManager:220 - loadIPPluginJar : add touchsensing
2025-04-12 13:18:27,663 [INFO] IPUIPlugin:80 - create IPUIPlugin
2025-04-12 13:18:27,664 [INFO] PluginManager:220 - loadIPPluginJar : add tracer_emb
2025-04-12 13:18:27,666 [INFO] IPUIPlugin:80 - create IPUIPlugin
2025-04-12 13:18:27,666 [INFO] PluginManager:220 - loadIPPluginJar : add ts
2025-04-12 13:18:27,668 [INFO] IPUIPlugin:80 - create IPUIPlugin
2025-04-12 13:18:27,668 [INFO] PluginManager:220 - loadIPPluginJar : add tsc
2025-04-12 13:18:27,671 [INFO] IPUIPlugin:80 - create IPUIPlugin
2025-04-12 13:18:27,671 [INFO] PluginManager:220 - loadIPPluginJar : add ucpd
2025-04-12 13:18:27,673 [INFO] IPUIPlugin:80 - create IPUIPlugin
2025-04-12 13:18:27,673 [INFO] PluginManager:220 - loadIPPluginJar : add usart
2025-04-12 13:18:27,677 [INFO] IPUIPlugin:80 - create IPUIPlugin
2025-04-12 13:18:27,677 [INFO] PluginManager:220 - loadIPPluginJar : add usbx
2025-04-12 13:18:27,807 [FATAL] Updater:351 - Updater called before beeing initialized
2025-04-12 13:18:27,845 [INFO] RulesReader:64 - Compatibility file has been processed (297 Rules)
2025-04-12 13:18:27,856 [INFO] RulesReader:64 - Compatibility file has been processed (297 Rules)
2025-04-12 13:18:27,865 [INFO] CADModel:165 - CPN selected for project level
2025-04-12 13:18:27,866 [INFO] CADModel:114 - Register for checkConnection events
2025-04-12 13:18:27,866 [FATAL] Updater:351 - Updater called before beeing initialized
2025-04-12 13:18:27,866 [ERROR] CADModel:125 - Updater not yet initialized, retry later 
2025-04-12 13:18:28,022 [FATAL] Updater:351 - Updater called before beeing initialized
2025-04-12 13:18:28,025 [INFO] CADModel:165 - CPN selected for project level
2025-04-12 13:18:28,025 [INFO] CADModel:114 - Register for checkConnection events
2025-04-12 13:18:28,025 [FATAL] Updater:351 - Updater called before beeing initialized
2025-04-12 13:18:28,025 [ERROR] CADModel:125 - Updater not yet initialized, retry later 
2025-04-12 13:18:28,028 [FATAL] Updater:351 - Updater called before beeing initialized
2025-04-12 13:18:28,153 [FATAL] Updater:351 - Updater called before beeing initialized
2025-04-12 13:18:28,158 [INFO] DbMcusAds:53 - JSON generation date=Thu Mar 06 15:54:21 CET 2025 (1741272861825)
2025-04-12 13:18:28,158 [FATAL] Updater:351 - Updater called before beeing initialized
2025-04-12 13:18:28,195 [WARN] DetailPanel:346 - Failed to get advertising image, set to default
2025-04-12 13:18:28,411 [FATAL] Updater:351 - Updater called before beeing initialized
2025-04-12 13:18:28,412 [FATAL] Updater:351 - Updater called before beeing initialized
2025-04-12 13:18:28,412 [FATAL] Updater:351 - Updater called before beeing initialized
2025-04-12 13:18:28,412 [WARN] DetailPanel:346 - Failed to get advertising image, set to default
2025-04-12 13:18:28,413 [FATAL] Updater:351 - Updater called before beeing initialized
2025-04-12 13:18:28,468 [ERROR] Updater:1198 - MainUpdater not yet initialized. External WinMGr cannot be set.
2025-04-12 13:18:28,471 [INFO] Updater:1134 - Updater Version found : 6.13.0
2025-04-12 13:18:28,490 [INFO] ApplicationProperties:184 - Using Application install path: C:\ST\STM32CubeIDE_1.17.0\STM32CubeIDE\plugins\com.st.stm32cube.common.mx_6.13.0.202411220809
2025-04-12 13:18:29,949 [INFO] ThirdPartyUpdaterWithRetryManager:70 - Updater plugin not ready yet. [2/15]
2025-04-12 13:18:30,079 [ERROR] LogOutputStream:75 - [STDERR_REDIRECT] Apr 12, 2025 1:18:30 PM java.util.prefs.WindowsPreferences <init>
2025-04-12 13:18:30,082 [ERROR] LogOutputStream:75 - [STDERR_REDIRECT] WARNING: Could not open/create prefs root node Software\JavaSoft\Prefs at root 0xffffffff80000002. Windows RegCreateKeyEx(...) returned error code 5.
2025-04-12 13:18:30,082 [ERROR] LogOutputStream:75 - [STDERR_REDIRECT] 
2025-04-12 13:18:30,496 [INFO] MainUpdater:2872 - connection check result : 10
2025-04-12 13:18:30,498 [INFO] MainUpdater:289 - Updater Check For Update Now.
2025-04-12 13:18:30,498 [INFO] MicroXplorer:498 - Change Database Version : DB.6.0.130
2025-04-12 13:18:30,516 [INFO] McuFinderGlobals:63 - Set McuFinder mode to 2 (CubeIDE integrated)
2025-04-12 13:18:30,517 [INFO] UserAuth:486 - Internet connection configuration mode: 1
2025-04-12 13:18:30,555 [INFO] JxBrowserEngine:152 - Initiate JxBrowser Engine with user profile folder
2025-04-12 13:18:30,715 [INFO] CheckServerUpdateThread:120 - End of CheckServer Thread
2025-04-12 13:18:31,587 [INFO] WebApp:168 - Instantiating new browser for Auth
2025-04-12 13:18:32,342 [INFO] WebApp:449 - Apply proxy settings
2025-04-12 13:18:32,343 [INFO] WebApp:534 - Chromium requires no authentication
2025-04-12 13:18:32,361 [INFO] WebApp:477 - Direct internet connection detected
2025-04-12 13:18:32,410 [INFO] WebApp:880 - Register for checkConnection events
2025-04-12 13:18:32,412 [INFO] WebApp:449 - Apply proxy settings
2025-04-12 13:18:32,414 [INFO] WebApp:534 - Chromium requires no authentication
2025-04-12 13:18:32,416 [INFO] WebApp:477 - Direct internet connection detected
2025-04-12 13:18:32,614 [INFO] WebApp:221 - Starting web application
2025-04-12 13:18:32,614 [INFO] WebApp:579 - Web application path used C:\ST\STM32CubeIDE_1.17.0\STM32CubeIDE\plugins\com.st.stm32cube.common.mx_6.13.0.202411220809\db\plugins\mcufinder\reactClient1\index.html
2025-04-12 13:18:32,723 [INFO] UserAuth:486 - Internet connection configuration mode: 1
2025-04-12 13:18:32,826 [INFO] WebApp:187 - Connection restablished
2025-04-12 13:18:33,253 [WARN] PackLoader:240 - Cannot read IP mode file for STMicroelectronics.FP-SNS-MOTENVWB1.1.4.0
2025-04-12 13:18:33,272 [WARN] PackLoader:240 - Cannot read IP mode file for STMicroelectronics.FP-ATR-ASTRA1.2.0.2
2025-04-12 13:18:33,290 [WARN] PackLoader:240 - Cannot read IP mode file for STMicroelectronics.X-CUBE-SMBUS.2.1.0
2025-04-12 13:18:33,306 [WARN] PackLoader:240 - Cannot read IP mode file for STMicroelectronics.X-CUBE-WB05N.1.1.0
2025-04-12 13:18:33,358 [WARN] PackLoader:240 - Cannot read IP mode file for STMicroelectronics.X-CUBE-AZRTOS-F7.1.1.0
2025-04-12 13:18:33,371 [WARN] PackLoader:240 - Cannot read IP mode file for STMicroelectronics.FP-SNS-FLIGHT1.5.0.2
2025-04-12 13:18:33,423 [WARN] PackLoader:240 - Cannot read IP mode file for Infineon.AIROC-Wi-Fi-Bluetooth-STM32.1.7.0
2025-04-12 13:18:33,448 [WARN] PackLoader:240 - Cannot read IP mode file for STMicroelectronics.X-CUBE-DISPLAY.3.0.0
2025-04-12 13:18:33,466 [WARN] PackLoader:240 - Cannot read IP mode file for STMicroelectronics.X-CUBE-BLE1.7.0.0
2025-04-12 13:18:33,477 [WARN] PackLoader:240 - Cannot read IP mode file for STMicroelectronics.X-CUBE-NFC10.1.0.0
2025-04-12 13:18:33,497 [WARN] PackLoader:240 - Cannot read IP mode file for STMicroelectronics.X-CUBE-BLEMGR.4.0.0
2025-04-12 13:18:33,511 [WARN] PackLoader:240 - Cannot read IP mode file for emotas.I-CUBE-CANOPEN.1.3.0
2025-04-12 13:18:33,518 [WARN] PackLoader:240 - Cannot read IP mode file for STMicroelectronics.X-CUBE-AI.10.0.0
2025-04-12 13:18:33,525 [WARN] PackLoader:240 - Cannot read IP mode file for STMicroelectronics.FP-SNS-SMARTAG2.1.2.0
2025-04-12 13:18:33,531 [WARN] PackLoader:240 - Cannot read IP mode file for STMicroelectronics.FP-SNS-FLIGHT1.5.1.0
2025-04-12 13:18:33,640 [WARN] PackLoader:240 - Cannot read IP mode file for STMicroelectronics.X-CUBE-MEMS1.11.1.0
2025-04-12 13:18:33,881 [INFO] LogOutputStream:77 - [STDOUT_REDIRECT] 1 : Invalid condition id : UX_CORESTACK_Condition cause : null
2025-04-12 13:18:33,881 [INFO] LogOutputStream:77 - [STDOUT_REDIRECT] 1 : Invalid condition id : UX_CORESTACK_Condition cause : null
2025-04-12 13:18:33,883 [INFO] LogOutputStream:77 - [STDOUT_REDIRECT] 1 : Invalid condition id : UX_CORESTACK_Condition cause : null
2025-04-12 13:18:33,884 [INFO] LogOutputStream:77 - [STDOUT_REDIRECT] 1 : Invalid condition id : UX_CORESTACK_Condition cause : null
2025-04-12 13:18:33,885 [INFO] LogOutputStream:77 - [STDOUT_REDIRECT] 1 : Invalid condition id : UX_CORESTACK_Condition cause : null
2025-04-12 13:18:33,887 [WARN] PackLoader:240 - Cannot read IP mode file for STMicroelectronics.X-CUBE-AZRTOS-WL.2.0.0
2025-04-12 13:18:33,895 [WARN] PackLoader:240 - Cannot read IP mode file for STMicroelectronics.FP-SNS-MOTENV1.5.0.0
2025-04-12 13:18:33,905 [WARN] PackLoader:240 - Cannot read IP mode file for WES.I-CUBE-Cesium.1.3.0
2025-04-12 13:18:33,912 [WARN] PackLoader:240 - Cannot read IP mode file for STMicroelectronics.X-CUBE-BLE2.3.3.0
2025-04-12 13:18:33,918 [WARN] PackLoader:240 - Cannot read IP mode file for STMicroelectronics.X-CUBE-NFC9.1.0.0
2025-04-12 13:18:33,927 [WARN] PackLoader:240 - Cannot read IP mode file for STMicroelectronics.X-CUBE-BLE1.7.1.0
2025-04-12 13:18:33,932 [WARN] PackLoader:240 - Cannot read IP mode file for wolfSSL.I-CUBE-wolfMQTT.1.19.2
2025-04-12 13:18:33,949 [WARN] PackLoader:240 - Cannot read IP mode file for STMicroelectronics.X-CUBE-AZRTOS-G0.1.1.0
2025-04-12 13:18:33,958 [WARN] PackLoader:240 - Cannot read IP mode file for STMicroelectronics.X-CUBE-SAFEA1.1.2.2
2025-04-12 13:18:33,965 [WARN] PackLoader:240 - Cannot read IP mode file for STMicroelectronics.X-CUBE-NFC4.3.0.0
2025-04-12 13:18:33,975 [WARN] PackLoader:240 - Cannot read IP mode file for EmbeddedOffice.I-CUBE-FS-RTOS.1.0.1
2025-04-12 13:18:33,980 [WARN] PackLoader:240 - Cannot read IP mode file for wolfSSL.I-CUBE-wolfTPM.3.8.0
2025-04-12 13:18:33,987 [WARN] PackLoader:240 - Cannot read IP mode file for STMicroelectronics.X-CUBE-TCPP.4.2.0
2025-04-12 13:18:33,999 [WARN] PackLoader:240 - Cannot read IP mode file for RealThread.X-CUBE-RT-Thread_Nano.4.1.1
2025-04-12 13:18:34,005 [WARN] PackLoader:240 - Cannot read IP mode file for STMicroelectronics.FP-ATR-SIGFOX1.3.2.0
2025-04-12 13:18:34,010 [WARN] ConditionMgr:438 - getConditionDescription Invalid condition id : Cortex-A Device cause : null
2025-04-12 13:18:34,039 [WARN] ConditionMgr:1044 - genDependencies : Invalid condition id : Cortex-A Device cause : null
2025-04-12 13:18:34,040 [WARN] ConditionMgr:1044 - genDependencies : Invalid condition id : Cortex-A Device cause : null
2025-04-12 13:18:34,041 [WARN] ConditionMgr:1044 - genDependencies : Invalid condition id : Cortex-A Device cause : null
2025-04-12 13:18:34,048 [WARN] PackLoader:240 - Cannot read IP mode file for STMicroelectronics.X-CUBE-EEPRMA1.5.1.0
2025-04-12 13:18:34,054 [WARN] PackLoader:240 - Cannot read IP mode file for wolfSSL.I-CUBE-wolfSSL.5.7.6
2025-04-12 13:18:34,061 [WARN] PackLoader:240 - Cannot read IP mode file for ITTIA_DB.I-CUBE-ITTIADB.8.9.0
2025-04-12 13:18:34,088 [WARN] PackLoader:240 - Cannot read IP mode file for SEGGER.I-CUBE-embOS.1.3.1
2025-04-12 13:18:34,138 [WARN] PackLoader:240 - Cannot read IP mode file for STMicroelectronics.X-CUBE-ALGOBUILD.1.4.0
2025-04-12 13:18:34,153 [WARN] PackLoader:240 - Cannot read IP mode file for STMicroelectronics.X-CUBE-AZRTOS-F4.1.1.0
2025-04-12 13:18:34,160 [WARN] PackLoader:240 - Cannot read IP mode file for Avnet-IotConnect.X-CUBE-IoTC-DA16k-PMOD.1.0.0
2025-04-12 13:18:34,164 [WARN] PackLoader:240 - Cannot read IP mode file for STMicroelectronics.X-CUBE-ISPU.2.1.0
2025-04-12 13:18:34,178 [WARN] PackLoader:240 - Cannot read IP mode file for STMicroelectronics.X-CUBE-AZRTOS-L5.2.0.0
2025-04-12 13:18:34,186 [WARN] PackLoader:240 - Cannot read IP mode file for STMicroelectronics.X-CUBE-NFC6.3.1.0
2025-04-12 13:18:34,194 [WARN] PackLoader:240 - Cannot read IP mode file for STMicroelectronics.X-CUBE-DPower.1.2.0
2025-04-12 13:18:34,199 [WARN] PackLoader:240 - Cannot read IP mode file for STMicroelectronics.X-CUBE-FREERTOS.1.3.0
2025-04-12 13:18:34,205 [WARN] PackLoader:240 - Cannot read IP mode file for STMicroelectronics.X-CUBE-NFC7.1.0.1
2025-04-12 13:18:34,213 [WARN] PackLoader:240 - Cannot read IP mode file for STMicroelectronics.X-CUBE-DPower.1.3.0
2025-04-12 13:18:34,236 [WARN] ConditionMgr:438 - getConditionDescription Invalid condition id : LAN8742 Phy interface Condition cause : null
2025-04-12 13:18:34,236 [WARN] PackLoader:240 - Cannot read IP mode file for STMicroelectronics.X-CUBE-AZRTOS-L4.2.0.0
2025-04-12 13:18:34,238 [WARN] ConditionMgr:1044 - genDependencies : Invalid condition id : LAN8742 Phy interface Condition cause : null
2025-04-12 13:18:34,238 [WARN] ConditionMgr:1044 - genDependencies : Invalid condition id : LAN8742 Phy interface Condition cause : null
2025-04-12 13:18:34,239 [WARN] ConditionMgr:1044 - genDependencies : Invalid condition id : LAN8742 Phy interface Condition cause : null
2025-04-12 13:18:34,250 [WARN] PackLoader:240 - Cannot read IP mode file for STMicroelectronics.X-CUBE-SFXS2LP1.4.0.0
2025-04-12 13:18:34,268 [WARN] PackLoader:240 - Cannot read IP mode file for STMicroelectronics.X-CUBE-AZRTOS-H7.3.3.0
2025-04-12 13:18:34,281 [WARN] ConditionMgr:438 - getConditionDescription Invalid condition id : UX DEVICE CLASS RTOS Condition cause : null
2025-04-12 13:18:34,281 [WARN] ConditionMgr:438 - getConditionDescription Invalid condition id : UX DEVICE CLASS RTOS Condition cause : null
2025-04-12 13:18:34,283 [WARN] PackLoader:240 - Cannot read IP mode file for STMicroelectronics.X-CUBE-AZRTOS-WB.2.0.0
2025-04-12 13:18:34,283 [WARN] ConditionMgr:1044 - genDependencies : Invalid condition id : UX DEVICE CLASS RTOS Condition cause : null
2025-04-12 13:18:34,283 [WARN] ConditionMgr:1044 - genDependencies : Invalid condition id : UX DEVICE CLASS RTOS Condition cause : null
2025-04-12 13:18:34,283 [WARN] ConditionMgr:1044 - genDependencies : Invalid condition id : UX DEVICE CLASS RTOS Condition cause : null
2025-04-12 13:18:34,284 [WARN] ConditionMgr:1044 - genDependencies : Invalid condition id : UX DEVICE CLASS RTOS Condition cause : null
2025-04-12 13:18:34,284 [WARN] ConditionMgr:1044 - genDependencies : Invalid condition id : UX DEVICE CLASS RTOS Condition cause : null
2025-04-12 13:18:34,290 [WARN] PackLoader:240 - Cannot read IP mode file for STMicroelectronics.X-CUBE-GNSS1.7.0.1
2025-04-12 13:18:34,295 [WARN] PackLoader:240 - Cannot read IP mode file for STMicroelectronics.X-CUBE-TOUCHGFX.4.25.0
2025-04-12 13:18:34,301 [WARN] PackLoader:240 - Cannot read IP mode file for STMicroelectronics.FP-SNS-STBOX1.2.0.0
2025-04-12 13:18:34,311 [WARN] PackLoader:240 - Cannot read IP mode file for STMicroelectronics.X-CUBE-SUBG2.5.0.0
2025-04-12 13:18:34,341 [WARN] PackLoader:240 - Cannot read IP mode file for STMicroelectronics.X-CUBE-AZRTOS-H7RS.1.1.0
2025-04-12 13:18:34,348 [WARN] PackLoader:240 - Cannot read IP mode file for Cesanta.I-CUBE-Mongoose.7.13.0
2025-04-12 13:18:34,364 [WARN] PackLoader:240 - Cannot read IP mode file for STMicroelectronics.X-CUBE-AZRTOS-G4.2.0.0
2025-04-12 13:18:34,371 [WARN] PackLoader:240 - Cannot read IP mode file for wolfSSL.I-CUBE-wolfSSH.1.4.20
2025-04-12 13:18:34,388 [WARN] PackLoader:240 - Cannot read IP mode file for STMicroelectronics.X-CUBE-IPS.3.1.0
2025-04-12 13:18:34,404 [WARN] PackLoader:240 - Cannot read IP mode file for STMicroelectronics.X-CUBE-ALS.1.0.2
2025-04-12 13:18:34,409 [WARN] PackLoader:240 - Cannot read IP mode file for STMicroelectronics.X-CUBE-TOUCHGFX.4.24.2
2025-04-12 13:18:34,416 [WARN] PackLoader:240 - Cannot read IP mode file for portGmbH.I-Cube-SoM-uGOAL.1.1.0
2025-04-12 13:18:34,464 [WARN] PackLoader:240 - Cannot read IP mode file for STMicroelectronics.X-CUBE-AZRTOS-H7RS.1.0.0
2025-04-12 13:18:34,485 [WARN] PackLoader:240 - Cannot read IP mode file for STMicroelectronics.X-CUBE-TOF1.3.4.2
2025-04-12 13:18:34,502 [INFO] ThirdParty:978 - Integrity check success = true
2025-04-12 13:18:34,502 [INFO] IntegrityCheckThread:100 - exiting critical section [integrity check]
2025-04-12 13:18:34,502 [INFO] IntegrityCheckThread:103 - End integrity checks thread
2025-04-12 13:19:02,268 [INFO] McuFinderGlobals:63 - Set McuFinder mode to 2 (CubeIDE integrated)
2025-04-12 13:19:02,276 [INFO] MainUpdater:2872 - connection check result : 10
2025-04-12 13:19:02,778 [INFO] ApiDb:581 - Connected to CubeFinder SQLite database (C:\Users\Flori\.stmcufinder\plugins\mcufinder\mcu\cube-finder-db.db)
2025-04-12 13:19:02,889 [INFO] ApiDb:668 - CubeFinder database Data Model version=2.1
2025-04-12 13:19:02,890 [INFO] ApiDb:669 - CubeFinder database Configuration version=3.0.39
2025-04-12 13:19:02,890 [INFO] ApiDb:670 - CubeFinder database generation date=2025-03-24 (1742811287)
2025-04-12 13:19:02,890 [INFO] ApiDb:671 - CubeFinder database FW Pack versions=[FP-ATR-ASTRA1_V2.0.0, FP-SNS-FLIGHT1_V5.0.2, FP-SNS-MOTENV1_V5.0.0, FP-SNS-MOTENVWB1_V1.4.0, FP-SNS-SMARTAG2_V1.2.0, FP-SNS-STBOX1_V2.0.0, STM32Cube_FW_C0_V1.4.0, STM32Cube_FW_F4_V1.28.1, STM32Cube_FW_F7_V1.17.2, STM32Cube_FW_G0_V1.6.2, STM32Cube_FW_G4_V1.6.1, STM32Cube_FW_H5_V1.5.0, STM32Cube_FW_H7RS_V1.2.0, STM32Cube_FW_H7_V1.12.1, STM32Cube_FW_L0_V1.12.2, STM32Cube_FW_L4_V1.18.1, STM32Cube_FW_L5_V1.5.1, STM32Cube_FW_N6_V1.1.0, STM32Cube_FW_U0_V1.2.0, STM32Cube_FW_U3_V1.1.0, STM32Cube_FW_U5_V1.7.0, STM32Cube_FW_WB0_V1.2.0, STM32Cube_FW_WBA_V1.6.0, STM32Cube_FW_WB_V1.22.0, STM32Cube_FW_WL3_V1.1.0, STM32Cube_FW_WL_V1.3.1, X-CUBE-ALGOBUILD_V1.4.0, X-CUBE-ALS_V1.0.2, X-CUBE-AZRTOS-F4_V1.1.0, X-CUBE-AZRTOS-F7_V1.1.0, X-CUBE-AZRTOS-G0_V1.1.0, X-CUBE-AZRTOS-G4_V2.0.0, X-CUBE-AZRTOS-H7RS_V1.0.0, X-CUBE-AZRTOS-H7_V3.3.0, X-CUBE-AZRTOS-L4_V2.0.0, X-CUBE-AZRTOS-L5_V2.0.0, X-CUBE-AZRTOS-WB_V2.0.0, X-CUBE-AZRTOS-WL_V2.0.0, X-CUBE-BLE1_V7.1.0, X-CUBE-BLE2_V3.3.0, X-CUBE-BLEMGR_V4.0.0, X-CUBE-EEPRMA1_V5.1.0, X-CUBE-FREERTOS_V1.3.0, X-CUBE-GNSS1_V6.0.0, X-CUBE-MEMS1_V11.1.0, X-CUBE-NFC4_V3.0.0, X-CUBE-NFC7_V1.0.1, X-CUBE-SFXS2LP1_V4.0.0, X-CUBE-SUBG2_V5.0.0, X-CUBE-TOF1_V3.4.2]
2025-04-12 13:19:03,038 [INFO] DbBoardsSqlite:226 - include board P-NUCLEO-WB55-NUCLEO as a kit item of type 'Nucleo-64'
2025-04-12 13:19:03,038 [INFO] DbBoardsSqlite:226 - include board P-NUCLEO-WB55-USBDONGLE as a kit item of type 'Nucleo USB Dongle'
2025-04-12 13:19:03,040 [INFO] DbBoardsSqlite:226 - include board STEVAL-IDP005V1 as a kit item of type 'Evaluation Board'
2025-04-12 13:19:03,040 [INFO] DbBoardsSqlite:226 - include board STEVAL-IDP005V2 as a kit item of type 'Evaluation Board'
2025-04-12 13:19:03,564 [INFO] ApiDb:240 - Found 858 in-development CPN: [B-G473E-ZEST1S, B-WB1M-WPAN1, B-WBA5M-WPAN, B-WL5M-SUBG1, NUCLEO-C031C6, NUCLEO-C051C8, NUCLEO-C071RB, NUCLEO-C092RC, NUCLEO-H503RB, NUCLEO-H533RE, NUCLEO-H563ZI, NUCLEO-H7S3L8, NUCLEO-N657X0-Q, NUCLEO-U031R8, NUCLEO-U083RC, NUCLEO-U385RG-Q, NUCLEO-U545RE-Q, NUCLEO-U5A5ZJ-Q, NUCLEO-WB05KZ, NUCLEO-WB07CC, NUCLEO-WB09KE, NUCLEO-WBA52CG, NUCLEO-WBA55CG, NUCLEO-WL33CC1, NUCLEO-WL33CC2, STEVAL-PROTEUS1, STEVAL-SMARTAG2, STEVAL-STWINBX1, STM320518-EVAL, STM32C0116-DK, STM32C011D6Y3TR, STM32C011D6Y6TR, STM32C011F4P3, STM32C011F4P6, STM32C011F4U3, STM32C011F4U6TR, STM32C011F6P3, STM32C011F6P6, STM32C011F6U3, STM32C011F6U6TR, STM32C011J4M3, STM32C011J4M6, STM32C011J6M3, STM32C011J6M6, STM32C0316-DK, STM32C031C4T3, STM32C031C4T6, STM32C031C4U3, STM32C031C4U6, STM32C031C6T3, STM32C031C6T6, STM32C031C6U3, STM32C031C6U6, STM32C031F4P3, STM32C031F4P6, STM32C031F6P3, STM32C031F6P6, STM32C031G4U3, STM32C031G4U6, STM32C031G6U3, STM32C031G6U6, STM32C031K4T3, STM32C031K4T6, STM32C031K4U3, STM32C031K4U6, STM32C031K6T3, STM32C031K6T6, STM32C031K6U3, STM32C031K6U6, STM32C051C6T6, STM32C051C6U6, STM32C051C8T6, STM32C051C8U6, STM32C051D8Y6TR, STM32C051F6P6, STM32C051F8P6, STM32C051G6U6, STM32C051G8U6, STM32C051K6T6, STM32C051K6U6, STM32C051K8T6, STM32C071C8T6, STM32C071C8T6N, STM32C071C8U6, STM32C071C8U6N, STM32C071CBT6, STM32C071CBT6N, STM32C071CBU6, STM32C071CBU6N, STM32C071F8P6, STM32C071F8P6N, STM32C071FBP6, STM32C071FBP6N, STM32C071FBY6TR, STM32C071G8U6, STM32C071G8U6N, STM32C071GBU6, STM32C071GBU6N, STM32C071K8T6, STM32C071K8T6N, STM32C071K8U6, STM32C071K8U6N, STM32C071KBT6, STM32C071KBT6N, STM32C071KBU6, STM32C071KBU6N, STM32C071R8T6, STM32C071R8T6N, STM32C071RBI6N, STM32C071RBT6, STM32C071RBT6N, STM32C091CBT6, STM32C091CBU6, STM32C091CCT6, STM32C091CCU6, STM32C091ECY6TR, STM32C091FBP6, STM32C091FCP6, STM32C091GBU6, STM32C091GCU6, STM32C091KBT6, STM32C091KBU6, STM32C091KCT6, STM32C091KCU6, STM32C091RBT6, STM32C091RCI6, STM32C091RCT6, STM32C092CBT6, STM32C092CBU6, STM32C092CCT6, STM32C092CCU6, STM32C092ECY6TR, STM32C092FBP6, STM32C092FCP6, STM32C092GBU6, STM32C092GCU6, STM32C092KBT6, STM32C092KBU6, STM32C092KCT6, STM32C092KCU6, STM32C092RBT6, STM32C092RCI6, STM32C092RCT6, STM32G071K8TXN, STM32G071K8UXN, STM32G081GBU6N, STM32G081KBT6N, STM32G081KBUXN, STM32G0B1CCT6N, STM32G0B1KCT6, STM32G0B1NEY6TR, STM32G0B1RCT6N, STM32G0C1CCT6, STM32G0C1CCT6N, STM32G0C1CCU6N, STM32G0C1CET6N, STM32G0C1CEU6N, STM32G0C1KCT6, STM32G0C1NEY6TR, STM32G0C1RCI6N, STM32G0C1RCT6N, STM32G0C1REI6N, STM32G0C1RET6N, STM32G0C1VCI6, STM32G0C1VEI6, STM32G411C6T3, STM32G411C6T6, STM32G411C6U3, STM32G411C6U6, STM32G411C8T3, STM32G411C8T6, STM32G411C8U3, STM32G411C8U6, STM32G411CBT3, STM32G411CBT6, STM32G411CBU3, STM32G411CBU6, STM32G411CCT3, STM32G411CCT6, STM32G411CCU3, STM32G411CCU6, STM32G411K6T3, STM32G411K6T6, STM32G411K6U3, STM32G411K6U6, STM32G411K8T3, STM32G411K8T6, STM32G411K8U3, STM32G411K8U6, STM32G411KBT3, STM32G411KBT6, STM32G411KBU3, STM32G411KBU6, STM32G411M6T3, STM32G411M6T6, STM32G411M8T3, STM32G411M8T6, STM32G411MBT3, STM32G411MBT6, STM32G411MCT3, STM32G411MCT6, STM32G411R6T3, STM32G411R6T6, STM32G411R8T3, STM32G411R8T6, STM32G411RBT3, STM32G411RBT6, STM32G411RCT3, STM32G411RCT6, STM32G414CBT3, STM32G414CBT6, STM32G414CBU3, STM32G414CBU6, STM32G414CCT3, STM32G414CCT6, STM32G414CCU3, STM32G414CCU6, STM32G414MBT3, STM32G414MBT6, STM32G414MCT3, STM32G414MCT6, STM32G414RBT3, STM32G414RBT6, STM32G414RCT3, STM32G414RCT6, STM32G414VBT3, STM32G414VBT6, STM32G414VCT3, STM32G414VCT6, STM32G431CBT3Z, STM32G431RBT3Z, STM32G471CCT6, STM32G471CCU6, STM32G471CET3, STM32G471CET6, STM32G471CEU3, STM32G471CEU6, STM32G471MCT6, STM32G471MET3, STM32G471MET6, STM32G471MEY6TR, STM32G471QCT6, STM32G471QET3, STM32G471RCT6, STM32G471RET3, STM32G471RET6, STM32G471VCH6, STM32G471VCI6, STM32G471VCT6, STM32G471VEH3, STM32G471VEH6, STM32G471VEI3, STM32G471VEI6, STM32G471VET3, STM32G471VET6, STM32G473QET3Z, STM32G473RET3Z, STM32G474CCT6, STM32G491RET3Z, STM32H503CBT6, STM32H503CBU6, STM32H503EBY6TR, STM32H503KBU6, STM32H503RBT6, STM32H523CCT6, STM32H523CCU6, STM32H523CET6, STM32H523CEU6, STM32H523HEY6TR, STM32H523RCT6, STM32H523RET6, STM32H523VCI6, STM32H523VCT6, STM32H523VEI6, STM32H523VET6, STM32H523ZCJ6, STM32H523ZCT6, STM32H523ZEJ6, STM32H523ZET6, STM32H533CET6, STM32H533CEU6, STM32H533HEY6TR, STM32H533RET6, STM32H533VEI6, STM32H533VET6, STM32H533ZEJ6, STM32H533ZET6, STM32H562AGI6, STM32H562AII6, STM32H562IGK6, STM32H562IGT6, STM32H562IIK6, STM32H562IIT6, STM32H562RGT6, STM32H562RGV6, STM32H562RIT6, STM32H562RIV6, STM32H562VGT6, STM32H562VIT6, STM32H562ZGT6, STM32H562ZIT6, STM32H563AGI6, STM32H563AII3Q, STM32H563AII6, STM32H563IGK6, STM32H563IGT6, STM32H563IIK3Q, STM32H563IIK6, STM32H563IIT3Q, STM32H563IIT6, STM32H563MIY3QTR, STM32H563RGT6, STM32H563RGV6, STM32H563RIT6, STM32H563RIV6, STM32H563VGT6, STM32H563VIT3Q, STM32H563VIT6, STM32H563ZGT6, STM32H563ZIT3Q, STM32H563ZIT6, STM32H573AII3Q, STM32H573AII6, STM32H573I-DK, STM32H573IIK3Q, STM32H573IIK6, STM32H573IIT3Q, STM32H573IIT6, STM32H573MIY3QTR, STM32H573RIT6, STM32H573RIV6, STM32H573VIT3Q, STM32H573VIT6, STM32H573ZIT3Q, STM32H573ZIT6, STM32H7R3A8I6, STM32H7R3I8K6, STM32H7R3I8T6, STM32H7R3L8H6, STM32H7R3L8H6H, STM32H7R3R8V6, STM32H7R3V8H6, STM32H7R3V8T6, STM32H7R3V8Y6TR, STM32H7R3Z8J6, STM32H7R3Z8T6, STM32H7R7A8I6, STM32H7R7I8K6, STM32H7R7I8T6, STM32H7R7L8H6, STM32H7R7L8H6H, STM32H7R7Z8J6, STM32H7S3A8I6, STM32H7S3I8K6, STM32H7S3I8T6, STM32H7S3L8H6, STM32H7S3L8H6H, STM32H7S3R8V6, STM32H7S3V8H6, STM32H7S3V8T6, STM32H7S3V8Y6TR, STM32H7S3Z8J6, STM32H7S3Z8T6, STM32H7S78-DK, STM32H7S7A8I6, STM32H7S7I8K6, STM32H7S7I8T6, STM32H7S7L8H6, STM32H7S7L8H6H, STM32H7S7Z8J6, STM32L4R5QGI6STR, STM32MP131AAE3, STM32MP131AAF3, STM32MP131AAG3, STM32MP131CAE3, STM32MP131CAF3, STM32MP131CAG3, STM32MP131DAE7, STM32MP131DAF7, STM32MP131DAG7, STM32MP131FAE7, STM32MP131FAF7, STM32MP131FAG7, STM32MP133AAE3, STM32MP133AAF3, STM32MP133AAG3, STM32MP133CAE3, STM32MP133CAF3, STM32MP133CAG3, STM32MP133DAE7, STM32MP133DAF7, STM32MP133DAG7, STM32MP133FAE7, STM32MP133FAF7, STM32MP133FAG7, STM32MP135AAE3, STM32MP135AAF3, STM32MP135AAG3, STM32MP135CAE3, STM32MP135CAF3, STM32MP135CAG3, STM32MP135DAE7, STM32MP135DAF7, STM32MP135DAG7, STM32MP135F-DK, STM32MP135FAE7, STM32MP135FAF7, STM32MP135FAF7T, STM32MP135FAF7U, STM32MP135FAG7, STM32MP231AAJ3, STM32MP231AAK3, STM32MP231AAL3, STM32MP231CAJ3, STM32MP231CAK3, STM32MP231CAL3, STM32MP231DAJ3, STM32MP231DAK3, STM32MP231DAL3, STM32MP231FAJ3, STM32MP231FAK3, STM32MP231FAL3, STM32MP233AAJ3, STM32MP233AAK3, STM32MP233AAL3, STM32MP233CAJ3, STM32MP233CAK3, STM32MP233CAL3, STM32MP233DAJ3, STM32MP233DAK3, STM32MP233DAL3, STM32MP233FAJ3, STM32MP233FAK3, STM32MP233FAL3, STM32MP235AAJ3, STM32MP235AAK3, STM32MP235AAL3, STM32MP235CAJ3, STM32MP235CAK3, STM32MP235CAL3, STM32MP235DAJ3, STM32MP235DAK3, STM32MP235DAL3, STM32MP235FAJ3, STM32MP235FAK3, STM32MP235FAL3, STM32MP251AAI3, STM32MP251AAJ3, STM32MP251AAK3, STM32MP251AAL3, STM32MP251CAI3, STM32MP251CAJ3, STM32MP251CAK3, STM32MP251CAL3, STM32MP251DAI3, STM32MP251DAJ3, STM32MP251DAK3, STM32MP251DAL3, STM32MP251FAI3, STM32MP251FAJ3, STM32MP251FAK3, STM32MP251FAL3, STM32MP253AAI3, STM32MP253AAJ3, STM32MP253AAK3, STM32MP253AAL3, STM32MP253CAI3, STM32MP253CAJ3, STM32MP253CAK3, STM32MP253CAL3, STM32MP253DAI3, STM32MP253DAJ3, STM32MP253DAK3, STM32MP253DAL3, STM32MP253FAI3, STM32MP253FAJ3, STM32MP253FAK3, STM32MP253FAL3, STM32MP255AAI3, STM32MP255AAJ3, STM32MP255AAK3, STM32MP255AAL3, STM32MP255CAI3, STM32MP255CAJ3, STM32MP255CAK3, STM32MP255CAL3, STM32MP255DAI3, STM32MP255DAJ3, STM32MP255DAK3, STM32MP255DAL3, STM32MP255FAI3, STM32MP255FAJ3, STM32MP255FAK3, STM32MP255FAL3, STM32MP257AAI3, STM32MP257AAJ3, STM32MP257AAK3, STM32MP257AAL3, STM32MP257CAI3, STM32MP257CAJ3, STM32MP257CAK3, STM32MP257CAL3, STM32MP257DAI3, STM32MP257DAJ3, STM32MP257DAK3, STM32MP257DAL3, STM32MP257F-DK, STM32MP257F-EV1, STM32MP257FAI3, STM32MP257FAJ3, STM32MP257FAK3, STM32MP257FAL3, STM32N645A0H3Q, STM32N645B0H3Q, STM32N645I0H3Q, STM32N645L0H3Q, STM32N645X0H3Q, STM32N645Z0H3Q, STM32N647A0H3Q, STM32N647B0H3Q, STM32N647I0H3Q, STM32N647L0H3Q, STM32N647X0H3Q, STM32N647Z0H3Q, STM32N655A0H3Q, STM32N655B0H3Q, STM32N655I0H3Q, STM32N655L0H3Q, STM32N655X0H3Q, STM32N655Z0H3Q, STM32N6570-DK, STM32N657A0H3Q, STM32N657B0H3Q, STM32N657I0H3Q, STM32N657L0H3Q, STM32N657X0H3Q, STM32N657Z0H3Q, STM32U031C6T6, STM32U031C6U6, STM32U031C8T6, STM32U031C8U6, STM32U031F4P6, STM32U031F6P6, STM32U031F8P6, STM32U031G6Y6TR, STM32U031G8Y6TR, STM32U031K4U6, STM32U031K6U6, STM32U031K8U6, STM32U031R6I6, STM32U031R6T6, STM32U031R8I6, STM32U031R8T6, STM32U073C8T6, STM32U073C8U6, STM32U073CBT6, STM32U073CBU6, STM32U073CCT6, STM32U073CCU6, STM32U073H8Y6TR, STM32U073HBY6TR, STM32U073HCY6TR, STM32U073K8U6, STM32U073KBU6, STM32U073KCU6, STM32U073M8I6, STM32U073M8T6, STM32U073MBI6, STM32U073MBT6, STM32U073MCI6, STM32U073MCT6, STM32U073R8I6, STM32U073R8T6, STM32U073RBI6, STM32U073RBT6, STM32U073RCI6, STM32U073RCT6, STM32U083C-DK, STM32U083CCT6, STM32U083CCU6, STM32U083HCY6TR, STM32U083KCU6, STM32U083MCI6, STM32U083MCT6, STM32U083RCI6, STM32U083RCT6, STM32U375CET6, STM32U375CET6Q, STM32U375CEU6, STM32U375CEU6Q, STM32U375CEY6QTR, STM32U375CGT6, STM32U375CGT6Q, STM32U375CGU6, STM32U375CGU6Q, STM32U375CGY6QTR, STM32U375KEU6, STM32U375KGU6, STM32U375REI6, STM32U375REI6Q, STM32U375RET6, STM32U375RET6Q, STM32U375REY6GTR, STM32U375REY6QTR, STM32U375RGI6, STM32U375RGI6Q, STM32U375RGT6, STM32U375RGT6Q, STM32U375RGY6GTR, STM32U375RGY6QTR, STM32U375VEI6, STM32U375VEI6Q, STM32U375VET6, STM32U375VET6Q, STM32U375VGI6, STM32U375VGI6Q, STM32U375VGT6, STM32U375VGT6Q, STM32U385CGT6, STM32U385CGT6Q, STM32U385CGU6, STM32U385CGU6Q, STM32U385CGY6QTR, STM32U385KGU6, STM32U385RGI6, STM32U385RGI6Q, STM32U385RGT6, STM32U385RGT6Q, STM32U385RGY6GTR, STM32U385RGY6QTR, STM32U385VGI6, STM32U385VGI6Q, STM32U385VGT6, STM32U385VGT6Q, STM32U535CBT6, STM32U535CBT6Q, STM32U535CBU6, STM32U535CBU6Q, STM32U535CCT6, STM32U535CCT6Q, STM32U535CCU6, STM32U535CCU6Q, STM32U535CET6, STM32U535CET6Q, STM32U535CEU6, STM32U535CEU6Q, STM32U535JEY6QTR, STM32U535NCY6QTR, STM32U535NEY6QTR, STM32U535RBI6, STM32U535RBI6Q, STM32U535RBT6, STM32U535RBT6Q, STM32U535RCI6, STM32U535RCI6Q, STM32U535RCT6, STM32U535RCT6Q, STM32U535REI6, STM32U535REI6Q, STM32U535RET6, STM32U535RET6Q, STM32U535VCI6, STM32U535VCI6Q, STM32U535VCT6, STM32U535VCT6Q, STM32U535VEI6, STM32U535VEI6Q, STM32U535VET6, STM32U535VET6Q, STM32U545CET6, STM32U545CET6Q, STM32U545CEU6, STM32U545CEU6Q, STM32U545JEY6QTR, STM32U545NEY6QTR, STM32U545REI6, STM32U545REI6Q, STM32U545RET6, STM32U545RET6Q, STM32U545VEI6, STM32U545VEI6Q, STM32U545VET6, STM32U545VET6Q, STM32U595AIH6, STM32U595AIH6Q, STM32U595AJH6, STM32U595AJH6Q, STM32U595QII6, STM32U595QII6Q, STM32U595QJI6, STM32U595QJI6Q, STM32U595RIT6, STM32U595RIT6Q, STM32U595RJT6, STM32U595RJT6Q, STM32U595VIT6, STM32U595VIT6Q, STM32U595VJT6, STM32U595VJT6Q, STM32U595ZIT6, STM32U595ZIT6Q, STM32U595ZIY6QTR, STM32U595ZJT6, STM32U595ZJT6Q, STM32U595ZJY6QTR, STM32U599BJY6QTR, STM32U599NIH6Q, STM32U599NJH6Q, STM32U599VIT6Q, STM32U599VJT6, STM32U599VJT6Q, STM32U599ZIT6Q, STM32U599ZIY6QTR, STM32U599ZJT6Q, STM32U599ZJY6QTR, STM32U5A5AJH6, STM32U5A5AJH6Q, STM32U5A5QII3Q , STM32U5A5QJI6, STM32U5A5QJI6Q, STM32U5A5RJT6, STM32U5A5RJT6Q, STM32U5A5VJT6, STM32U5A5VJT6Q, STM32U5A5ZJT6, STM32U5A5ZJT6Q, STM32U5A5ZJY6QTR, STM32U5A9BJY6QTR, STM32U5A9J-DK, STM32U5A9NJH6Q, STM32U5A9VJT6Q, STM32U5A9ZJT6Q, STM32U5A9ZJY6QTR, STM32U5F7VIT6, STM32U5F7VIT6Q, STM32U5F7VJT6, STM32U5F7VJT6Q, STM32U5F9BJY6QTR, STM32U5F9NJH6Q, STM32U5F9VIT6Q, STM32U5F9VJT6Q, STM32U5F9ZIJ6QTR, STM32U5F9ZIT6Q, STM32U5F9ZJJ6QTR, STM32U5F9ZJT6Q, STM32U5G7VJT6, STM32U5G7VJT6Q, STM32U5G9BJY6QTR, STM32U5G9J-DK1, STM32U5G9J-DK2, STM32U5G9NJH6Q, STM32U5G9VJT6Q, STM32U5G9ZJJ6QTR, STM32U5G9ZJT6Q, STM32WB05KZV6TR, STM32WB05KZV7TR, STM32WB05TZF6TR, STM32WB05TZF7TR, STM32WB06CCF6TR, STM32WB06CCF7TR, STM32WB06CCV6TR, STM32WB06CCV7TR, STM32WB06KCV6TR, STM32WB06KCV7TR, STM32WB07CCF6TR, STM32WB07CCF7TR, STM32WB07CCV6TR, STM32WB07CCV7TR, STM32WB07KCV6TR, STM32WB07KCV7TR, STM32WB09KEV6TR, STM32WB09KEV7TR, STM32WB09TEF6TR, STM32WB09TEF7TR, STM32WB1MMCH6, STM32WBA50KGU6, STM32WBA50KGU6TR, STM32WBA52CEU6, STM32WBA52CEU6TR, STM32WBA52CEU7, STM32WBA52CEU7TR, STM32WBA52CGU6, STM32WBA52CGU6TR, STM32WBA52CGU6U, STM32WBA52CGU7, STM32WBA52CGU7TR, STM32WBA52KEU6, STM32WBA52KEU6TR, STM32WBA52KGU6, STM32WBA52KGU6TR, STM32WBA54CEU6, STM32WBA54CEU6TR, STM32WBA54CEU7, STM32WBA54CEU7TR, STM32WBA54CGU6, STM32WBA54CGU6TR, STM32WBA54CGU7, STM32WBA54CGU7TR, STM32WBA54KEU6, STM32WBA54KEU6TR, STM32WBA54KEU7, STM32WBA54KEU7TR, STM32WBA54KGU6, STM32WBA54KGU6TR, STM32WBA54KGU7, STM32WBA54KGU7TR, STM32WBA55CEU6, STM32WBA55CEU6TR, STM32WBA55CEU7, STM32WBA55CEU7TR, STM32WBA55CGU6, STM32WBA55CGU6TR, STM32WBA55CGU6U, STM32WBA55CGU7, STM32WBA55CGU7TR, STM32WBA55G-DK1, STM32WBA55HEF6, STM32WBA55HEF7, STM32WBA55HGF6, STM32WBA55HGF7, STM32WBA55UEI6, STM32WBA55UEI6TR, STM32WBA55UEI7, STM32WBA55UEI7TR, STM32WBA55UGI6, STM32WBA55UGI6TR, STM32WBA55UGI7, STM32WBA55UGI7TR, STM32WBA5MJGH6TR, STM32WBA5MJGH6U, STM32WL33C8V6, STM32WL33C8V6TR, STM32WL33C8V7, STM32WL33C8V7TR, STM32WL33CBV6, STM32WL33CBV6TR, STM32WL33CBV7, STM32WL33CBV7TR, STM32WL33CCV6, STM32WL33CCV6TR, STM32WL33CCV7, STM32WL33CCV7A, STM32WL33CCV7ATR, STM32WL33CCV7TR, STM32WL33K8V6, STM32WL33K8V6TR, STM32WL33K8V7, STM32WL33K8V7TR, STM32WL33KBV6, STM32WL33KBV6TR, STM32WL33KBV7, STM32WL33KBV7TR, STM32WL33KCV6, STM32WL33KCV6TR, STM32WL33KCV7, STM32WL33KCV7TR, STM32WL5MOCH6, STM32WL5MOCH6TR]
2025-04-12 13:19:03,933 [INFO] BoardInfo:889 - No configuration file found for board NUCLEO-WBA65RI
2025-04-12 13:19:03,935 [INFO] DbBoards:161 - Board is not supported: NUCLEO-WBA65RI
2025-04-12 13:19:03,953 [INFO] BoardInfo:889 - No configuration file found for board P-NUCLEO-WB55
2025-04-12 13:19:03,955 [INFO] DbBoards:161 - Kit is not supported: P-NUCLEO-WB55
2025-04-12 13:19:03,963 [INFO] BoardInfo:889 - No configuration file found for board STEVAL-BFA001V1B
2025-04-12 13:19:03,965 [INFO] DbBoards:161 - Kit is not supported: STEVAL-BFA001V1B
2025-04-12 13:19:03,966 [INFO] BoardInfo:889 - No configuration file found for board STEVAL-BFA001V2B
2025-04-12 13:19:03,967 [INFO] DbBoards:161 - Kit is not supported: STEVAL-BFA001V2B
2025-04-12 13:19:04,224 [INFO] BoardInfo:889 - No configuration file found for board STM32WBA65I-DK1
2025-04-12 13:19:04,227 [INFO] DbBoards:161 - Board is not supported: STM32WBA65I-DK1
2025-04-12 13:19:04,228 [INFO] DbBoards:168 - Found 211 boards, 206 are supported
2025-04-12 13:19:04,228 [INFO] DbBoards:169 - Found 211 boards, 42 of them is supported for  Bsp
2025-04-12 13:19:04,232 [INFO] ApiDb:668 - CubeFinder database Data Model version=2.1
2025-04-12 13:19:04,232 [INFO] ApiDb:669 - CubeFinder database Configuration version=3.0.39
2025-04-12 13:19:04,232 [INFO] ApiDb:670 - CubeFinder database generation date=2025-03-24 (1742811287)
2025-04-12 13:19:04,232 [INFO] ApiDb:671 - CubeFinder database FW Pack versions=[FP-ATR-ASTRA1_V2.0.0, FP-SNS-FLIGHT1_V5.0.2, FP-SNS-MOTENV1_V5.0.0, FP-SNS-MOTENVWB1_V1.4.0, FP-SNS-SMARTAG2_V1.2.0, FP-SNS-STBOX1_V2.0.0, STM32Cube_FW_C0_V1.4.0, STM32Cube_FW_F4_V1.28.1, STM32Cube_FW_F7_V1.17.2, STM32Cube_FW_G0_V1.6.2, STM32Cube_FW_G4_V1.6.1, STM32Cube_FW_H5_V1.5.0, STM32Cube_FW_H7RS_V1.2.0, STM32Cube_FW_H7_V1.12.1, STM32Cube_FW_L0_V1.12.2, STM32Cube_FW_L4_V1.18.1, STM32Cube_FW_L5_V1.5.1, STM32Cube_FW_N6_V1.1.0, STM32Cube_FW_U0_V1.2.0, STM32Cube_FW_U3_V1.1.0, STM32Cube_FW_U5_V1.7.0, STM32Cube_FW_WB0_V1.2.0, STM32Cube_FW_WBA_V1.6.0, STM32Cube_FW_WB_V1.22.0, STM32Cube_FW_WL3_V1.1.0, STM32Cube_FW_WL_V1.3.1, X-CUBE-ALGOBUILD_V1.4.0, X-CUBE-ALS_V1.0.2, X-CUBE-AZRTOS-F4_V1.1.0, X-CUBE-AZRTOS-F7_V1.1.0, X-CUBE-AZRTOS-G0_V1.1.0, X-CUBE-AZRTOS-G4_V2.0.0, X-CUBE-AZRTOS-H7RS_V1.0.0, X-CUBE-AZRTOS-H7_V3.3.0, X-CUBE-AZRTOS-L4_V2.0.0, X-CUBE-AZRTOS-L5_V2.0.0, X-CUBE-AZRTOS-WB_V2.0.0, X-CUBE-AZRTOS-WL_V2.0.0, X-CUBE-BLE1_V7.1.0, X-CUBE-BLE2_V3.3.0, X-CUBE-BLEMGR_V4.0.0, X-CUBE-EEPRMA1_V5.1.0, X-CUBE-FREERTOS_V1.3.0, X-CUBE-GNSS1_V6.0.0, X-CUBE-MEMS1_V11.1.0, X-CUBE-NFC4_V3.0.0, X-CUBE-NFC7_V1.0.1, X-CUBE-SFXS2LP1_V4.0.0, X-CUBE-SUBG2_V5.0.0, X-CUBE-TOF1_V3.4.2]
2025-04-12 13:19:06,263 [INFO] ApiDb:240 - Found 858 in-development CPN: [B-G473E-ZEST1S, B-WB1M-WPAN1, B-WBA5M-WPAN, B-WL5M-SUBG1, NUCLEO-C031C6, NUCLEO-C051C8, NUCLEO-C071RB, NUCLEO-C092RC, NUCLEO-H503RB, NUCLEO-H533RE, NUCLEO-H563ZI, NUCLEO-H7S3L8, NUCLEO-N657X0-Q, NUCLEO-U031R8, NUCLEO-U083RC, NUCLEO-U385RG-Q, NUCLEO-U545RE-Q, NUCLEO-U5A5ZJ-Q, NUCLEO-WB05KZ, NUCLEO-WB07CC, NUCLEO-WB09KE, NUCLEO-WBA52CG, NUCLEO-WBA55CG, NUCLEO-WL33CC1, NUCLEO-WL33CC2, STEVAL-PROTEUS1, STEVAL-SMARTAG2, STEVAL-STWINBX1, STM320518-EVAL, STM32C0116-DK, STM32C011D6Y3TR, STM32C011D6Y6TR, STM32C011F4P3, STM32C011F4P6, STM32C011F4U3, STM32C011F4U6TR, STM32C011F6P3, STM32C011F6P6, STM32C011F6U3, STM32C011F6U6TR, STM32C011J4M3, STM32C011J4M6, STM32C011J6M3, STM32C011J6M6, STM32C0316-DK, STM32C031C4T3, STM32C031C4T6, STM32C031C4U3, STM32C031C4U6, STM32C031C6T3, STM32C031C6T6, STM32C031C6U3, STM32C031C6U6, STM32C031F4P3, STM32C031F4P6, STM32C031F6P3, STM32C031F6P6, STM32C031G4U3, STM32C031G4U6, STM32C031G6U3, STM32C031G6U6, STM32C031K4T3, STM32C031K4T6, STM32C031K4U3, STM32C031K4U6, STM32C031K6T3, STM32C031K6T6, STM32C031K6U3, STM32C031K6U6, STM32C051C6T6, STM32C051C6U6, STM32C051C8T6, STM32C051C8U6, STM32C051D8Y6TR, STM32C051F6P6, STM32C051F8P6, STM32C051G6U6, STM32C051G8U6, STM32C051K6T6, STM32C051K6U6, STM32C051K8T6, STM32C071C8T6, STM32C071C8T6N, STM32C071C8U6, STM32C071C8U6N, STM32C071CBT6, STM32C071CBT6N, STM32C071CBU6, STM32C071CBU6N, STM32C071F8P6, STM32C071F8P6N, STM32C071FBP6, STM32C071FBP6N, STM32C071FBY6TR, STM32C071G8U6, STM32C071G8U6N, STM32C071GBU6, STM32C071GBU6N, STM32C071K8T6, STM32C071K8T6N, STM32C071K8U6, STM32C071K8U6N, STM32C071KBT6, STM32C071KBT6N, STM32C071KBU6, STM32C071KBU6N, STM32C071R8T6, STM32C071R8T6N, STM32C071RBI6N, STM32C071RBT6, STM32C071RBT6N, STM32C091CBT6, STM32C091CBU6, STM32C091CCT6, STM32C091CCU6, STM32C091ECY6TR, STM32C091FBP6, STM32C091FCP6, STM32C091GBU6, STM32C091GCU6, STM32C091KBT6, STM32C091KBU6, STM32C091KCT6, STM32C091KCU6, STM32C091RBT6, STM32C091RCI6, STM32C091RCT6, STM32C092CBT6, STM32C092CBU6, STM32C092CCT6, STM32C092CCU6, STM32C092ECY6TR, STM32C092FBP6, STM32C092FCP6, STM32C092GBU6, STM32C092GCU6, STM32C092KBT6, STM32C092KBU6, STM32C092KCT6, STM32C092KCU6, STM32C092RBT6, STM32C092RCI6, STM32C092RCT6, STM32G071K8TXN, STM32G071K8UXN, STM32G081GBU6N, STM32G081KBT6N, STM32G081KBUXN, STM32G0B1CCT6N, STM32G0B1KCT6, STM32G0B1NEY6TR, STM32G0B1RCT6N, STM32G0C1CCT6, STM32G0C1CCT6N, STM32G0C1CCU6N, STM32G0C1CET6N, STM32G0C1CEU6N, STM32G0C1KCT6, STM32G0C1NEY6TR, STM32G0C1RCI6N, STM32G0C1RCT6N, STM32G0C1REI6N, STM32G0C1RET6N, STM32G0C1VCI6, STM32G0C1VEI6, STM32G411C6T3, STM32G411C6T6, STM32G411C6U3, STM32G411C6U6, STM32G411C8T3, STM32G411C8T6, STM32G411C8U3, STM32G411C8U6, STM32G411CBT3, STM32G411CBT6, STM32G411CBU3, STM32G411CBU6, STM32G411CCT3, STM32G411CCT6, STM32G411CCU3, STM32G411CCU6, STM32G411K6T3, STM32G411K6T6, STM32G411K6U3, STM32G411K6U6, STM32G411K8T3, STM32G411K8T6, STM32G411K8U3, STM32G411K8U6, STM32G411KBT3, STM32G411KBT6, STM32G411KBU3, STM32G411KBU6, STM32G411M6T3, STM32G411M6T6, STM32G411M8T3, STM32G411M8T6, STM32G411MBT3, STM32G411MBT6, STM32G411MCT3, STM32G411MCT6, STM32G411R6T3, STM32G411R6T6, STM32G411R8T3, STM32G411R8T6, STM32G411RBT3, STM32G411RBT6, STM32G411RCT3, STM32G411RCT6, STM32G414CBT3, STM32G414CBT6, STM32G414CBU3, STM32G414CBU6, STM32G414CCT3, STM32G414CCT6, STM32G414CCU3, STM32G414CCU6, STM32G414MBT3, STM32G414MBT6, STM32G414MCT3, STM32G414MCT6, STM32G414RBT3, STM32G414RBT6, STM32G414RCT3, STM32G414RCT6, STM32G414VBT3, STM32G414VBT6, STM32G414VCT3, STM32G414VCT6, STM32G431CBT3Z, STM32G431RBT3Z, STM32G471CCT6, STM32G471CCU6, STM32G471CET3, STM32G471CET6, STM32G471CEU3, STM32G471CEU6, STM32G471MCT6, STM32G471MET3, STM32G471MET6, STM32G471MEY6TR, STM32G471QCT6, STM32G471QET3, STM32G471RCT6, STM32G471RET3, STM32G471RET6, STM32G471VCH6, STM32G471VCI6, STM32G471VCT6, STM32G471VEH3, STM32G471VEH6, STM32G471VEI3, STM32G471VEI6, STM32G471VET3, STM32G471VET6, STM32G473QET3Z, STM32G473RET3Z, STM32G474CCT6, STM32G491RET3Z, STM32H503CBT6, STM32H503CBU6, STM32H503EBY6TR, STM32H503KBU6, STM32H503RBT6, STM32H523CCT6, STM32H523CCU6, STM32H523CET6, STM32H523CEU6, STM32H523HEY6TR, STM32H523RCT6, STM32H523RET6, STM32H523VCI6, STM32H523VCT6, STM32H523VEI6, STM32H523VET6, STM32H523ZCJ6, STM32H523ZCT6, STM32H523ZEJ6, STM32H523ZET6, STM32H533CET6, STM32H533CEU6, STM32H533HEY6TR, STM32H533RET6, STM32H533VEI6, STM32H533VET6, STM32H533ZEJ6, STM32H533ZET6, STM32H562AGI6, STM32H562AII6, STM32H562IGK6, STM32H562IGT6, STM32H562IIK6, STM32H562IIT6, STM32H562RGT6, STM32H562RGV6, STM32H562RIT6, STM32H562RIV6, STM32H562VGT6, STM32H562VIT6, STM32H562ZGT6, STM32H562ZIT6, STM32H563AGI6, STM32H563AII3Q, STM32H563AII6, STM32H563IGK6, STM32H563IGT6, STM32H563IIK3Q, STM32H563IIK6, STM32H563IIT3Q, STM32H563IIT6, STM32H563MIY3QTR, STM32H563RGT6, STM32H563RGV6, STM32H563RIT6, STM32H563RIV6, STM32H563VGT6, STM32H563VIT3Q, STM32H563VIT6, STM32H563ZGT6, STM32H563ZIT3Q, STM32H563ZIT6, STM32H573AII3Q, STM32H573AII6, STM32H573I-DK, STM32H573IIK3Q, STM32H573IIK6, STM32H573IIT3Q, STM32H573IIT6, STM32H573MIY3QTR, STM32H573RIT6, STM32H573RIV6, STM32H573VIT3Q, STM32H573VIT6, STM32H573ZIT3Q, STM32H573ZIT6, STM32H7R3A8I6, STM32H7R3I8K6, STM32H7R3I8T6, STM32H7R3L8H6, STM32H7R3L8H6H, STM32H7R3R8V6, STM32H7R3V8H6, STM32H7R3V8T6, STM32H7R3V8Y6TR, STM32H7R3Z8J6, STM32H7R3Z8T6, STM32H7R7A8I6, STM32H7R7I8K6, STM32H7R7I8T6, STM32H7R7L8H6, STM32H7R7L8H6H, STM32H7R7Z8J6, STM32H7S3A8I6, STM32H7S3I8K6, STM32H7S3I8T6, STM32H7S3L8H6, STM32H7S3L8H6H, STM32H7S3R8V6, STM32H7S3V8H6, STM32H7S3V8T6, STM32H7S3V8Y6TR, STM32H7S3Z8J6, STM32H7S3Z8T6, STM32H7S78-DK, STM32H7S7A8I6, STM32H7S7I8K6, STM32H7S7I8T6, STM32H7S7L8H6, STM32H7S7L8H6H, STM32H7S7Z8J6, STM32L4R5QGI6STR, STM32MP131AAE3, STM32MP131AAF3, STM32MP131AAG3, STM32MP131CAE3, STM32MP131CAF3, STM32MP131CAG3, STM32MP131DAE7, STM32MP131DAF7, STM32MP131DAG7, STM32MP131FAE7, STM32MP131FAF7, STM32MP131FAG7, STM32MP133AAE3, STM32MP133AAF3, STM32MP133AAG3, STM32MP133CAE3, STM32MP133CAF3, STM32MP133CAG3, STM32MP133DAE7, STM32MP133DAF7, STM32MP133DAG7, STM32MP133FAE7, STM32MP133FAF7, STM32MP133FAG7, STM32MP135AAE3, STM32MP135AAF3, STM32MP135AAG3, STM32MP135CAE3, STM32MP135CAF3, STM32MP135CAG3, STM32MP135DAE7, STM32MP135DAF7, STM32MP135DAG7, STM32MP135F-DK, STM32MP135FAE7, STM32MP135FAF7, STM32MP135FAF7T, STM32MP135FAF7U, STM32MP135FAG7, STM32MP231AAJ3, STM32MP231AAK3, STM32MP231AAL3, STM32MP231CAJ3, STM32MP231CAK3, STM32MP231CAL3, STM32MP231DAJ3, STM32MP231DAK3, STM32MP231DAL3, STM32MP231FAJ3, STM32MP231FAK3, STM32MP231FAL3, STM32MP233AAJ3, STM32MP233AAK3, STM32MP233AAL3, STM32MP233CAJ3, STM32MP233CAK3, STM32MP233CAL3, STM32MP233DAJ3, STM32MP233DAK3, STM32MP233DAL3, STM32MP233FAJ3, STM32MP233FAK3, STM32MP233FAL3, STM32MP235AAJ3, STM32MP235AAK3, STM32MP235AAL3, STM32MP235CAJ3, STM32MP235CAK3, STM32MP235CAL3, STM32MP235DAJ3, STM32MP235DAK3, STM32MP235DAL3, STM32MP235FAJ3, STM32MP235FAK3, STM32MP235FAL3, STM32MP251AAI3, STM32MP251AAJ3, STM32MP251AAK3, STM32MP251AAL3, STM32MP251CAI3, STM32MP251CAJ3, STM32MP251CAK3, STM32MP251CAL3, STM32MP251DAI3, STM32MP251DAJ3, STM32MP251DAK3, STM32MP251DAL3, STM32MP251FAI3, STM32MP251FAJ3, STM32MP251FAK3, STM32MP251FAL3, STM32MP253AAI3, STM32MP253AAJ3, STM32MP253AAK3, STM32MP253AAL3, STM32MP253CAI3, STM32MP253CAJ3, STM32MP253CAK3, STM32MP253CAL3, STM32MP253DAI3, STM32MP253DAJ3, STM32MP253DAK3, STM32MP253DAL3, STM32MP253FAI3, STM32MP253FAJ3, STM32MP253FAK3, STM32MP253FAL3, STM32MP255AAI3, STM32MP255AAJ3, STM32MP255AAK3, STM32MP255AAL3, STM32MP255CAI3, STM32MP255CAJ3, STM32MP255CAK3, STM32MP255CAL3, STM32MP255DAI3, STM32MP255DAJ3, STM32MP255DAK3, STM32MP255DAL3, STM32MP255FAI3, STM32MP255FAJ3, STM32MP255FAK3, STM32MP255FAL3, STM32MP257AAI3, STM32MP257AAJ3, STM32MP257AAK3, STM32MP257AAL3, STM32MP257CAI3, STM32MP257CAJ3, STM32MP257CAK3, STM32MP257CAL3, STM32MP257DAI3, STM32MP257DAJ3, STM32MP257DAK3, STM32MP257DAL3, STM32MP257F-DK, STM32MP257F-EV1, STM32MP257FAI3, STM32MP257FAJ3, STM32MP257FAK3, STM32MP257FAL3, STM32N645A0H3Q, STM32N645B0H3Q, STM32N645I0H3Q, STM32N645L0H3Q, STM32N645X0H3Q, STM32N645Z0H3Q, STM32N647A0H3Q, STM32N647B0H3Q, STM32N647I0H3Q, STM32N647L0H3Q, STM32N647X0H3Q, STM32N647Z0H3Q, STM32N655A0H3Q, STM32N655B0H3Q, STM32N655I0H3Q, STM32N655L0H3Q, STM32N655X0H3Q, STM32N655Z0H3Q, STM32N6570-DK, STM32N657A0H3Q, STM32N657B0H3Q, STM32N657I0H3Q, STM32N657L0H3Q, STM32N657X0H3Q, STM32N657Z0H3Q, STM32U031C6T6, STM32U031C6U6, STM32U031C8T6, STM32U031C8U6, STM32U031F4P6, STM32U031F6P6, STM32U031F8P6, STM32U031G6Y6TR, STM32U031G8Y6TR, STM32U031K4U6, STM32U031K6U6, STM32U031K8U6, STM32U031R6I6, STM32U031R6T6, STM32U031R8I6, STM32U031R8T6, STM32U073C8T6, STM32U073C8U6, STM32U073CBT6, STM32U073CBU6, STM32U073CCT6, STM32U073CCU6, STM32U073H8Y6TR, STM32U073HBY6TR, STM32U073HCY6TR, STM32U073K8U6, STM32U073KBU6, STM32U073KCU6, STM32U073M8I6, STM32U073M8T6, STM32U073MBI6, STM32U073MBT6, STM32U073MCI6, STM32U073MCT6, STM32U073R8I6, STM32U073R8T6, STM32U073RBI6, STM32U073RBT6, STM32U073RCI6, STM32U073RCT6, STM32U083C-DK, STM32U083CCT6, STM32U083CCU6, STM32U083HCY6TR, STM32U083KCU6, STM32U083MCI6, STM32U083MCT6, STM32U083RCI6, STM32U083RCT6, STM32U375CET6, STM32U375CET6Q, STM32U375CEU6, STM32U375CEU6Q, STM32U375CEY6QTR, STM32U375CGT6, STM32U375CGT6Q, STM32U375CGU6, STM32U375CGU6Q, STM32U375CGY6QTR, STM32U375KEU6, STM32U375KGU6, STM32U375REI6, STM32U375REI6Q, STM32U375RET6, STM32U375RET6Q, STM32U375REY6GTR, STM32U375REY6QTR, STM32U375RGI6, STM32U375RGI6Q, STM32U375RGT6, STM32U375RGT6Q, STM32U375RGY6GTR, STM32U375RGY6QTR, STM32U375VEI6, STM32U375VEI6Q, STM32U375VET6, STM32U375VET6Q, STM32U375VGI6, STM32U375VGI6Q, STM32U375VGT6, STM32U375VGT6Q, STM32U385CGT6, STM32U385CGT6Q, STM32U385CGU6, STM32U385CGU6Q, STM32U385CGY6QTR, STM32U385KGU6, STM32U385RGI6, STM32U385RGI6Q, STM32U385RGT6, STM32U385RGT6Q, STM32U385RGY6GTR, STM32U385RGY6QTR, STM32U385VGI6, STM32U385VGI6Q, STM32U385VGT6, STM32U385VGT6Q, STM32U535CBT6, STM32U535CBT6Q, STM32U535CBU6, STM32U535CBU6Q, STM32U535CCT6, STM32U535CCT6Q, STM32U535CCU6, STM32U535CCU6Q, STM32U535CET6, STM32U535CET6Q, STM32U535CEU6, STM32U535CEU6Q, STM32U535JEY6QTR, STM32U535NCY6QTR, STM32U535NEY6QTR, STM32U535RBI6, STM32U535RBI6Q, STM32U535RBT6, STM32U535RBT6Q, STM32U535RCI6, STM32U535RCI6Q, STM32U535RCT6, STM32U535RCT6Q, STM32U535REI6, STM32U535REI6Q, STM32U535RET6, STM32U535RET6Q, STM32U535VCI6, STM32U535VCI6Q, STM32U535VCT6, STM32U535VCT6Q, STM32U535VEI6, STM32U535VEI6Q, STM32U535VET6, STM32U535VET6Q, STM32U545CET6, STM32U545CET6Q, STM32U545CEU6, STM32U545CEU6Q, STM32U545JEY6QTR, STM32U545NEY6QTR, STM32U545REI6, STM32U545REI6Q, STM32U545RET6, STM32U545RET6Q, STM32U545VEI6, STM32U545VEI6Q, STM32U545VET6, STM32U545VET6Q, STM32U595AIH6, STM32U595AIH6Q, STM32U595AJH6, STM32U595AJH6Q, STM32U595QII6, STM32U595QII6Q, STM32U595QJI6, STM32U595QJI6Q, STM32U595RIT6, STM32U595RIT6Q, STM32U595RJT6, STM32U595RJT6Q, STM32U595VIT6, STM32U595VIT6Q, STM32U595VJT6, STM32U595VJT6Q, STM32U595ZIT6, STM32U595ZIT6Q, STM32U595ZIY6QTR, STM32U595ZJT6, STM32U595ZJT6Q, STM32U595ZJY6QTR, STM32U599BJY6QTR, STM32U599NIH6Q, STM32U599NJH6Q, STM32U599VIT6Q, STM32U599VJT6, STM32U599VJT6Q, STM32U599ZIT6Q, STM32U599ZIY6QTR, STM32U599ZJT6Q, STM32U599ZJY6QTR, STM32U5A5AJH6, STM32U5A5AJH6Q, STM32U5A5QII3Q , STM32U5A5QJI6, STM32U5A5QJI6Q, STM32U5A5RJT6, STM32U5A5RJT6Q, STM32U5A5VJT6, STM32U5A5VJT6Q, STM32U5A5ZJT6, STM32U5A5ZJT6Q, STM32U5A5ZJY6QTR, STM32U5A9BJY6QTR, STM32U5A9J-DK, STM32U5A9NJH6Q, STM32U5A9VJT6Q, STM32U5A9ZJT6Q, STM32U5A9ZJY6QTR, STM32U5F7VIT6, STM32U5F7VIT6Q, STM32U5F7VJT6, STM32U5F7VJT6Q, STM32U5F9BJY6QTR, STM32U5F9NJH6Q, STM32U5F9VIT6Q, STM32U5F9VJT6Q, STM32U5F9ZIJ6QTR, STM32U5F9ZIT6Q, STM32U5F9ZJJ6QTR, STM32U5F9ZJT6Q, STM32U5G7VJT6, STM32U5G7VJT6Q, STM32U5G9BJY6QTR, STM32U5G9J-DK1, STM32U5G9J-DK2, STM32U5G9NJH6Q, STM32U5G9VJT6Q, STM32U5G9ZJJ6QTR, STM32U5G9ZJT6Q, STM32WB05KZV6TR, STM32WB05KZV7TR, STM32WB05TZF6TR, STM32WB05TZF7TR, STM32WB06CCF6TR, STM32WB06CCF7TR, STM32WB06CCV6TR, STM32WB06CCV7TR, STM32WB06KCV6TR, STM32WB06KCV7TR, STM32WB07CCF6TR, STM32WB07CCF7TR, STM32WB07CCV6TR, STM32WB07CCV7TR, STM32WB07KCV6TR, STM32WB07KCV7TR, STM32WB09KEV6TR, STM32WB09KEV7TR, STM32WB09TEF6TR, STM32WB09TEF7TR, STM32WB1MMCH6, STM32WBA50KGU6, STM32WBA50KGU6TR, STM32WBA52CEU6, STM32WBA52CEU6TR, STM32WBA52CEU7, STM32WBA52CEU7TR, STM32WBA52CGU6, STM32WBA52CGU6TR, STM32WBA52CGU6U, STM32WBA52CGU7, STM32WBA52CGU7TR, STM32WBA52KEU6, STM32WBA52KEU6TR, STM32WBA52KGU6, STM32WBA52KGU6TR, STM32WBA54CEU6, STM32WBA54CEU6TR, STM32WBA54CEU7, STM32WBA54CEU7TR, STM32WBA54CGU6, STM32WBA54CGU6TR, STM32WBA54CGU7, STM32WBA54CGU7TR, STM32WBA54KEU6, STM32WBA54KEU6TR, STM32WBA54KEU7, STM32WBA54KEU7TR, STM32WBA54KGU6, STM32WBA54KGU6TR, STM32WBA54KGU7, STM32WBA54KGU7TR, STM32WBA55CEU6, STM32WBA55CEU6TR, STM32WBA55CEU7, STM32WBA55CEU7TR, STM32WBA55CGU6, STM32WBA55CGU6TR, STM32WBA55CGU6U, STM32WBA55CGU7, STM32WBA55CGU7TR, STM32WBA55G-DK1, STM32WBA55HEF6, STM32WBA55HEF7, STM32WBA55HGF6, STM32WBA55HGF7, STM32WBA55UEI6, STM32WBA55UEI6TR, STM32WBA55UEI7, STM32WBA55UEI7TR, STM32WBA55UGI6, STM32WBA55UGI6TR, STM32WBA55UGI7, STM32WBA55UGI7TR, STM32WBA5MJGH6TR, STM32WBA5MJGH6U, STM32WL33C8V6, STM32WL33C8V6TR, STM32WL33C8V7, STM32WL33C8V7TR, STM32WL33CBV6, STM32WL33CBV6TR, STM32WL33CBV7, STM32WL33CBV7TR, STM32WL33CCV6, STM32WL33CCV6TR, STM32WL33CCV7, STM32WL33CCV7A, STM32WL33CCV7ATR, STM32WL33CCV7TR, STM32WL33K8V6, STM32WL33K8V6TR, STM32WL33K8V7, STM32WL33K8V7TR, STM32WL33KBV6, STM32WL33KBV6TR, STM32WL33KBV7, STM32WL33KBV7TR, STM32WL33KCV6, STM32WL33KCV6TR, STM32WL33KCV7, STM32WL33KCV7TR, STM32WL5MOCH6, STM32WL5MOCH6TR]
2025-04-12 13:19:06,269 [INFO] DbMcus:218 - Found 4674 MCUs, 4674 are supported
2025-04-12 13:19:06,269 [INFO] ApiDb:423 - Load user favorites file C:\Users\Flori/.stm32cubeide/favorites.mcus.txt: 0 item(s)
2025-04-12 13:19:06,269 [INFO] ApiDb:427 - User favorites MCUs=[]
2025-04-12 13:19:06,269 [INFO] DbMcus:224 - Set 0 / 0 favorites MCUs
2025-04-12 13:19:06,819 [INFO] ApiDb:423 - Load user favorites file C:\Users\Flori/.stm32cubeide/favorites.boards.txt: 0 item(s)
2025-04-12 13:19:06,819 [INFO] ApiDb:427 - User favorites Boards=[]
2025-04-12 13:19:06,820 [INFO] DbBoards:198 - Set 0 / 0 favorites Boards
2025-04-12 13:19:06,820 [INFO] McuFinderGlobals:76 - Set McuFinderConnectedMode to true
2025-04-12 13:19:06,828 [INFO] MultiScanPanel:200 - Auto-refresh data requested => check proxy status ongoing
2025-04-12 13:19:06,830 [INFO] FinderPluginLoader:95 - Searching for filters in installed packs
2025-04-12 13:19:08,558 [INFO] LoadUrlFilesThread:185 - End of LoadServerUrlFiles without Thread
2025-04-12 13:19:08,644 [INFO] DetailPanel:341 - Set advertising image to C:/Users/Flori/STM32Cube/Repository/\en.prom-stm32u3-mcu-finder.jpg
2025-04-12 13:19:13,109 [INFO] MultiScanPanel:200 - Auto-refresh data requested => check proxy status ongoing
2025-04-12 13:19:13,270 [INFO] LoadUrlFilesThread:185 - End of LoadServerUrlFiles without Thread
2025-04-12 13:19:13,270 [INFO] DetailPanel:341 - Set advertising image to C:/Users/Flori/STM32Cube/Repository/\en.prom-stm32u3-mcu-finder.jpg
2025-04-12 13:19:13,287 [INFO] DbBoards:642 - Loading board mini-images...
2025-04-12 13:19:13,375 [ERROR] DbBoards:659 - Image file not found for board B-WBA5M-WPAN: C:\Users\Flori\.stmcufinder\plugins\mcufinder//mcu//boards_images/B-WBA5M-WPAN.jpg
2025-04-12 13:19:15,566 [INFO] DbBoards:665 - Loaded 210 board mini-images
2025-04-12 13:19:57,069 [INFO] MainUpdater:2872 - connection check result : 10
2025-04-12 13:19:57,069 [INFO] MainUpdater:2872 - connection check result : 10
2025-04-12 13:19:57,093 [INFO] MicroXplorer:468 - Change Database Path : 
2025-04-12 13:19:57,093 [INFO] MicroXplorer:498 - Change Database Version : DB.6.0.130
2025-04-12 13:19:57,099 [WARN] ThirdParty:871 - waiting for thirdparty lock release [close project]
2025-04-12 13:19:57,099 [INFO] ThirdParty:873 - entering critical section [close project]
2025-04-12 13:19:57,100 [INFO] ThirdParty:883 - exiting critical section [close project]
2025-04-12 13:19:57,104 [INFO] PinOutPanel:1589 - setPackage(No Configuration,No Configuration)
2025-04-12 13:19:57,112 [INFO] UtilMem:75 - Begin LoadConfig() Used Memory: 976243552 Bytes (1073741824)
2025-04-12 13:19:57,117 [INFO] OpenFileManager:332 - Change cursor
2025-04-12 13:19:57,186 [INFO] ProjectFactory:442 - No CPN specified for board NUCLEO-F411RE => set CPN to STM32F411RET6
2025-04-12 13:19:57,187 [INFO] Mcu:2035 - Initializing MCU STM32F411R(C-E)Tx STM32F411RETx STM32F411RET6
2025-04-12 13:19:58,902 [INFO] Context:748 - Trying to add GPIOservice into a context  which must be forbidden
2025-04-12 13:19:59,390 [INFO] Rule:228 - rule 117617 - U5Cobra4M][GTZC] default value MPCBB3 and MPCBB5 - Not Secured memory - MPCBB1 is applicable
2025-04-12 13:19:59,390 [INFO] Rule:228 - rule 117617 - U5Cobra4M][GTZC] default value MPCBB3 and MPCBB5 - Not Secured memory - MPCBB1 is applicable
2025-04-12 13:19:59,390 [INFO] Rule:228 - rule 117617 - U5Cobra4M][GTZC] default value MPCBB3 and MPCBB5 - Not Secured memory - MPCBB2 is applicable
2025-04-12 13:19:59,390 [INFO] Rule:228 - rule 117617 - U5Cobra4M][GTZC] default value MPCBB3 and MPCBB5 - Not Secured memory - MPCBB2 is applicable
2025-04-12 13:19:59,390 [INFO] Rule:228 - rule 117617 - U5Cobra4M][GTZC] default value MPCBB3 and MPCBB5 - Not Secured memory - MPCBB3 is applicable
2025-04-12 13:19:59,390 [INFO] Rule:228 - rule 117617 - U5Cobra4M][GTZC] default value MPCBB3 and MPCBB5 - Not Secured memory - MPCBB3 is applicable
2025-04-12 13:19:59,390 [INFO] Rule:228 - rule 117617 - U5Cobra4M][GTZC] default value MPCBB3 and MPCBB5 - Not Secured memory - MPCBB4 is applicable
2025-04-12 13:19:59,391 [INFO] Rule:228 - rule 117617 - U5Cobra4M][GTZC] default value MPCBB3 and MPCBB5 - Not Secured memory - MPCBB4 is applicable
2025-04-12 13:19:59,391 [INFO] Rule:228 - rule 117617 - U5Cobra4M][GTZC] default value MPCBB3 and MPCBB5 - Secured memory - MPCBB1 is applicable
2025-04-12 13:19:59,391 [INFO] Rule:228 - rule 117617 - U5Cobra4M][GTZC] default value MPCBB3 and MPCBB5 - Secured memory - MPCBB2 is applicable
2025-04-12 13:19:59,391 [INFO] Rule:228 - rule 117617 - U5Cobra4M][GTZC] default value MPCBB3 and MPCBB5 - Secured memory - MPCBB3 is applicable
2025-04-12 13:19:59,391 [INFO] Rule:228 - rule 117617 - U5Cobra4M][GTZC] default value MPCBB3 and MPCBB5 - Secured memory - MPCBB4 is applicable
2025-04-12 13:19:59,391 [INFO] Rule:228 - rule 117617 - U5Cobra4M][GTZC] default value MPCBB3 and MPCBB5 - Privileged memory - MPCBB1 is applicable
2025-04-12 13:19:59,391 [INFO] Rule:228 - rule 117617 - U5Cobra4M][GTZC] default value MPCBB3 and MPCBB5 - Privileged memory - MPCBB2 is applicable
2025-04-12 13:19:59,391 [INFO] Rule:228 - rule 117617 - U5Cobra4M][GTZC] default value MPCBB3 and MPCBB5 - Privileged memory - MPCBB3 is applicable
2025-04-12 13:19:59,391 [INFO] Rule:228 - rule 117617 - U5Cobra4M][GTZC] default value MPCBB3 and MPCBB5 - Privileged memory - MPCBB4 is applicable
2025-04-12 13:19:59,391 [INFO] Rule:228 - rule 117617 - U5Cobra4M][GTZC] default value MPCBB3 and MPCBB5 - Not Privileged memory - MPCBB1 is applicable
2025-04-12 13:19:59,391 [INFO] Rule:228 - rule 117617 - U5Cobra4M][GTZC] default value MPCBB3 and MPCBB5 - Not Privileged memory - MPCBB2 is applicable
2025-04-12 13:19:59,391 [INFO] Rule:228 - rule 117617 - U5Cobra4M][GTZC] default value MPCBB3 and MPCBB5 - Not Privileged memory - MPCBB3 is applicable
2025-04-12 13:19:59,391 [INFO] Rule:228 - rule 117617 - U5Cobra4M][GTZC] default value MPCBB3 and MPCBB5 - Not Privileged memory - MPCBB4 is applicable
2025-04-12 13:19:59,391 [INFO] Rule:228 - rule 117617 - U5Cobra4M][GTZC] default value MPCBB3 and MPCBB5 - Privileged memory - MPCBB1 is applicable
2025-04-12 13:19:59,391 [INFO] Rule:228 - rule 117617 - U5Cobra4M][GTZC] default value MPCBB3 and MPCBB5 - Privileged memory - MPCBB2 is applicable
2025-04-12 13:19:59,391 [INFO] Rule:228 - rule 117617 - U5Cobra4M][GTZC] default value MPCBB3 and MPCBB5 - Privileged memory - MPCBB3 is applicable
2025-04-12 13:19:59,391 [INFO] Rule:228 - rule 117617 - U5Cobra4M][GTZC] default value MPCBB3 and MPCBB5 - Privileged memory - MPCBB4 is applicable
2025-04-12 13:19:59,392 [INFO] Rule:228 - rule 117617 - U5Cobra4M][GTZC] default value MPCBB3 and MPCBB5 - Privileged memory - MPCBB1 is applicable
2025-04-12 13:19:59,392 [INFO] Rule:228 - rule 117617 - U5Cobra4M][GTZC] default value MPCBB3 and MPCBB5 - Privileged memory - MPCBB2 is applicable
2025-04-12 13:19:59,392 [INFO] Rule:228 - rule 117617 - U5Cobra4M][GTZC] default value MPCBB3 and MPCBB5 - Privileged memory - MPCBB3 is applicable
2025-04-12 13:19:59,392 [INFO] Rule:228 - rule 117617 - U5Cobra4M][GTZC] default value MPCBB3 and MPCBB5 - Privileged memory - MPCBB4 is applicable
2025-04-12 13:19:59,392 [INFO] Rule:228 - rule 117617 - U5Cobra4M][GTZC] default value MPCBB3 and MPCBB5 - Not Privileged memory - MPCBB1 is applicable
2025-04-12 13:19:59,393 [INFO] Rule:228 - rule 117617 - U5Cobra4M][GTZC] default value MPCBB3 and MPCBB5 - Not Privileged memory - MPCBB2 is applicable
2025-04-12 13:19:59,393 [INFO] Rule:228 - rule 117617 - U5Cobra4M][GTZC] default value MPCBB3 and MPCBB5 - Not Privileged memory - MPCBB3 is applicable
2025-04-12 13:19:59,393 [INFO] Rule:228 - rule 117617 - U5Cobra4M][GTZC] default value MPCBB3 and MPCBB5 - Not Privileged memory - MPCBB4 is applicable
2025-04-12 13:19:59,393 [INFO] Rule:228 - rule 117617 - U5Cobra4M][GTZC] default value MPCBB3 and MPCBB5 - Privileged memory - MPCBB1 is applicable
2025-04-12 13:19:59,393 [INFO] Rule:228 - rule 117617 - U5Cobra4M][GTZC] default value MPCBB3 and MPCBB5 - Privileged memory - MPCBB2 is applicable
2025-04-12 13:19:59,393 [INFO] Rule:228 - rule 117617 - U5Cobra4M][GTZC] default value MPCBB3 and MPCBB5 - Privileged memory - MPCBB3 is applicable
2025-04-12 13:19:59,393 [INFO] Rule:228 - rule 117617 - U5Cobra4M][GTZC] default value MPCBB3 and MPCBB5 - Privileged memory - MPCBB4 is applicable
2025-04-12 13:19:59,393 [INFO] Rule:228 - rule Rename SubGHz_Phy SUBGHZ_APPLICATION SUBGHZ_PINGPONG to SUBGHZ_ADV_APPLICATION is applicable
2025-04-12 13:19:59,393 [INFO] Rule:228 - rule Rename Enabled to IBEACON is applicable
2025-04-12 13:19:59,393 [INFO] Rule:228 - rule GTZC_S instance for project manager is applicable
2025-04-12 13:19:59,394 [INFO] Rule:228 - rule GTZC_S instance for context M33S is applicable
2025-04-12 13:19:59,394 [INFO] Rule:228 - rule GTZC_S instance value for IP GTZC is applicable
2025-04-12 13:19:59,394 [INFO] Rule:228 - rule GTZC_S instance for mcu.IP is applicable
2025-04-12 13:19:59,394 [INFO] Rule:228 - rule GTZC_S instance for VP is applicable
2025-04-12 13:19:59,394 [INFO] Rule:228 - rule GTZC_S instance for signal is applicable
2025-04-12 13:19:59,394 [INFO] Rule:228 - rule GTZC_S instance for mcu.Pin is applicable
2025-04-12 13:19:59,394 [INFO] Rule:228 - rule GTZC_S instance for VP is applicable
2025-04-12 13:19:59,394 [INFO] Rule:228 - rule GTZC_S instance for signal is applicable
2025-04-12 13:19:59,394 [INFO] Rule:228 - rule GTZC_S instance for mcu is applicable
2025-04-12 13:19:59,394 [INFO] Rule:228 - rule GTZC_S instance for mcu.Pin is applicable
2025-04-12 13:19:59,394 [INFO] Rule:228 - rule GTZC_S instance value for IP GTZC is applicable
2025-04-12 13:19:59,394 [INFO] Rule:228 - rule GTZC_S instance for project manager is applicable
2025-04-12 13:19:59,394 [INFO] Rule:228 - rule GTZC_S instance for context M33S is applicable
2025-04-12 13:19:59,395 [INFO] Rule:228 - rule GTZC_S instance for VP is applicable
2025-04-12 13:19:59,395 [INFO] Rule:228 - rule GTZC_S instance for signal is applicable
2025-04-12 13:19:59,395 [INFO] Rule:228 - rule SPDIFRX instance for mcu is applicable
2025-04-12 13:19:59,395 [INFO] Rule:228 - rule Rename Tracer Mode is applicable
2025-04-12 13:19:59,395 [INFO] Rule:228 - rule SPDIFRX instance value for IP SPDIFRX is applicable
2025-04-12 13:19:59,395 [INFO] Rule:228 - rule SPDIFRX instance for signal is applicable
2025-04-12 13:19:59,395 [INFO] Rule:228 - rule SPDIFRX instance for project manager is applicable
2025-04-12 13:19:59,395 [INFO] Rule:228 - rule SPDIFRX instance for project manager is applicable
2025-04-12 13:19:59,395 [INFO] Rule:228 - rule ADC Scan  fix with FW F7 is applicable
2025-04-12 13:19:59,395 [INFO] Rule:228 - rule ADC Scan  fix with FW F7 is applicable
2025-04-12 13:19:59,396 [INFO] Rule:228 - rule WakeUp0 Mode is applicable
2025-04-12 13:19:59,396 [INFO] Rule:228 - rule WakeUp0 SIGNAL is applicable
2025-04-12 13:19:59,396 [INFO] Rule:228 - rule WakeUp1 Mode is applicable
2025-04-12 13:19:59,396 [INFO] Rule:228 - rule WakeUp1 SIGNAL is applicable
2025-04-12 13:19:59,396 [INFO] Rule:228 - rule WakeUp2 Mode is applicable
2025-04-12 13:19:59,396 [INFO] Rule:228 - rule WakeUp2 SIGNAL is applicable
2025-04-12 13:19:59,396 [INFO] Rule:228 - rule WakeUp4 Mode is applicable
2025-04-12 13:19:59,396 [INFO] Rule:228 - rule WakeUp4 SIGNAL is applicable
2025-04-12 13:19:59,396 [INFO] Rule:228 - rule WakeUp5 Mode is applicable
2025-04-12 13:19:59,397 [INFO] Rule:228 - rule WakeUp5 SIGNAL is applicable
2025-04-12 13:19:59,397 [INFO] Rule:228 - rule Add RTC Activate Clock Source is applicable
2025-04-12 13:19:59,397 [INFO] Rule:228 - rule Add RTC Activate Calendar 1 is applicable
2025-04-12 13:19:59,397 [INFO] Rule:228 - rule Add RTC Activate Calendar 2 is applicable
2025-04-12 13:19:59,397 [INFO] Rule:228 - rule Add RTC Activate Calendar 3 is applicable
2025-04-12 13:19:59,397 [INFO] Rule:228 - rule UART/USART TX Mode is applicable
2025-04-12 13:19:59,397 [INFO] Rule:228 - rule UART/USART RX Mode is applicable
2025-04-12 13:19:59,397 [INFO] Rule:228 - rule UART/USART RX TX Mode is applicable
2025-04-12 13:19:59,397 [INFO] Rule:228 - rule UART/USART PARITY NONE is applicable
2025-04-12 13:19:59,397 [INFO] Rule:228 - rule UART/USART PARITY EVEN is applicable
2025-04-12 13:19:59,397 [INFO] Rule:228 - rule UART/USART PARITY ODD is applicable
2025-04-12 13:19:59,397 [INFO] Rule:228 - rule USART StopBits 1 is applicable
2025-04-12 13:19:59,397 [INFO] Rule:228 - rule USART StopBits 2 is applicable
2025-04-12 13:19:59,397 [INFO] Rule:228 - rule USART StopBits 1.5 is applicable
2025-04-12 13:19:59,398 [INFO] Rule:228 - rule USART StopBits 0.5 is applicable
2025-04-12 13:19:59,398 [INFO] Rule:228 - rule UART/USART WORD LENGTH 7 is applicable
2025-04-12 13:19:59,398 [INFO] Rule:228 - rule UART/USART WORD LENGTH 8 is applicable
2025-04-12 13:19:59,398 [INFO] Rule:228 - rule UART/USART WORD LENGTH 9 is applicable
2025-04-12 13:19:59,398 [INFO] Rule:228 - rule Rename FMC NAND NCE signal is applicable
2025-04-12 13:19:59,398 [INFO] Rule:228 - rule Rename FMC NAND INT signal is applicable
2025-04-12 13:19:59,398 [INFO] Rule:228 - rule Change Default Value for LSE Drive Capability for WB family is applicable
2025-04-12 13:19:59,398 [INFO] Rule:228 - rule Change Default Value for ADC Clock Prescaler G0 family is applicable
2025-04-12 13:19:59,398 [INFO] Rule:228 - rule Change Default Value for ADC ExternalTrigConv L4 family is applicable
2025-04-12 13:19:59,398 [INFO] Rule:228 - rule Change Default Value for ADC ExternalTrigInjecConv L4 family is applicable
2025-04-12 13:19:59,398 [INFO] Rule:228 - rule Change Default Value for ADC ExternalTrigConv F3 family is applicable
2025-04-12 13:19:59,398 [INFO] Rule:228 - rule Change Default Value for ADC ExternalTrigInjecConv F3 family is applicable
2025-04-12 13:19:59,398 [INFO] Rule:228 - rule Change Default Value for ADC ExternalTrigConv Goldfish serie is applicable
2025-04-12 13:19:59,398 [INFO] Rule:228 - rule Change Default Value for ADC ExternalTrigInjecConv Goldfish serie is applicable
2025-04-12 13:19:59,398 [INFO] Rule:228 - rule Change Default Value for ADC ExternalTrigConv L0 family is applicable
2025-04-12 13:19:59,398 [INFO] Rule:228 - rule Change Default Value for ADC ExternalTrigConv F0 family is applicable
2025-04-12 13:19:59,398 [INFO] Rule:228 - rule Change Default Value for ADC ExternalTrigConvn L1 family is applicable
2025-04-12 13:19:59,399 [INFO] Rule:228 - rule Change Default Value for ADC ExternalTrigInjecConv L1 family is applicable
2025-04-12 13:19:59,399 [INFO] Rule:228 - rule Change Default Value for ADC ExternalTrigConv F1 family is applicable
2025-04-12 13:19:59,399 [INFO] Rule:228 - rule Change Default Value for ADC ExternalTrigInjecConv F1 family is applicable
2025-04-12 13:19:59,399 [INFO] Rule:228 - rule Change Default Value for ADC ExternalTrigConv F7 family is applicable
2025-04-12 13:19:59,399 [INFO] Rule:228 - rule Change Default Value for ADC ExternalTrigInjecConv F7 family is applicable
2025-04-12 13:19:59,399 [INFO] Rule:228 - rule Change Default Value for ADC ExternalTrigConv F4 and F2 family is applicable
2025-04-12 13:19:59,399 [INFO] Rule:228 - rule Change Default Value for ADC ExternalTrigInjecConv F4 and F2 family is applicable
2025-04-12 13:19:59,399 [INFO] Rule:228 - rule ADC SamplingTime fix with FW L0  is applicable
2025-04-12 13:19:59,399 [INFO] Rule:228 - rule ADC SamplingTime fix with FW L0  is applicable
2025-04-12 13:19:59,399 [INFO] Rule:228 - rule ADC SamplingTime fix with FW L0 is applicable
2025-04-12 13:19:59,399 [INFO] Rule:228 - rule ADC SamplingTime fix with FW L0 is applicable
2025-04-12 13:19:59,399 [INFO] Rule:228 - rule ADC SamplingTime fix with FW L0  is applicable
2025-04-12 13:19:59,399 [INFO] Rule:228 - rule ADC SamplingTime fix with FW L0 is applicable
2025-04-12 13:19:59,399 [INFO] Rule:228 - rule Rename USB_OE Signal is applicable
2025-04-12 13:19:59,399 [INFO] Rule:228 - rule Rename Activate_OE Mode is applicable
2025-04-12 13:19:59,399 [INFO] Rule:228 - rule Rename DIE462/DIE415 pin PC14/OSC32_IN -> PC14-OSC32_IN (PC14) is applicable
2025-04-12 13:19:59,399 [INFO] Rule:228 - rule Rename DIE462/DIE415 pin PC15/OSC32_OUT -> PC15-OSC32_OUT (PC15) is applicable
2025-04-12 13:19:59,399 [INFO] Rule:228 - rule Rename DIE462/DIE415 pin PH0/OSC_IN -> PH0-OSC_IN (PH0) is applicable
2025-04-12 13:19:59,400 [INFO] Rule:228 - rule Rename DIE462/DIE415 pin PH1/OSC_OUT -> PH1-OSC_OUT (PH1) is applicable
2025-04-12 13:19:59,400 [INFO] Rule:228 - rule Rename DIE462 pin PA13 -> PA13 (JTMS/SWDIO) is applicable
2025-04-12 13:19:59,400 [INFO] Rule:228 - rule Rename DIE415 pin PA13 -> PA13 (JTMS/SWDIO) is applicable
2025-04-12 13:19:59,400 [INFO] Rule:228 - rule Rename DIE462 pin PA14 -> PA14 (JTCK/SWCLK) is applicable
2025-04-12 13:19:59,400 [INFO] Rule:228 - rule Rename DIE415 pin PA14 -> PA14 (JTCK/SWCLK) is applicable
2025-04-12 13:19:59,400 [INFO] Rule:228 - rule Rename DIE462/DIE415 pin PA15 -> PA15 (JTDI) is applicable
2025-04-12 13:19:59,400 [INFO] Rule:228 - rule Rename DIE462 pin PB3 -> PB3 (JTD0/TRACESWO) is applicable
2025-04-12 13:19:59,400 [INFO] Rule:228 - rule Rename DIE415 pin PB3 -> PB3 (JTD0-TRACESWO) is applicable
2025-04-12 13:19:59,400 [INFO] Rule:228 - rule Rename DIE462/DIE415 pin PB4 -> PB4 (NJTRST) is applicable
2025-04-12 13:19:59,400 [INFO] Rule:228 - rule Rename DIE462 pin PH3/BOOT0 -> PH3-BOOT0 (BOOT0) is applicable
2025-04-12 13:19:59,400 [INFO] Rule:228 - rule Rename CRYP DataEncryptionTypesList to Algorithm is applicable
2025-04-12 13:19:59,400 [INFO] Rule:228 - rule Rename AES DataEncryptionTypesList to Algorithm is applicable
2025-04-12 13:19:59,400 [INFO] Rule:228 - rule Rename TDESECB to CRYP_TDES_ECB is applicable
2025-04-12 13:19:59,400 [INFO] Rule:228 - rule Rename TDESCBC to CRYP_TDES_CBC is applicable
2025-04-12 13:19:59,400 [INFO] Rule:228 - rule Rename DESECB to CRYP_DES_ECB is applicable
2025-04-12 13:19:59,400 [INFO] Rule:228 - rule Rename DESCBC to CRYP_DES_CBC is applicable
2025-04-12 13:19:59,401 [INFO] Rule:228 - rule Rename AESECB to CRYP_AES_ECB is applicable
2025-04-12 13:19:59,401 [INFO] Rule:228 - rule Rename AESCBC to CRYP_AES_CBC is applicable
2025-04-12 13:19:59,401 [INFO] Rule:228 - rule Rename AESCTR to CRYP_AES_CTR is applicable
2025-04-12 13:19:59,401 [INFO] Rule:228 - rule Rename AESGCM to CRYP_AES_GCM is applicable
2025-04-12 13:19:59,401 [INFO] Rule:228 - rule Rename AESCCM to CRYP_AES_CCM is applicable
2025-04-12 13:19:59,401 [INFO] Rule:228 - rule Rename CAN TimeSeg1 to BS1 is applicable
2025-04-12 13:19:59,401 [INFO] Rule:228 - rule Rename CAN TimeSeg2 to BS2 is applicable
2025-04-12 13:19:59,401 [INFO] Rule:228 - rule Rename CAN SyncJumpWidth to SJW is applicable
2025-04-12 13:19:59,401 [INFO] Rule:228 - rule TimeTriggeredMode to TTCM is applicable
2025-04-12 13:19:59,401 [INFO] Rule:228 - rule Rename CAN AutoBusOff to ABOM is applicable
2025-04-12 13:19:59,401 [INFO] Rule:228 - rule Rename CAN AutoWakeUp to AWUM is applicable
2025-04-12 13:19:59,401 [INFO] Rule:228 - rule Rename CAN AutoRetransmission to NART is applicable
2025-04-12 13:19:59,401 [INFO] Rule:228 - rule Rename CAN ReceiveFifoLocked to RFLM is applicable
2025-04-12 13:19:59,401 [INFO] Rule:228 - rule Rename CAN TransmitFifoPriority to TXFP is applicable
2025-04-12 13:19:59,401 [INFO] Rule:228 - rule Rename HRTIMER HRTIM_OUTPUTFAULTLEVEL_HIGH in HRTIMER HRTIM_OUTPUTFAULTLEVEL_HIGHZ is applicable
2025-04-12 13:19:59,401 [INFO] Rule:228 - rule Rename TIMER TIM_CLEARINPUTSOURCE_OCREFCLR in  TIMER TIM_CLEARINPUTSOURCE_NONE for F7 family is applicable
2025-04-12 13:19:59,401 [INFO] Rule:228 - rule FDCAN_R1 - Rename FDCAN mode Master into Classic is applicable
2025-04-12 13:19:59,401 [INFO] Rule:228 - rule FDCAN_R2 - Rename FDCAN mode Slave into Classic is applicable
2025-04-12 13:19:59,402 [INFO] Rule:228 - rule FDCAN1_R3 - if PA10.Mode=FullDuplex, add Pin PA12 is applicable
2025-04-12 13:19:59,402 [INFO] Rule:228 - rule FDCAN1_R3 - if PA9.Mode=FullDuplex, add Pin PA11 is applicable
2025-04-12 13:19:59,402 [INFO] Rule:228 - rule FDCAN1_R3 - Alternatepin_1 - if PE1.Mode=FullDuplex, add Pin PB9 is applicable
2025-04-12 13:19:59,402 [INFO] Rule:228 - rule FDCAN1_R3 - Alternatepin_1 - if PE0.Mode=FullDuplex, add Pin PB8 is applicable
2025-04-12 13:19:59,402 [INFO] Rule:228 - rule FDCAN1_R3 - Alternatepin_2 - if PD5.Mode=FullDuplex, add Pin PD1 is applicable
2025-04-12 13:19:59,402 [INFO] Rule:228 - rule FDCAN1_R3 - Alternatepin_2 - if PD4.Mode=FullDuplex, add Pin PD0 is applicable
2025-04-12 13:19:59,402 [INFO] Rule:228 - rule FDCAN1_R4 - Rename Mode FullDuplex into Enable FDCAN_TXFD for pin PA10 is applicable
2025-04-12 13:19:59,402 [INFO] Rule:228 - rule FDCAN1_R4 - Rename Mode FullDuplex into Enable FDCAN_TXFD for pin PA9 is applicable
2025-04-12 13:19:59,402 [INFO] Rule:228 - rule FDCAN1_R4 - Alternatepin_1 - Rename Mode FullDuplex into Enable FDCAN_TXFD for pin PE1 is applicable
2025-04-12 13:19:59,402 [INFO] Rule:228 - rule FDCAN1_R4 - Alternatepin_1 - Rename Mode FullDuplex into Enable FDCAN_TXFD for pin PE0 is applicable
2025-04-12 13:19:59,402 [INFO] Rule:228 - rule FDCAN1_R4 - Alternatepin_2 - Rename Mode FullDuplex into Enable FDCAN_TXFD for pin PD5 is applicable
2025-04-12 13:19:59,402 [INFO] Rule:228 - rule FDCAN1_R4 - Alternatepin_2 - Rename Mode FullDuplex into Enable FDCAN_TXFD for pin PD4 is applicable
2025-04-12 13:19:59,403 [INFO] Rule:228 - rule FDCAN2_R3 - if PD10.Mode=FullDuplex, add Pin PB13 is applicable
2025-04-12 13:19:59,403 [INFO] Rule:228 - rule FDCAN2_R3 - if PD9.Mode=FullDuplex, add Pin PB12 is applicable
2025-04-12 13:19:59,403 [INFO] Rule:228 - rule FDCAN2_R3 - Alternatepin_1 - if PB7.Mode=FullDuplex, add Pin PB6 is applicable
2025-04-12 13:19:59,403 [INFO] Rule:228 - rule FDCAN2_R3 - Alternatepin_1 - if PD9.Mode=FullDuplex, add Pin PB12 is applicable
2025-04-12 13:19:59,403 [INFO] Rule:228 - rule FDCAN2_R4 - Rename Mode FullDuplex into Enable FDCAN_TXFD for pin PD10 is applicable
2025-04-12 13:19:59,403 [INFO] Rule:228 - rule FDCAN2_R4 - Rename Mode FullDuplex into Enable FDCAN_TXFD for pin PD9 is applicable
2025-04-12 13:19:59,403 [INFO] Rule:228 - rule FDCAN2_R4 - Alternatepin_1 - Rename Mode FullDuplex into Enable FDCAN_TXFD for pin PB7 is applicable
2025-04-12 13:19:59,403 [INFO] Rule:228 - rule FDCAN2_R4 - Alternatepin_1 - Rename Mode FullDuplex into Enable FDCAN_TXFD for pin PD6 is applicable
2025-04-12 13:19:59,403 [INFO] Rule:228 - rule USART TxPinLevelInvertParam Mode is applicable
2025-04-12 13:19:59,403 [INFO] Rule:228 - rule USART RxPinLevelInvertParam Mode is applicable
2025-04-12 13:19:59,403 [INFO] Rule:228 - rule USART DataInvertParam Mode is applicable
2025-04-12 13:19:59,403 [INFO] Rule:228 - rule USART SwapParam Mode is applicable
2025-04-12 13:19:59,403 [INFO] Rule:228 - rule USART OverrunDisableParam Mode is applicable
2025-04-12 13:19:59,403 [INFO] Rule:228 - rule USART DMADisableonRxErrorParam Mode is applicable
2025-04-12 13:19:59,404 [INFO] Rule:228 - rule USART MSBFirstParam Mode is applicable
2025-04-12 13:19:59,404 [INFO] Rule:228 - rule Update MwName for USB_DEVICE is applicable
2025-04-12 13:19:59,404 [INFO] Rule:228 - rule Change PWR_Regulator_Voltage_Scale Default Value for RCC  H7 family is applicable
2025-04-12 13:19:59,404 [INFO] Rule:228 - rule UART/USART IPParameter rename Prescaler parameter to ClockPrescaler is applicable
2025-04-12 13:19:59,404 [INFO] Rule:228 - rule UART/USART Prescaler rename Prescaler parameter to ClockPrescaler is applicable
2025-04-12 13:19:59,404 [INFO] Rule:228 - rule TIM1CLockSelection is applicable
2025-04-12 13:19:59,404 [INFO] Rule:228 - rule TIM15CLockSelection is applicable
2025-04-12 13:19:59,404 [INFO] Rule:228 - rule align RCC SDMMC3CLockSelection default value on MP1 is applicable
2025-04-12 13:19:59,404 [INFO] Rule:228 - rule align RCC SDMMC12CLockSelection default value on MP1 is applicable
2025-04-12 13:19:59,404 [INFO] Rule:228 - rule align RCC QSPICLockSelection default value on MP1 is applicable
2025-04-12 13:19:59,404 [INFO] Rule:228 - rule align RCC QSPICLockSelection default value on MP1 is applicable
2025-04-12 13:19:59,404 [INFO] Rule:228 - rule align RCC SPI6CLockSelection default value on MP1 is applicable
2025-04-12 13:19:59,404 [INFO] Rule:228 - rule align RCC LPTIM23CLockSelection default value on MP1 is applicable
2025-04-12 13:19:59,404 [INFO] Rule:228 - rule align RCC LPTIM1CLockSelection default value on MP1 is applicable
2025-04-12 13:19:59,404 [INFO] Rule:228 - rule align RCC USART1CLockSelection default value on MP1 is applicable
2025-04-12 13:19:59,404 [INFO] Rule:228 - rule align RCC USART24CLockSelection default value on MP1 is applicable
2025-04-12 13:19:59,404 [INFO] Rule:228 - rule align RCC USART6CLockSelection default value on MP1 is applicable
2025-04-12 13:19:59,404 [INFO] Rule:228 - rule align RCC UART78CLockSelection default value on MP1 is applicable
2025-04-12 13:19:59,404 [INFO] Rule:228 - rule align RCC USART35CLockSelection default value on MP1 is applicable
2025-04-12 13:19:59,404 [INFO] Rule:228 - rule align RCC SPI45CLockSelection default value on MP1 is applicable
2025-04-12 13:19:59,405 [INFO] Rule:228 - rule align RCC I2C46CLockSelection BCLK value on MP1 is applicable
2025-04-12 13:19:59,405 [INFO] Rule:228 - rule align RCC SPI45CLockSelection default value on MP1 is applicable
2025-04-12 13:19:59,405 [INFO] Rule:228 - rule align RCC I2C12CLockSelection default value on MP1 is applicable
2025-04-12 13:19:59,405 [INFO] Rule:228 - rule align RCC I2C35CLockSelection default value on MP1 is applicable
2025-04-12 13:19:59,405 [INFO] Rule:228 - rule align RCC LPTIM45CLockSelection default value on MP1 is applicable
2025-04-12 13:19:59,405 [INFO] Rule:228 - rule Rename DCMI PIXCK signal is applicable
2025-04-12 13:19:59,405 [INFO] Rule:228 - rule Change Default Value for I2C46CLockSelection MP1 family is applicable
2025-04-12 13:19:59,405 [INFO] Rule:228 - rule Change Default Value for UART for G4, G0 and WB families is applicable
2025-04-12 13:19:59,405 [INFO] Rule:228 - rule Change Default Value for USART for G4, G0 and WB families is applicable
2025-04-12 13:19:59,405 [INFO] Rule:228 - rule Change Default Value for USART for G4 family is applicable
2025-04-12 13:19:59,405 [INFO] Rule:228 - rule Change USART1CLockSelection refparam name for MP1 is applicable
2025-04-12 13:19:59,405 [INFO] Rule:228 - rule Change USART2CLockSelection refparam name for MP1 is applicable
2025-04-12 13:19:59,405 [INFO] Rule:228 - rule Change USART3CLockSelection refparam name for MP1 is applicable
2025-04-12 13:19:59,405 [INFO] Rule:228 - rule Change UART4CLockSelection refparam name for MP1 is applicable
2025-04-12 13:19:59,405 [INFO] Rule:228 - rule Change UART5CLockSelection refparam name for MP1 is applicable
2025-04-12 13:19:59,405 [INFO] Rule:228 - rule Change LPUART1CLockSelection refparam name for MP1 is applicable
2025-04-12 13:19:59,405 [INFO] Rule:228 - rule Change LPTIM1CLockSelection refparam name for MP1 is applicable
2025-04-12 13:19:59,405 [INFO] Rule:228 - rule Change LPTIM2CLockSelection refparam name for MP1 is applicable
2025-04-12 13:19:59,405 [INFO] Rule:228 - rule Change RCC_MCO1Source refparam name for MP1 is applicable
2025-04-12 13:19:59,406 [INFO] Rule:228 - rule Change LSCOSource1 refparam name for MP1 is applicable
2025-04-12 13:19:59,406 [INFO] Rule:228 - rule Change SMPSCLockSelection refparam name for MP1 is applicable
2025-04-12 13:19:59,406 [INFO] Rule:228 - rule Change LPTIM3CLockSelection refparam name for MP1 is applicable
2025-04-12 13:19:59,406 [INFO] Rule:228 - rule Change MPCBB* Default Template Mode to Parameters is applicable
2025-04-12 13:19:59,406 [INFO] Rule:228 - rule Change MPCWM* or MPCBB* Secure Mode to Parameters is applicable
2025-04-12 13:19:59,406 [INFO] Rule:228 - rule Change MPCWM* or MPCBB* No Secure Mode to Parameters is applicable
2025-04-12 13:19:59,406 [INFO] Rule:228 - rule Change TZSC IP Secure Mode to Parameters is applicable
2025-04-12 13:19:59,406 [INFO] Rule:228 - rule Change TZSC IP No Secure Mode to Parameters is applicable
2025-04-12 13:19:59,406 [INFO] Rule:228 - rule Change TZSC IP Privilege Mode to Parameters is applicable
2025-04-12 13:19:59,406 [INFO] Rule:228 - rule Change TZSC IP No Privilege Mode to Parameters is applicable
2025-04-12 13:19:59,406 [INFO] Rule:228 - rule Change TZIC IT Secure Mode to Parameters is applicable
2025-04-12 13:19:59,406 [INFO] Rule:228 - rule Change TZIC IT No Secure Mode to Parameters is applicable
2025-04-12 13:19:59,406 [INFO] Rule:228 - rule Add MPCBB1_NonSecureArea_Start_Address value with referenced to MPCBB1_NonSecureArea_Start value is applicable
2025-04-12 13:19:59,407 [INFO] Rule:228 - rule Add MPCBB2_NonSecureArea_Start_Address value with referenced to MPCBB2_NonSecureArea_Start value is applicable
2025-04-12 13:19:59,407 [INFO] Rule:228 - rule Add MPCWM1_NonSecureArea*_Start_Address value with referenced to MPCWM1_NonSecureArea*_Start value is applicable
2025-04-12 13:19:59,407 [INFO] Rule:228 - rule Add MPCWM2_NonSecureArea*_Start_Address value with referenced to MPCWM2_NonSecureArea*_Start value is applicable
2025-04-12 13:19:59,407 [INFO] Rule:228 - rule Add MPCWM3_NonSecureArea_Start_Address value with referenced to MPCWM3_NonSecureArea_Start value is applicable
2025-04-12 13:19:59,407 [INFO] Rule:228 - rule Change Default Value for PLL1UserDefinedConfig is applicable
2025-04-12 13:19:59,407 [INFO] Rule:228 - rule Change GPIO_PuPd Default Value for USART in async mode is applicable
2025-04-12 13:19:59,407 [INFO] Rule:228 - rule Change SMPSDivider Default Value is applicable
2025-04-12 13:19:59,407 [INFO] Rule:228 - rule OPAMP is applicable
2025-04-12 13:19:59,407 [INFO] Rule:228 - rule LPUART IPParameter rename Prescaler parameter to ClockPrescaler for STM32H7 is applicable
2025-04-12 13:19:59,407 [INFO] Rule:228 - rule LPUART IPParameter rename Prescaler parameter to ClockPrescaler for STM32H7 is applicable
2025-04-12 13:19:59,407 [INFO] Rule:228 - rule LPUART IPParameter rename Prescaler parameter to ClockPrescaler for STM32WB is applicable
2025-04-12 13:19:59,407 [INFO] Rule:228 - rule LPUART IPParameter rename Prescaler parameter to ClockPrescaler for STM32WB is applicable
2025-04-12 13:19:59,407 [INFO] Rule:228 - rule LPUART IPParameter rename Prescaler parameter to ClockPrescaler for STM32G4 is applicable
2025-04-12 13:19:59,407 [INFO] Rule:228 - rule LPUART IPParameter rename Prescaler parameter to ClockPrescaler for STM32G4 is applicable
2025-04-12 13:19:59,407 [INFO] Rule:228 - rule LPUART IPParameter rename Prescaler parameter to ClockPrescaler for STM32L5 is applicable
2025-04-12 13:19:59,407 [INFO] Rule:228 - rule LPUART IPParameter rename Prescaler parameter to ClockPrescaler for STM32L5 is applicable
2025-04-12 13:19:59,408 [INFO] Rule:228 - rule LPUART IPParameter rename Prescaler parameter to ClockPrescaler for STM32G4 is applicable
2025-04-12 13:19:59,408 [INFO] Rule:228 - rule LPUART IPParameter rename Prescaler parameter to ClockPrescaler for STM32G4 is applicable
2025-04-12 13:19:59,408 [INFO] Rule:228 - rule USB device lib V2.5.3 for L0 rename USBD_SUPPORT_USER_STRING parameter to USBD_SUPPORT_USER_STRING_DESC4 is applicable
2025-04-12 13:19:59,408 [INFO] Rule:228 - rule I2SCLockSelection clock entry align is applicable
2025-04-12 13:19:59,408 [INFO] Rule:228 - rule Assign TIMx context if used as SYS timebase is applicable
2025-04-12 13:19:59,408 [INFO] Rule:228 - rule Change GPIO_Pu Default Value for I2C is applicable
2025-04-12 13:19:59,408 [INFO] Rule:228 - rule Change GPIO_Pu Default Value for SMBus is applicable
2025-04-12 13:19:59,408 [INFO] Rule:228 - rule change FDCAN default value is applicable
2025-04-12 13:19:59,408 [INFO] Rule:228 - rule Change mode sai is applicable
2025-04-12 13:19:59,408 [INFO] Rule:228 - rule **Change sai mode is applicable
2025-04-12 13:19:59,408 [INFO] Rule:228 - rule Rename STM32WPAN CFG_BLE_IRK to CFG_BLE_IR is applicable
2025-04-12 13:19:59,408 [INFO] Rule:228 - rule Rename STM32WPAN CFG_BLE_ERK to CFG_BLE_ER is applicable
2025-04-12 13:19:59,408 [INFO] Rule:228 - rule Rename STM32WPAN CFG_BLE_IRK_HEX to CFG_BLE_IR_HEX is applicable
2025-04-12 13:19:59,409 [INFO] Rule:228 - rule Rename STM32WPAN CFG_BLE_ERK_HEX to CFG_BLE_ER_HEX is applicable
2025-04-12 13:19:59,423 [INFO] DbConfProperties:307 - Apply Compatibility (49/262 Rules)
2025-04-12 13:19:59,454 [INFO] ImportTextPane:218 - (OptionalMessage_ERROR) Unable to find key (Mcu.ThirdPartyNb) in loaded IOC file
2025-04-12 13:19:59,582 [INFO] RtosManager:555 - Registered RTOS mode: class=CMSIS, group=RTOS, mode=CMSIS_V1, owner=FREERTOS
2025-04-12 13:19:59,583 [INFO] RtosManager:555 - Registered RTOS mode: class=CMSIS, group=RTOS2, mode=CMSIS_V2, owner=FREERTOS
2025-04-12 13:19:59,583 [INFO] RtosManager:555 - Registered RTOS mode: class=RTOS, group=Core, mode=CMSIS_V1, owner=FREERTOS
2025-04-12 13:19:59,583 [INFO] RtosManager:555 - Registered RTOS mode: class=RTOS, group=Core, mode=CMSIS_V2, owner=FREERTOS
2025-04-12 13:19:59,583 [WARN] ModelIntegratedComponent:184 - Missing modes for component STMicroelectronics:FreeRTOS:0.0.1:STMicroelectronics:RTOS:FreeRTOS:Core:::10.2.0:
2025-04-12 13:19:59,598 [WARN] ModelIntegratedComponent:182 - Modes not found for component STMicroelectronics:USB_HOST:1.0.0:STMicroelectronics:USB::USB Host:Audio HS::1.0:USB_HOST_1_0_RESTRICTED_HS
2025-04-12 13:19:59,598 [WARN] ModelIntegratedComponent:188 - Modes not found for component STMicroelectronics:USB_HOST:1.0.0:STMicroelectronics:USB::USB Host:Audio HS::1.0:USB_HOST_1_0_RESTRICTED_HS
2025-04-12 13:19:59,598 [WARN] ModelIntegratedComponent:182 - Modes not found for component STMicroelectronics:USB_HOST:1.0.0:STMicroelectronics:USB::USB Host:CDC HS::1.0:USB_HOST_1_0_RESTRICTED_HS
2025-04-12 13:19:59,598 [WARN] ModelIntegratedComponent:188 - Modes not found for component STMicroelectronics:USB_HOST:1.0.0:STMicroelectronics:USB::USB Host:CDC HS::1.0:USB_HOST_1_0_RESTRICTED_HS
2025-04-12 13:19:59,598 [WARN] ModelIntegratedComponent:182 - Modes not found for component STMicroelectronics:USB_HOST:1.0.0:STMicroelectronics:USB::USB Host:MSC HS::1.0:USB_HOST_1_0_RESTRICTED_HS
2025-04-12 13:19:59,598 [WARN] ModelIntegratedComponent:188 - Modes not found for component STMicroelectronics:USB_HOST:1.0.0:STMicroelectronics:USB::USB Host:MSC HS::1.0:USB_HOST_1_0_RESTRICTED_HS
2025-04-12 13:19:59,598 [WARN] ModelIntegratedComponent:182 - Modes not found for component STMicroelectronics:USB_HOST:1.0.0:STMicroelectronics:USB::USB Host:HID HS::1.0:USB_HOST_1_0_RESTRICTED_HS
2025-04-12 13:19:59,598 [WARN] ModelIntegratedComponent:188 - Modes not found for component STMicroelectronics:USB_HOST:1.0.0:STMicroelectronics:USB::USB Host:HID HS::1.0:USB_HOST_1_0_RESTRICTED_HS
2025-04-12 13:19:59,598 [WARN] ModelIntegratedComponent:182 - Modes not found for component STMicroelectronics:USB_HOST:1.0.0:STMicroelectronics:USB::USB Host:MTP HS::1.0:USB_HOST_1_0_RESTRICTED_HS
2025-04-12 13:19:59,598 [WARN] ModelIntegratedComponent:188 - Modes not found for component STMicroelectronics:USB_HOST:1.0.0:STMicroelectronics:USB::USB Host:MTP HS::1.0:USB_HOST_1_0_RESTRICTED_HS
2025-04-12 13:19:59,611 [WARN] ModelIntegratedComponent:63 - No mode defined for component null
2025-04-12 13:19:59,612 [WARN] ModelIntegratedComponent:63 - No mode defined for component null
2025-04-12 13:19:59,612 [WARN] ModelIntegratedComponent:63 - No mode defined for component null
2025-04-12 13:19:59,612 [WARN] ModelIntegratedComponent:63 - No mode defined for component null
2025-04-12 13:19:59,612 [WARN] ModelIntegratedComponent:63 - No mode defined for component null
2025-04-12 13:19:59,612 [WARN] ModelIntegratedComponent:63 - No mode defined for component null
2025-04-12 13:19:59,612 [WARN] ModelIntegratedComponent:63 - No mode defined for component null
2025-04-12 13:19:59,612 [WARN] ModelIntegratedComponent:63 - No mode defined for component null
2025-04-12 13:19:59,612 [WARN] ModelIntegratedComponent:63 - No mode defined for component null
2025-04-12 13:19:59,612 [WARN] ModelIntegratedComponent:63 - No mode defined for component null
2025-04-12 13:19:59,612 [WARN] ModelIntegratedComponent:63 - No mode defined for component null
2025-04-12 13:19:59,612 [WARN] ModelIntegratedComponent:63 - No mode defined for component null
2025-04-12 13:19:59,612 [WARN] ModelIntegratedComponent:63 - No mode defined for component null
2025-04-12 13:19:59,612 [WARN] ModelIntegratedComponent:63 - No mode defined for component null
2025-04-12 13:19:59,612 [WARN] ModelIntegratedComponent:63 - No mode defined for component null
2025-04-12 13:19:59,612 [WARN] ModelIntegratedComponent:63 - No mode defined for component null
2025-04-12 13:19:59,612 [WARN] ModelIntegratedComponent:63 - No mode defined for component null
2025-04-12 13:19:59,612 [WARN] ModelIntegratedComponent:63 - No mode defined for component null
2025-04-12 13:19:59,612 [WARN] ModelIntegratedComponent:63 - No mode defined for component null
2025-04-12 13:19:59,612 [WARN] ModelIntegratedComponent:63 - No mode defined for component null
2025-04-12 13:19:59,612 [WARN] ModelIntegratedComponent:63 - No mode defined for component null
2025-04-12 13:19:59,613 [WARN] ModelIntegratedComponent:63 - No mode defined for component null
2025-04-12 13:19:59,613 [WARN] ModelIntegratedComponent:63 - No mode defined for component null
2025-04-12 13:19:59,613 [WARN] ModelIntegratedComponent:63 - No mode defined for component null
2025-04-12 13:19:59,613 [WARN] ModelIntegratedComponent:63 - No mode defined for component null
2025-04-12 13:19:59,613 [WARN] ModelIntegratedComponent:63 - No mode defined for component null
2025-04-12 13:19:59,613 [WARN] ModelIntegratedComponent:63 - No mode defined for component null
2025-04-12 13:19:59,613 [WARN] ModelIntegratedComponent:63 - No mode defined for component null
2025-04-12 13:19:59,613 [WARN] ModelIntegratedComponent:63 - No mode defined for component null
2025-04-12 13:19:59,613 [WARN] ModelIntegratedComponent:63 - No mode defined for component null
2025-04-12 13:19:59,613 [WARN] ModelIntegratedComponent:63 - No mode defined for component null
2025-04-12 13:19:59,613 [WARN] ModelIntegratedComponent:63 - No mode defined for component null
2025-04-12 13:19:59,613 [WARN] ModelIntegratedComponent:63 - No mode defined for component null
2025-04-12 13:19:59,613 [WARN] ModelIntegratedComponent:63 - No mode defined for component null
2025-04-12 13:19:59,613 [WARN] ModelIntegratedComponent:63 - No mode defined for component null
2025-04-12 13:19:59,613 [WARN] ModelPack:524 - Component already loaded: STMicroelectronics:HAL Drivers:0.0.0:STMicroelectronics:Device:STMicro_Driver:XSPI:HAL::0.0.1:HAL_XSPI
2025-04-12 13:19:59,737 [WARN] ModelIntegratedComponent:182 - Modes not found for component STMicroelectronics:USB_DEVICE:1.0.0:STMicroelectronics:USB::USB Device:Audio HS::1.0:USB_DEVICE_1_0_RESTRICTED_HS
2025-04-12 13:19:59,737 [WARN] ModelIntegratedComponent:188 - Modes not found for component STMicroelectronics:USB_DEVICE:1.0.0:STMicroelectronics:USB::USB Device:Audio HS::1.0:USB_DEVICE_1_0_RESTRICTED_HS
2025-04-12 13:19:59,737 [WARN] ModelIntegratedComponent:182 - Modes not found for component STMicroelectronics:USB_DEVICE:1.0.0:STMicroelectronics:USB::USB Device:CDC HS::1.0:USB_DEVICE_1_0_RESTRICTED_HS
2025-04-12 13:19:59,737 [WARN] ModelIntegratedComponent:188 - Modes not found for component STMicroelectronics:USB_DEVICE:1.0.0:STMicroelectronics:USB::USB Device:CDC HS::1.0:USB_DEVICE_1_0_RESTRICTED_HS
2025-04-12 13:19:59,737 [WARN] ModelIntegratedComponent:182 - Modes not found for component STMicroelectronics:USB_DEVICE:1.0.0:STMicroelectronics:USB::USB Device:DFU HS::1.0:USB_DEVICE_1_0_RESTRICTED_HS
2025-04-12 13:19:59,737 [WARN] ModelIntegratedComponent:188 - Modes not found for component STMicroelectronics:USB_DEVICE:1.0.0:STMicroelectronics:USB::USB Device:DFU HS::1.0:USB_DEVICE_1_0_RESTRICTED_HS
2025-04-12 13:19:59,737 [WARN] ModelIntegratedComponent:182 - Modes not found for component STMicroelectronics:USB_DEVICE:1.0.0:STMicroelectronics:USB::USB Device:HID HS::1.0:USB_DEVICE_1_0_RESTRICTED_HS
2025-04-12 13:19:59,737 [WARN] ModelIntegratedComponent:188 - Modes not found for component STMicroelectronics:USB_DEVICE:1.0.0:STMicroelectronics:USB::USB Device:HID HS::1.0:USB_DEVICE_1_0_RESTRICTED_HS
2025-04-12 13:19:59,738 [WARN] ModelIntegratedComponent:182 - Modes not found for component STMicroelectronics:USB_DEVICE:1.0.0:STMicroelectronics:USB::USB Device:Custom HID HS::1.0:USB_DEVICE_1_0_RESTRICTED_HS
2025-04-12 13:19:59,738 [WARN] ModelIntegratedComponent:188 - Modes not found for component STMicroelectronics:USB_DEVICE:1.0.0:STMicroelectronics:USB::USB Device:Custom HID HS::1.0:USB_DEVICE_1_0_RESTRICTED_HS
2025-04-12 13:19:59,738 [WARN] ModelIntegratedComponent:182 - Modes not found for component STMicroelectronics:USB_DEVICE:1.0.0:STMicroelectronics:USB::USB Device:MSC HS::1.0:USB_DEVICE_1_0_RESTRICTED_HS
2025-04-12 13:19:59,738 [WARN] ModelIntegratedComponent:188 - Modes not found for component STMicroelectronics:USB_DEVICE:1.0.0:STMicroelectronics:USB::USB Device:MSC HS::1.0:USB_DEVICE_1_0_RESTRICTED_HS
2025-04-12 13:19:59,765 [INFO] ThirdPartyModel:298 - Start build external matchings
2025-04-12 13:20:00,403 [INFO] ThirdPartyModel:316 - End build external matchings
2025-04-12 13:20:00,422 [INFO] ImportTextPane:218 - (OptionalMessage_ERROR) IP (RCC) : Parameter (48MHZClocksFreq_Value) has invalid value (84000000)
2025-04-12 13:20:00,425 [INFO] ImportTextPane:218 - (OptionalMessage_ERROR) IP (RCC) : Parameter (FLatency) has Id (AdvancedSettings) currently not set
2025-04-12 13:20:00,426 [INFO] ImportTextPane:218 - (OptionalMessage_ERROR) IP (RCC) : Parameter (RTCHSEDivFreq_Value) has invalid value (4000000)
2025-04-12 13:20:00,797 [INFO] UtilMem:75 - End LoadConfig() Used Memory: 971769848 Bytes (1073741824)
2025-04-12 13:20:00,970 [WARN] ThirdParty:833 - waiting for thirdparty lock release [change project]
2025-04-12 13:20:00,970 [INFO] ThirdParty:835 - entering critical section [change project]
2025-04-12 13:20:00,971 [INFO] ThirdParty:1030 - CMSIS Pack Vendor :STMicroelectronics USBPD 4.1
2025-04-12 13:20:00,971 [INFO] ThirdParty:1030 - CMSIS Pack Vendor :STMicroelectronics X-CUBE-AZRTOS-H7 3.3.0
2025-04-12 13:20:00,971 [INFO] ThirdParty:1030 - CMSIS Pack Vendor :STMicroelectronics X-CUBE-NFC9 1.0.0
2025-04-12 13:20:00,971 [INFO] ThirdParty:1030 - CMSIS Pack Vendor :STMicroelectronics USB_HOST 2.0.0
2025-04-12 13:20:00,971 [INFO] ThirdParty:1030 - CMSIS Pack Vendor :STMicroelectronics FP-SNS-MOTENVWB1 1.4.0
2025-04-12 13:20:00,971 [INFO] ThirdParty:1030 - CMSIS Pack Vendor :STMicroelectronics X-CUBE-AZRTOS-F4 1.1.0
2025-04-12 13:20:00,971 [INFO] ThirdParty:1030 - CMSIS Pack Vendor :STMicroelectronics LIBJPEG 8.0.0
2025-04-12 13:20:00,971 [INFO] ThirdParty:1030 - CMSIS Pack Vendor :STMicroelectronics FP-ATR-ASTRA1 2.0.2
2025-04-12 13:20:00,971 [INFO] ThirdParty:1030 - CMSIS Pack Vendor :STMicroelectronics X-CUBE-BLE1 7.1.0
2025-04-12 13:20:00,971 [INFO] ThirdParty:1030 - CMSIS Pack Vendor :Avnet-IotConnect X-CUBE-IoTC-DA16k-PMOD 1.0.0
2025-04-12 13:20:00,971 [INFO] ThirdParty:1030 - CMSIS Pack Vendor :STMicroelectronics X-CUBE-SMBUS 2.1.0
2025-04-12 13:20:00,971 [INFO] ThirdParty:1030 - CMSIS Pack Vendor :STMicroelectronics X-CUBE-WB05N 1.1.0
2025-04-12 13:20:00,971 [INFO] ThirdParty:1030 - CMSIS Pack Vendor :wolfSSL I-CUBE-wolfMQTT 1.19.2
2025-04-12 13:20:00,971 [INFO] ThirdParty:1030 - CMSIS Pack Vendor :STMicroelectronics USB_DEVICE 3.0.0
2025-04-12 13:20:00,971 [INFO] ThirdParty:1030 - CMSIS Pack Vendor :STMicroelectronics X-CUBE-ISPU 2.1.0
2025-04-12 13:20:00,971 [INFO] ThirdParty:1030 - CMSIS Pack Vendor :STMicroelectronics X-CUBE-AZRTOS-WB 2.0.0
2025-04-12 13:20:00,971 [INFO] ThirdParty:1030 - CMSIS Pack Vendor :STMicroelectronics X-CUBE-GNSS1 7.0.1
2025-04-12 13:20:00,971 [INFO] ThirdParty:1030 - CMSIS Pack Vendor :STMicroelectronics X-CUBE-AZRTOS-F7 1.1.0
2025-04-12 13:20:00,971 [INFO] ThirdParty:1030 - CMSIS Pack Vendor :STMicroelectronics X-CUBE-AZRTOS-L5 2.0.0
2025-04-12 13:20:00,972 [INFO] ThirdParty:1030 - CMSIS Pack Vendor :STMicroelectronics X-CUBE-TOUCHGFX 4.25.0
2025-04-12 13:20:00,972 [INFO] ThirdParty:1030 - CMSIS Pack Vendor :STMicroelectronics USB_DEVICE 2.0.0
2025-04-12 13:20:00,972 [INFO] ThirdParty:1030 - CMSIS Pack Vendor :STMicroelectronics X-CUBE-NFC6 3.1.0
2025-04-12 13:20:00,972 [INFO] ThirdParty:1030 - CMSIS Pack Vendor :STMicroelectronics FP-SNS-STBOX1 2.0.0
2025-04-12 13:20:00,972 [INFO] ThirdParty:1030 - CMSIS Pack Vendor :STMicroelectronics FreeRTOS 0.0.1
2025-04-12 13:20:00,972 [INFO] ThirdParty:1030 - CMSIS Pack Vendor :STMicroelectronics X-CUBE-AZRTOS-G0 1.1.0
2025-04-12 13:20:00,972 [INFO] ThirdParty:1030 - CMSIS Pack Vendor :STMicroelectronics X-CUBE-SAFEA1 1.2.2
2025-04-12 13:20:00,972 [INFO] ThirdParty:1030 - CMSIS Pack Vendor :STMicroelectronics X-CUBE-NFC4 3.0.0
2025-04-12 13:20:00,972 [INFO] ThirdParty:1030 - CMSIS Pack Vendor :STMicroelectronics X-CUBE-DPower 1.2.0
2025-04-12 13:20:00,972 [INFO] ThirdParty:1030 - CMSIS Pack Vendor :STMicroelectronics X-CUBE-SUBG2 5.0.0
2025-04-12 13:20:00,972 [INFO] ThirdParty:1030 - CMSIS Pack Vendor :STMicroelectronics X-CUBE-AZRTOS-H7RS 1.1.0
2025-04-12 13:20:00,972 [INFO] ThirdParty:1030 - CMSIS Pack Vendor :STMicroelectronics STM32_WPAN 1.0.0
2025-04-12 13:20:00,972 [INFO] ThirdParty:1030 - CMSIS Pack Vendor :EmbeddedOffice I-CUBE-FS-RTOS 1.0.1
2025-04-12 13:20:00,972 [INFO] ThirdParty:1030 - CMSIS Pack Vendor :STMicroelectronics lwIP 2.0.3
2025-04-12 13:20:00,972 [INFO] ThirdParty:1030 - CMSIS Pack Vendor :STMicroelectronics FP-SNS-FLIGHT1 5.0.2
2025-04-12 13:20:00,972 [INFO] ThirdParty:1030 - CMSIS Pack Vendor :Cesanta I-CUBE-Mongoose 7.13.0
2025-04-12 13:20:00,972 [INFO] ThirdParty:1030 - CMSIS Pack Vendor :STMicroelectronics USB_HOST 1.0.0
2025-04-12 13:20:00,972 [INFO] ThirdParty:1030 - CMSIS Pack Vendor :Infineon AIROC-Wi-Fi-Bluetooth-STM32 1.7.0
2025-04-12 13:20:00,972 [INFO] ThirdParty:1030 - CMSIS Pack Vendor :STMicroelectronics X-CUBE-AZRTOS-G4 2.0.0
2025-04-12 13:20:00,972 [INFO] ThirdParty:1030 - CMSIS Pack Vendor :STMicroelectronics PDM2PCM 3.1.0
2025-04-12 13:20:00,972 [INFO] ThirdParty:1030 - CMSIS Pack Vendor :STMicroelectronics PDM2PCM 3.3.0
2025-04-12 13:20:00,972 [INFO] ThirdParty:1030 - CMSIS Pack Vendor :wolfSSL I-CUBE-wolfTPM 3.8.0
2025-04-12 13:20:00,972 [INFO] ThirdParty:1030 - CMSIS Pack Vendor :STMicroelectronics X-CUBE-DISPLAY 3.0.0
2025-04-12 13:20:00,972 [INFO] ThirdParty:1030 - CMSIS Pack Vendor :wolfSSL I-CUBE-wolfSSH 1.4.20
2025-04-12 13:20:00,972 [INFO] ThirdParty:1030 - CMSIS Pack Vendor :STMicroelectronics X-CUBE-TCPP 4.2.0
2025-04-12 13:20:00,972 [INFO] ThirdParty:1030 - CMSIS Pack Vendor :RealThread X-CUBE-RT-Thread_Nano 4.1.1
2025-04-12 13:20:00,972 [INFO] ThirdParty:1030 - CMSIS Pack Vendor :STMicroelectronics X-CUBE-BLE1 7.0.0
2025-04-12 13:20:00,972 [INFO] ThirdParty:1030 - CMSIS Pack Vendor :STMicroelectronics FP-ATR-SIGFOX1 3.2.0
2025-04-12 13:20:00,972 [INFO] ThirdParty:1030 - CMSIS Pack Vendor :STMicroelectronics X-CUBE-NFC10 1.0.0
2025-04-12 13:20:00,973 [INFO] ThirdParty:1030 - CMSIS Pack Vendor :quantropi X-CUBE-qispace-sdk-base 1.9.3
2025-04-12 13:20:00,973 [INFO] ThirdParty:1030 - CMSIS Pack Vendor :STMicroelectronics X-CUBE-BLEMGR 4.0.0
2025-04-12 13:20:00,973 [INFO] ThirdParty:1030 - CMSIS Pack Vendor :STMicroelectronics X-CUBE-EEPRMA1 5.1.0
2025-04-12 13:20:00,973 [INFO] ThirdParty:1030 - CMSIS Pack Vendor :STMicroelectronics HAL Drivers 0.0.0
2025-04-12 13:20:00,973 [INFO] ThirdParty:1030 - CMSIS Pack Vendor :STMicroelectronics MBEDTLS 2.16.2
2025-04-12 13:20:00,973 [INFO] ThirdParty:1030 - CMSIS Pack Vendor :STMicroelectronics X-CUBE-IPS 3.1.0
2025-04-12 13:20:00,973 [INFO] ThirdParty:1030 - CMSIS Pack Vendor :STMicroelectronics X-CUBE-ALS 1.0.2
2025-04-12 13:20:00,973 [INFO] ThirdParty:1030 - CMSIS Pack Vendor :emotas I-CUBE-CANOPEN 1.3.0
2025-04-12 13:20:00,973 [INFO] ThirdParty:1030 - CMSIS Pack Vendor :STMicroelectronics X-CUBE-FREERTOS 1.3.0
2025-04-12 13:20:00,973 [INFO] ThirdParty:1030 - CMSIS Pack Vendor :STMicroelectronics X-CUBE-NFC7 1.0.1
2025-04-12 13:20:00,973 [INFO] ThirdParty:1030 - CMSIS Pack Vendor :STMicroelectronics MBEDTLS 2.14.1
2025-04-12 13:20:00,973 [INFO] ThirdParty:1030 - CMSIS Pack Vendor :wolfSSL I-CUBE-wolfSSL 5.7.6
2025-04-12 13:20:00,973 [INFO] ThirdParty:1030 - CMSIS Pack Vendor :ITTIA_DB I-CUBE-ITTIADB 8.9.0
2025-04-12 13:20:00,973 [INFO] ThirdParty:1030 - CMSIS Pack Vendor :STMicroelectronics X-CUBE-TOUCHGFX 4.24.2
2025-04-12 13:20:00,973 [INFO] ThirdParty:1030 - CMSIS Pack Vendor :portGmbH I-Cube-SoM-uGOAL 1.1.0
2025-04-12 13:20:00,973 [INFO] ThirdParty:1030 - CMSIS Pack Vendor :STMicroelectronics X-CUBE-AI 10.0.0
2025-04-12 13:20:00,973 [INFO] ThirdParty:1030 - CMSIS Pack Vendor :STMicroelectronics ThreadX 1.0.0
2025-04-12 13:20:00,973 [INFO] ThirdParty:1030 - CMSIS Pack Vendor :STMicroelectronics FP-SNS-SMARTAG2 1.2.0
2025-04-12 13:20:00,973 [INFO] ThirdParty:1030 - CMSIS Pack Vendor :STMicroelectronics FP-SNS-FLIGHT1 5.1.0
2025-04-12 13:20:00,973 [INFO] ThirdParty:1030 - CMSIS Pack Vendor :STMicroelectronics X-CUBE-MEMS1 11.1.0
2025-04-12 13:20:00,973 [INFO] ThirdParty:1030 - CMSIS Pack Vendor :STMicroelectronics X-CUBE-AZRTOS-WL 2.0.0
2025-04-12 13:20:00,973 [INFO] ThirdParty:1030 - CMSIS Pack Vendor :SEGGER I-CUBE-embOS 1.3.1
2025-04-12 13:20:00,973 [INFO] ThirdParty:1030 - CMSIS Pack Vendor :STMicroelectronics X-CUBE-ALGOBUILD 1.4.0
2025-04-12 13:20:00,973 [INFO] ThirdParty:1030 - CMSIS Pack Vendor :STMicroelectronics X-CUBE-DPower 1.3.0
2025-04-12 13:20:00,973 [INFO] ThirdParty:1030 - CMSIS Pack Vendor :STMicroelectronics FP-SNS-MOTENV1 5.0.0
2025-04-12 13:20:00,973 [INFO] ThirdParty:1030 - CMSIS Pack Vendor :STMicroelectronics USB_DEVICE 1.0.0
2025-04-12 13:20:00,973 [INFO] ThirdParty:1030 - CMSIS Pack Vendor :STMicroelectronics X-CUBE-AZRTOS-H7RS 1.0.0
2025-04-12 13:20:00,974 [INFO] ThirdParty:1030 - CMSIS Pack Vendor :STMicroelectronics X-CUBE-AZRTOS-L4 2.0.0
2025-04-12 13:20:00,974 [INFO] ThirdParty:1030 - CMSIS Pack Vendor :STMicroelectronics ThreadX 0.0.2
2025-04-12 13:20:00,974 [INFO] ThirdParty:1030 - CMSIS Pack Vendor :WES I-CUBE-Cesium 1.3.0
2025-04-12 13:20:00,974 [INFO] ThirdParty:1030 - CMSIS Pack Vendor :STMicroelectronics lwIP 2.1.2
2025-04-12 13:20:00,974 [INFO] ThirdParty:1030 - CMSIS Pack Vendor :STMicroelectronics X-CUBE-SFXS2LP1 4.0.0
2025-04-12 13:20:00,974 [INFO] ThirdParty:1030 - CMSIS Pack Vendor :STMicroelectronics X-CUBE-BLE2 3.3.0
2025-04-12 13:20:00,974 [INFO] ThirdParty:1030 - CMSIS Pack Vendor :STMicroelectronics X-CUBE-TOF1 3.4.2
2025-04-12 13:20:00,974 [INFO] ThirdParty:1030 - CMSIS Pack Vendor :STMicroelectronics PDM2PCM 3.2.0
2025-04-12 13:20:00,974 [INFO] ThirdParty:841 - exiting critical section [change project]
2025-04-12 13:20:01,302 [INFO] PinOutPanel:1589 - setPackage(No Configuration,No Configuration)
2025-04-12 13:20:01,304 [INFO] PinOutPanel:1589 - setPackage(STM32F411RETx,LQFP64)
2025-04-12 13:20:01,832 [INFO] UtilMem:75 - Before build in PCC Used Memory: 975677520 Bytes (1073741824)
2025-04-12 13:20:02,899 [INFO] UtilMem:75 - After build in PCC Used Memory: 954585032 Bytes (1073741824)
2025-04-12 13:20:02,943 [INFO] IPUIPlugin:80 - create IPUIPlugin
2025-04-12 13:20:02,943 [INFO] IPUIPlugin:80 - create IPUIPlugin
2025-04-12 13:20:02,944 [INFO] IPUIPlugin:80 - create IPUIPlugin
2025-04-12 13:20:02,944 [INFO] IPUIPlugin:80 - create IPUIPlugin
2025-04-12 13:20:02,944 [INFO] IPUIPlugin:80 - create IPUIPlugin
2025-04-12 13:20:02,944 [INFO] IPUIPlugin:80 - create IPUIPlugin
2025-04-12 13:20:02,944 [INFO] IPUIPlugin:80 - create IPUIPlugin
2025-04-12 13:20:02,944 [INFO] IPUIPlugin:80 - create IPUIPlugin
2025-04-12 13:20:02,944 [INFO] IPUIPlugin:80 - create IPUIPlugin
2025-04-12 13:20:02,944 [INFO] IPUIPlugin:80 - create IPUIPlugin
2025-04-12 13:20:02,945 [INFO] IPUIPlugin:80 - create IPUIPlugin
2025-04-12 13:20:02,945 [INFO] IPUIPlugin:80 - create IPUIPlugin
2025-04-12 13:20:02,945 [INFO] IPUIPlugin:80 - create IPUIPlugin
2025-04-12 13:20:02,945 [INFO] IPUIPlugin:80 - create IPUIPlugin
2025-04-12 13:20:02,945 [INFO] IPUIPlugin:80 - create IPUIPlugin
2025-04-12 13:20:02,946 [INFO] IPUIPlugin:80 - create IPUIPlugin
2025-04-12 13:20:02,946 [INFO] IPUIPlugin:80 - create IPUIPlugin
2025-04-12 13:20:02,947 [INFO] IPUIPlugin:80 - create IPUIPlugin
2025-04-12 13:20:02,947 [INFO] IPUIPlugin:80 - create IPUIPlugin
2025-04-12 13:20:02,948 [INFO] IPUIPlugin:80 - create IPUIPlugin
2025-04-12 13:20:02,948 [INFO] IPUIPlugin:80 - create IPUIPlugin
2025-04-12 13:20:02,948 [INFO] IPUIPlugin:80 - create IPUIPlugin
2025-04-12 13:20:02,949 [INFO] IPUIPlugin:80 - create IPUIPlugin
2025-04-12 13:20:02,949 [INFO] IPUIPlugin:80 - create IPUIPlugin
2025-04-12 13:20:02,949 [INFO] IPUIPlugin:80 - create IPUIPlugin
2025-04-12 13:20:02,949 [INFO] IPUIPlugin:80 - create IPUIPlugin
2025-04-12 13:20:02,950 [INFO] IPUIPlugin:80 - create IPUIPlugin
2025-04-12 13:20:02,950 [INFO] IPUIPlugin:80 - create IPUIPlugin
2025-04-12 13:20:02,950 [INFO] IPUIPlugin:80 - create IPUIPlugin
2025-04-12 13:20:02,950 [INFO] IPUIPlugin:80 - create IPUIPlugin
2025-04-12 13:20:02,951 [INFO] IPUIPlugin:80 - create IPUIPlugin
2025-04-12 13:20:02,951 [INFO] IPUIPlugin:80 - create IPUIPlugin
2025-04-12 13:20:02,951 [INFO] IPUIPlugin:80 - create IPUIPlugin
2025-04-12 13:20:02,952 [INFO] IPUIPlugin:80 - create IPUIPlugin
2025-04-12 13:20:02,952 [INFO] IPUIPlugin:80 - create IPUIPlugin
2025-04-12 13:20:02,952 [INFO] IPUIPlugin:80 - create IPUIPlugin
2025-04-12 13:20:02,953 [INFO] IPUIPlugin:80 - create IPUIPlugin
2025-04-12 13:20:02,953 [INFO] IPUIPlugin:80 - create IPUIPlugin
2025-04-12 13:20:02,953 [INFO] IPUIPlugin:80 - create IPUIPlugin
2025-04-12 13:20:02,954 [INFO] IPUIPlugin:80 - create IPUIPlugin
2025-04-12 13:20:02,954 [INFO] IPUIPlugin:80 - create IPUIPlugin
2025-04-12 13:20:02,955 [INFO] IPUIPlugin:80 - create IPUIPlugin
2025-04-12 13:20:02,955 [INFO] IPUIPlugin:80 - create IPUIPlugin
2025-04-12 13:20:03,116 [INFO] ApiDbMcu:508 - Load IP Config File for PDM2PCM
2025-04-12 13:20:03,357 [INFO] CADModel:165 - CPN selected for project levelSTM32F411RET6
2025-04-12 13:20:03,357 [INFO] CADModel:114 - Register for checkConnection events
2025-04-12 13:20:03,422 [INFO] OpenFileManager:363 - Restore cursor
2025-04-12 13:20:04,206 [INFO] UtilMem:75 - End SaveConfig() Used Memory: 1003073944 Bytes (1073741824)
2025-04-12 13:20:04,307 [INFO] UtilMem:75 - End SaveConfig() Used Memory: 941422016 Bytes (1073741824)
2025-04-12 13:20:04,983 [INFO] BlockDiagram:2766 - set Specific Code input for plugin: NVIC
2025-04-12 13:20:04,983 [INFO] BlockDiagram:2766 - set Specific Code input for plugin: USART
2025-04-12 13:20:04,983 [INFO] BlockDiagram:2766 - set Specific Code input for plugin: SYS
2025-04-12 13:20:04,984 [INFO] BlockDiagram:2766 - set Specific Code input for plugin: GPIO
2025-04-12 13:20:04,984 [INFO] BlockDiagram:2766 - set Specific Code input for plugin: RCC
2025-04-12 13:20:04,986 [INFO] CodeGenerator:896 - code generatio: config db path: C:\ST\STM32CubeIDE_1.17.0\STM32CubeIDE\plugins\com.st.stm32cube.common.mx_6.13.0.202411220809\\db\
2025-04-12 13:20:05,353 [INFO] CodeEngine:255 - oldGeneratedFile, C:\Users\Flori\Documents\Project\Tech\IT\firmware-development\NucleoF411RE-ApplicationShield\test\MXTmpFiles\license.tmp_save
2025-04-12 13:20:05,891 [INFO] CodeEngine:279 - Generated code: C:\Users\Flori\Documents\Project\Tech\IT\firmware-development\NucleoF411RE-ApplicationShield\test\MXTmpFiles\license.tmp
2025-04-12 13:20:05,990 [INFO] CodeEngine:255 - oldGeneratedFile, C:\Users\Flori\Documents\Project\Tech\IT\firmware-development\NucleoF411RE-ApplicationShield\test\MXTmpFiles\gpio.tmp_save
2025-04-12 13:20:06,280 [INFO] CodeEngine:279 - Generated code: C:\Users\Flori\Documents\Project\Tech\IT\firmware-development\NucleoF411RE-ApplicationShield\test\MXTmpFiles\gpio.tmp
2025-04-12 13:20:06,407 [INFO] CodeEngine:255 - oldGeneratedFile, C:\Users\Flori\Documents\Project\Tech\IT\firmware-development\NucleoF411RE-ApplicationShield\test\Core\Src\stm32f4xx_it.c_save
2025-04-12 13:20:06,606 [INFO] CodeEngine:279 - Generated code: C:\Users\Flori\Documents\Project\Tech\IT\firmware-development\NucleoF411RE-ApplicationShield\test\Core\Src\stm32f4xx_it.c
2025-04-12 13:20:06,625 [INFO] CodeEngine:255 - oldGeneratedFile, C:\Users\Flori\Documents\Project\Tech\IT\firmware-development\NucleoF411RE-ApplicationShield\test\Core\Inc\stm32f4xx_it.h_save
2025-04-12 13:20:06,733 [INFO] CodeEngine:279 - Generated code: C:\Users\Flori\Documents\Project\Tech\IT\firmware-development\NucleoF411RE-ApplicationShield\test\Core\Inc\stm32f4xx_it.h
2025-04-12 13:20:06,749 [INFO] CodeEngine:255 - oldGeneratedFile, C:\Users\Flori\Documents\Project\Tech\IT\firmware-development\NucleoF411RE-ApplicationShield\test\Core\Src\stm32f4xx_hal_msp.c_save
2025-04-12 13:20:06,940 [INFO] CodeEngine:279 - Generated code: C:\Users\Flori\Documents\Project\Tech\IT\firmware-development\NucleoF411RE-ApplicationShield\test\Core\Src\stm32f4xx_hal_msp.c
2025-04-12 13:20:06,947 [INFO] CodeEngine:255 - oldGeneratedFile, C:\Users\Flori\Documents\Project\Tech\IT\firmware-development\NucleoF411RE-ApplicationShield\test\MXTmpFiles\system.tmp_save
2025-04-12 13:20:07,021 [INFO] CodeEngine:279 - Generated code: C:\Users\Flori\Documents\Project\Tech\IT\firmware-development\NucleoF411RE-ApplicationShield\test\MXTmpFiles\system.tmp
2025-04-12 13:20:07,044 [INFO] CodeEngine:311 - oldGeneratedFile, C:\Users\Flori\Documents\Project\Tech\IT\firmware-development\NucleoF411RE-ApplicationShield\test\Core\Inc\stm32f4xx_hal_conf.h_save
2025-04-12 13:20:07,196 [INFO] CodeEngine:335 - Generated code: C:\Users\Flori\Documents\Project\Tech\IT\firmware-development\NucleoF411RE-ApplicationShield\test\Core\Inc\stm32f4xx_hal_conf.h
2025-04-12 13:20:07,267 [INFO] ApiDbMcu:508 - Load IP Config File for USART2
2025-04-12 13:20:07,277 [INFO] ApiDbMcu:508 - Load IP Config File for RCC
2025-04-12 13:20:07,297 [INFO] CodeEngine:255 - oldGeneratedFile, C:\Users\Flori\Documents\Project\Tech\IT\firmware-development\NucleoF411RE-ApplicationShield\test\Core\Inc\main.h_save
2025-04-12 13:20:07,440 [INFO] CodeEngine:279 - Generated code: C:\Users\Flori\Documents\Project\Tech\IT\firmware-development\NucleoF411RE-ApplicationShield\test\Core\Inc\main.h
2025-04-12 13:20:07,447 [INFO] CodeEngine:255 - oldGeneratedFile, C:\Users\Flori\Documents\Project\Tech\IT\firmware-development\NucleoF411RE-ApplicationShield\test\Core\Src\main.c_save
2025-04-12 13:20:07,648 [INFO] CodeEngine:279 - Generated code: C:\Users\Flori\Documents\Project\Tech\IT\firmware-development\NucleoF411RE-ApplicationShield\test\Core\Src\main.c
2025-04-12 13:20:08,146 [INFO] ProjectBuilder:3289 - Time for Copy HAL[1] : 219mS.
2025-04-12 13:20:08,156 [INFO] ProjectBuilder:4876 - Project Generator version: 4.5.0-RC5
2025-04-12 13:20:08,294 [INFO] ConfigFileManager:1579 - The Die is : DIE431
2025-04-12 13:20:08,324 [INFO] ApiDbMcu:508 - Load IP Config File for FATFS
2025-04-12 13:20:08,359 [INFO] ApiDbMcu:508 - Load IP Config File for FREERTOS
2025-04-12 13:20:08,365 [INFO] ApiDbMcu:508 - Load IP Config File for LIBJPEG
2025-04-12 13:20:08,463 [INFO] ApiDbMcu:508 - Load IP Config File for MBEDTLS
2025-04-12 13:20:08,516 [INFO] ApiDbMcu:508 - Load IP Config File for USB_DEVICE
2025-04-12 13:20:08,529 [INFO] ApiDbMcu:508 - Load IP Config File for USB_HOST
2025-04-12 13:20:09,138 [INFO] LogOutputStream:77 - [STDOUT_REDIRECT] 
2025-04-12 13:20:11,973 [INFO] ProjectBuilder:5154 - Time for Generating toolchain IDE Files: 3816mS.
2025-04-12 13:20:11,974 [INFO] ProjectBuilder:3146 - Time for Copy CMSIS : 0mS.
2025-04-12 13:20:11,976 [INFO] ProjectBuilder:3146 - Time for Copy CMSIS : 0mS.
2025-04-12 13:20:13,329 [INFO] McuFinderGlobals:76 - Set McuFinderConnectedMode to true
2025-04-12 13:20:13,336 [INFO] ApiDb:448 - Save user favorites file C:\Users\Flori/.stm32cubeide/favorites.mcus.txt: 0 item(s)
2025-04-12 13:20:13,336 [INFO] ApiDb:452 - User favorites MCUs=[]
2025-04-12 13:20:13,337 [INFO] ApiDb:448 - Save user favorites file C:\Users\Flori/.stm32cubeide/favorites.boards.txt: 0 item(s)
2025-04-12 13:20:13,338 [INFO] ApiDb:452 - User favorites Boards=[]
2025-04-12 13:22:12,790 [INFO] MainUpdater:2872 - connection check result : 10
2025-04-12 13:22:12,791 [INFO] MainUpdater:2872 - connection check result : 10
2025-04-12 13:22:13,035 [INFO] MicroXplorer:468 - Change Database Path : 
2025-04-12 13:22:13,035 [INFO] MicroXplorer:498 - Change Database Version : DB.6.0.130
2025-04-12 13:22:13,049 [ERROR] ProjectManagerView:394 - 
java.lang.NullPointerException: Cannot invoke "javax.swing.JTextField.getText()" because the return value of "java.util.List.get(int)" is null
	at com.st.microxplorer.plugins.projectmanager.gui.ProjectChoiceTab$9.caretUpdate(ProjectChoiceTab.java:2616) ~[filemanager.jar:?]
	at javax.swing.text.JTextComponent.fireCaretUpdate(JTextComponent.java:408) ~[?:?]
	at javax.swing.text.JTextComponent$MutableCaretEvent.fire(JTextComponent.java:4484) ~[?:?]
	at javax.swing.text.JTextComponent$MutableCaretEvent.stateChanged(JTextComponent.java:4506) ~[?:?]
	at javax.swing.text.DefaultCaret.fireStateChanged(DefaultCaret.java:857) ~[?:?]
	at javax.swing.text.DefaultCaret.changeCaretPosition(DefaultCaret.java:1343) ~[?:?]
	at javax.swing.text.DefaultCaret.handleSetDot(DefaultCaret.java:1242) ~[?:?]
	at javax.swing.text.DefaultCaret.setDot(DefaultCaret.java:1223) ~[?:?]
	at javax.swing.text.DefaultCaret$Handler.insertUpdate(DefaultCaret.java:1819) ~[?:?]
	at javax.swing.text.AbstractDocument.fireInsertUpdate(AbstractDocument.java:227) ~[?:?]
	at javax.swing.text.AbstractDocument.handleInsertString(AbstractDocument.java:781) ~[?:?]
	at javax.swing.text.AbstractDocument.insertString(AbstractDocument.java:740) ~[?:?]
	at javax.swing.text.PlainDocument.insertString(PlainDocument.java:131) ~[?:?]
	at javax.swing.text.AbstractDocument.replace(AbstractDocument.java:699) ~[?:?]
	at javax.swing.text.JTextComponent.setText(JTextComponent.java:1725) ~[?:?]
	at com.st.microxplorer.plugins.projectmanager.gui.ProjectChoiceTab.createHeapStackFields(ProjectChoiceTab.java:975) ~[filemanager.jar:?]
	at com.st.microxplorer.plugins.projectmanager.gui.ProjectChoiceTab.buildLinkSettingsPanel(ProjectChoiceTab.java:3666) ~[filemanager.jar:?]
	at com.st.microxplorer.plugins.projectmanager.gui.ProjectChoiceTab.defineWindowsFields(ProjectChoiceTab.java:1934) ~[filemanager.jar:?]
	at com.st.microxplorer.plugins.projectmanager.gui.ProjectChoiceTab.updateSettings(ProjectChoiceTab.java:553) ~[filemanager.jar:?]
	at com.st.microxplorer.plugins.projectmanager.gui.ProjectSettingsPanel.UpdateDialog(ProjectSettingsPanel.java:245) ~[filemanager.jar:?]
	at com.st.microxplorer.plugins.projectmanager.ProjectManagerView.propertyChange(ProjectManagerView.java:391) ~[filemanager.jar:?]
	at java.beans.PropertyChangeSupport.fire(PropertyChangeSupport.java:343) ~[?:?]
	at java.beans.PropertyChangeSupport.firePropertyChange(PropertyChangeSupport.java:335) ~[?:?]
	at java.beans.PropertyChangeSupport.firePropertyChange(PropertyChangeSupport.java:268) ~[?:?]
	at com.st.microxplorer.util.MXPropertyChangeSupport.firePropertyChange(MXPropertyChangeSupport.java:54) ~[STM32CubeMX.jar:?]
	at com.st.microxplorer.mxsystem.MxSystem.closeConfig(MxSystem.java:899) ~[STM32CubeMX.jar:?]
	at com.st.microxplorer.maingui.MainPanel.closeConfig(MainPanel.java:789) ~[STM32CubeMX.jar:?]
	at com.st.microxplorer.plugins.filemanager.engine.OpenFileManager.loadConfigurationFile(OpenFileManager.java:265) ~[filemanager.jar:?]
	at com.st.microxplorer.plugins.filemanager.engine.MainFileManager.userLoadConfig(MainFileManager.java:340) ~[filemanager.jar:?]
	at com.st.microxplorer.plugins.filemanager.engine.MainFileManager.userLoadConfig(MainFileManager.java:318) ~[filemanager.jar:?]
	at com.st.microxplorer.plugins.filemanager.FileManagerView.getSpecificTask(FileManagerView.java:246) ~[filemanager.jar:?]
	at com.st.stm32cube.common.mx.editor.CubeMxEditor.getMxTabbedPaneInstance(CubeMxEditor.java:1198) ~[com.st.stm32cube.common.mx_6.13.0.202411220809/:?]
	at com.st.stm32cube.common.mx.editor.CubeMxEditor$12$1.createSwingComponent(CubeMxEditor.java:1068) ~[com.st.stm32cube.common.mx_6.13.0.202411220809/:?]
	at com.st.stm32cube.common.mx.oss.core.awtswtbridge.EmbeddedSwingComposite.doComponentCreation(EmbeddedSwingComposite.java:492) ~[com.st.stm32cube.common.mx.oss_6.13.0.202411220809/:?]
	at com.st.stm32cube.common.mx.oss.core.awtswtbridge.EmbeddedSwingComposite$4.run(EmbeddedSwingComposite.java:291) ~[com.st.stm32cube.common.mx.oss_6.13.0.202411220809/:?]
	at com.st.stm32cube.common.mx.oss.core.awtswtbridge.AwtEnvironment$2.run(AwtEnvironment.java:166) ~[com.st.stm32cube.common.mx.oss_6.13.0.202411220809/:?]
	at java.awt.event.InvocationEvent.dispatch(InvocationEvent.java:318) ~[?:?]
	at java.awt.EventQueue.dispatchEventImpl(EventQueue.java:773) ~[?:?]
	at java.awt.EventQueue$4.run(EventQueue.java:720) ~[?:?]
	at java.awt.EventQueue$4.run(EventQueue.java:714) ~[?:?]
	at java.security.AccessController.doPrivileged(AccessController.java:400) ~[?:?]
	at java.security.ProtectionDomain$JavaSecurityAccessImpl.doIntersectionPrivilege(ProtectionDomain.java:87) ~[?:?]
	at java.awt.EventQueue.dispatchEvent(EventQueue.java:742) ~[?:?]
	at java.awt.EventDispatchThread.pumpOneEventForFilters(EventDispatchThread.java:203) ~[?:?]
	at java.awt.EventDispatchThread.pumpEventsForFilter(EventDispatchThread.java:124) ~[?:?]
	at java.awt.EventDispatchThread.pumpEventsForHierarchy(EventDispatchThread.java:113) ~[?:?]
	at java.awt.EventDispatchThread.pumpEvents(EventDispatchThread.java:109) ~[?:?]
	at java.awt.EventDispatchThread.pumpEvents(EventDispatchThread.java:101) ~[?:?]
	at java.awt.EventDispatchThread.run(EventDispatchThread.java:90) ~[?:?]
2025-04-12 13:22:13,067 [WARN] ThirdParty:871 - waiting for thirdparty lock release [close project]
2025-04-12 13:22:13,067 [INFO] ThirdParty:873 - entering critical section [close project]
2025-04-12 13:22:13,067 [INFO] ThirdParty:883 - exiting critical section [close project]
2025-04-12 13:22:13,068 [INFO] PinOutPanel:1589 - setPackage(No Configuration,No Configuration)
2025-04-12 13:22:13,082 [WARN] IpParametersView:154 - Warning: This peripheral hasn't parameters
2025-04-12 13:22:13,101 [WARN] MainPanel:289 - <html><b><center>Warning: This peripheral has no parameters to be configured<br></b></html>
2025-04-12 13:22:13,109 [ERROR] MainPanel:599 - java.lang.IndexOutOfBoundsException: Index: 0, Tab count: 0
2025-04-12 13:22:13,118 [INFO] UtilMem:75 - Begin LoadConfig() Used Memory: 969847616 Bytes (1073741824)
2025-04-12 13:22:13,119 [INFO] MicroXplorer:468 - Change Database Path : 
2025-04-12 13:22:13,119 [INFO] MicroXplorer:498 - Change Database Version : DB.6.0.130
2025-04-12 13:22:13,119 [INFO] OpenFileManager:332 - Change cursor
2025-04-12 13:22:13,136 [INFO] RulesReader:64 - Compatibility file has been processed (297 Rules)
2025-04-12 13:22:13,140 [INFO] Mcu:2035 - Initializing MCU STM32F411R(C-E)Tx STM32F411RETx STM32F411RET6
2025-04-12 13:22:13,962 [INFO] Context:748 - Trying to add GPIOservice into a context  which must be forbidden
2025-04-12 13:22:14,287 [INFO] RtosManager:555 - Registered RTOS mode: class=CMSIS, group=RTOS, mode=CMSIS_V1, owner=FREERTOS
2025-04-12 13:22:14,287 [INFO] RtosManager:555 - Registered RTOS mode: class=CMSIS, group=RTOS2, mode=CMSIS_V2, owner=FREERTOS
2025-04-12 13:22:14,287 [INFO] RtosManager:555 - Registered RTOS mode: class=RTOS, group=Core, mode=CMSIS_V1, owner=FREERTOS
2025-04-12 13:22:14,287 [INFO] RtosManager:555 - Registered RTOS mode: class=RTOS, group=Core, mode=CMSIS_V2, owner=FREERTOS
2025-04-12 13:22:14,287 [WARN] ModelIntegratedComponent:184 - Missing modes for component STMicroelectronics:FreeRTOS:0.0.1:STMicroelectronics:RTOS:FreeRTOS:Core:::10.2.0:
2025-04-12 13:22:14,296 [WARN] ModelIntegratedComponent:182 - Modes not found for component STMicroelectronics:USB_HOST:1.0.0:STMicroelectronics:USB::USB Host:Audio HS::1.0:USB_HOST_1_0_RESTRICTED_HS
2025-04-12 13:22:14,296 [WARN] ModelIntegratedComponent:188 - Modes not found for component STMicroelectronics:USB_HOST:1.0.0:STMicroelectronics:USB::USB Host:Audio HS::1.0:USB_HOST_1_0_RESTRICTED_HS
2025-04-12 13:22:14,297 [WARN] ModelIntegratedComponent:182 - Modes not found for component STMicroelectronics:USB_HOST:1.0.0:STMicroelectronics:USB::USB Host:CDC HS::1.0:USB_HOST_1_0_RESTRICTED_HS
2025-04-12 13:22:14,297 [WARN] ModelIntegratedComponent:188 - Modes not found for component STMicroelectronics:USB_HOST:1.0.0:STMicroelectronics:USB::USB Host:CDC HS::1.0:USB_HOST_1_0_RESTRICTED_HS
2025-04-12 13:22:14,297 [WARN] ModelIntegratedComponent:182 - Modes not found for component STMicroelectronics:USB_HOST:1.0.0:STMicroelectronics:USB::USB Host:MSC HS::1.0:USB_HOST_1_0_RESTRICTED_HS
2025-04-12 13:22:14,297 [WARN] ModelIntegratedComponent:188 - Modes not found for component STMicroelectronics:USB_HOST:1.0.0:STMicroelectronics:USB::USB Host:MSC HS::1.0:USB_HOST_1_0_RESTRICTED_HS
2025-04-12 13:22:14,297 [WARN] ModelIntegratedComponent:182 - Modes not found for component STMicroelectronics:USB_HOST:1.0.0:STMicroelectronics:USB::USB Host:HID HS::1.0:USB_HOST_1_0_RESTRICTED_HS
2025-04-12 13:22:14,297 [WARN] ModelIntegratedComponent:188 - Modes not found for component STMicroelectronics:USB_HOST:1.0.0:STMicroelectronics:USB::USB Host:HID HS::1.0:USB_HOST_1_0_RESTRICTED_HS
2025-04-12 13:22:14,297 [WARN] ModelIntegratedComponent:182 - Modes not found for component STMicroelectronics:USB_HOST:1.0.0:STMicroelectronics:USB::USB Host:MTP HS::1.0:USB_HOST_1_0_RESTRICTED_HS
2025-04-12 13:22:14,297 [WARN] ModelIntegratedComponent:188 - Modes not found for component STMicroelectronics:USB_HOST:1.0.0:STMicroelectronics:USB::USB Host:MTP HS::1.0:USB_HOST_1_0_RESTRICTED_HS
2025-04-12 13:22:14,304 [WARN] ModelIntegratedComponent:63 - No mode defined for component null
2025-04-12 13:22:14,305 [WARN] ModelIntegratedComponent:63 - No mode defined for component null
2025-04-12 13:22:14,305 [WARN] ModelIntegratedComponent:63 - No mode defined for component null
2025-04-12 13:22:14,305 [WARN] ModelIntegratedComponent:63 - No mode defined for component null
2025-04-12 13:22:14,305 [WARN] ModelIntegratedComponent:63 - No mode defined for component null
2025-04-12 13:22:14,305 [WARN] ModelIntegratedComponent:63 - No mode defined for component null
2025-04-12 13:22:14,305 [WARN] ModelIntegratedComponent:63 - No mode defined for component null
2025-04-12 13:22:14,305 [WARN] ModelIntegratedComponent:63 - No mode defined for component null
2025-04-12 13:22:14,305 [WARN] ModelIntegratedComponent:63 - No mode defined for component null
2025-04-12 13:22:14,305 [WARN] ModelIntegratedComponent:63 - No mode defined for component null
2025-04-12 13:22:14,305 [WARN] ModelIntegratedComponent:63 - No mode defined for component null
2025-04-12 13:22:14,305 [WARN] ModelIntegratedComponent:63 - No mode defined for component null
2025-04-12 13:22:14,306 [WARN] ModelIntegratedComponent:63 - No mode defined for component null
2025-04-12 13:22:14,306 [WARN] ModelIntegratedComponent:63 - No mode defined for component null
2025-04-12 13:22:14,306 [WARN] ModelIntegratedComponent:63 - No mode defined for component null
2025-04-12 13:22:14,306 [WARN] ModelIntegratedComponent:63 - No mode defined for component null
2025-04-12 13:22:14,306 [WARN] ModelIntegratedComponent:63 - No mode defined for component null
2025-04-12 13:22:14,306 [WARN] ModelIntegratedComponent:63 - No mode defined for component null
2025-04-12 13:22:14,306 [WARN] ModelIntegratedComponent:63 - No mode defined for component null
2025-04-12 13:22:14,306 [WARN] ModelIntegratedComponent:63 - No mode defined for component null
2025-04-12 13:22:14,306 [WARN] ModelIntegratedComponent:63 - No mode defined for component null
2025-04-12 13:22:14,306 [WARN] ModelIntegratedComponent:63 - No mode defined for component null
2025-04-12 13:22:14,306 [WARN] ModelIntegratedComponent:63 - No mode defined for component null
2025-04-12 13:22:14,306 [WARN] ModelIntegratedComponent:63 - No mode defined for component null
2025-04-12 13:22:14,306 [WARN] ModelIntegratedComponent:63 - No mode defined for component null
2025-04-12 13:22:14,306 [WARN] ModelIntegratedComponent:63 - No mode defined for component null
2025-04-12 13:22:14,306 [WARN] ModelIntegratedComponent:63 - No mode defined for component null
2025-04-12 13:22:14,306 [WARN] ModelIntegratedComponent:63 - No mode defined for component null
2025-04-12 13:22:14,306 [WARN] ModelIntegratedComponent:63 - No mode defined for component null
2025-04-12 13:22:14,306 [WARN] ModelIntegratedComponent:63 - No mode defined for component null
2025-04-12 13:22:14,307 [WARN] ModelIntegratedComponent:63 - No mode defined for component null
2025-04-12 13:22:14,307 [WARN] ModelIntegratedComponent:63 - No mode defined for component null
2025-04-12 13:22:14,307 [WARN] ModelIntegratedComponent:63 - No mode defined for component null
2025-04-12 13:22:14,307 [WARN] ModelIntegratedComponent:63 - No mode defined for component null
2025-04-12 13:22:14,307 [WARN] ModelIntegratedComponent:63 - No mode defined for component null
2025-04-12 13:22:14,307 [WARN] ModelPack:524 - Component already loaded: STMicroelectronics:HAL Drivers:0.0.0:STMicroelectronics:Device:STMicro_Driver:XSPI:HAL::0.0.1:HAL_XSPI
2025-04-12 13:22:14,471 [WARN] ModelIntegratedComponent:182 - Modes not found for component STMicroelectronics:USB_DEVICE:1.0.0:STMicroelectronics:USB::USB Device:Audio HS::1.0:USB_DEVICE_1_0_RESTRICTED_HS
2025-04-12 13:22:14,471 [WARN] ModelIntegratedComponent:188 - Modes not found for component STMicroelectronics:USB_DEVICE:1.0.0:STMicroelectronics:USB::USB Device:Audio HS::1.0:USB_DEVICE_1_0_RESTRICTED_HS
2025-04-12 13:22:14,472 [WARN] ModelIntegratedComponent:182 - Modes not found for component STMicroelectronics:USB_DEVICE:1.0.0:STMicroelectronics:USB::USB Device:CDC HS::1.0:USB_DEVICE_1_0_RESTRICTED_HS
2025-04-12 13:22:14,472 [WARN] ModelIntegratedComponent:188 - Modes not found for component STMicroelectronics:USB_DEVICE:1.0.0:STMicroelectronics:USB::USB Device:CDC HS::1.0:USB_DEVICE_1_0_RESTRICTED_HS
2025-04-12 13:22:14,472 [WARN] ModelIntegratedComponent:182 - Modes not found for component STMicroelectronics:USB_DEVICE:1.0.0:STMicroelectronics:USB::USB Device:DFU HS::1.0:USB_DEVICE_1_0_RESTRICTED_HS
2025-04-12 13:22:14,472 [WARN] ModelIntegratedComponent:188 - Modes not found for component STMicroelectronics:USB_DEVICE:1.0.0:STMicroelectronics:USB::USB Device:DFU HS::1.0:USB_DEVICE_1_0_RESTRICTED_HS
2025-04-12 13:22:14,472 [WARN] ModelIntegratedComponent:182 - Modes not found for component STMicroelectronics:USB_DEVICE:1.0.0:STMicroelectronics:USB::USB Device:HID HS::1.0:USB_DEVICE_1_0_RESTRICTED_HS
2025-04-12 13:22:14,472 [WARN] ModelIntegratedComponent:188 - Modes not found for component STMicroelectronics:USB_DEVICE:1.0.0:STMicroelectronics:USB::USB Device:HID HS::1.0:USB_DEVICE_1_0_RESTRICTED_HS
2025-04-12 13:22:14,472 [WARN] ModelIntegratedComponent:182 - Modes not found for component STMicroelectronics:USB_DEVICE:1.0.0:STMicroelectronics:USB::USB Device:Custom HID HS::1.0:USB_DEVICE_1_0_RESTRICTED_HS
2025-04-12 13:22:14,472 [WARN] ModelIntegratedComponent:188 - Modes not found for component STMicroelectronics:USB_DEVICE:1.0.0:STMicroelectronics:USB::USB Device:Custom HID HS::1.0:USB_DEVICE_1_0_RESTRICTED_HS
2025-04-12 13:22:14,472 [WARN] ModelIntegratedComponent:182 - Modes not found for component STMicroelectronics:USB_DEVICE:1.0.0:STMicroelectronics:USB::USB Device:MSC HS::1.0:USB_DEVICE_1_0_RESTRICTED_HS
2025-04-12 13:22:14,472 [WARN] ModelIntegratedComponent:188 - Modes not found for component STMicroelectronics:USB_DEVICE:1.0.0:STMicroelectronics:USB::USB Device:MSC HS::1.0:USB_DEVICE_1_0_RESTRICTED_HS
2025-04-12 13:22:14,488 [INFO] ThirdPartyModel:298 - Start build external matchings
2025-04-12 13:22:15,097 [INFO] ThirdPartyModel:316 - End build external matchings
2025-04-12 13:22:15,108 [INFO] ImportTextPane:218 - (OptionalMessage_ERROR) IP (RCC) : Parameter (48MHZClocksFreq_Value) has invalid value (84000000)
2025-04-12 13:22:15,108 [INFO] ImportTextPane:218 - (OptionalMessage_ERROR) IP (RCC) : Parameter (FLatency) has Id (AdvancedSettings) currently not set
2025-04-12 13:22:15,108 [INFO] ImportTextPane:218 - (OptionalMessage_ERROR) IP (RCC) : Parameter (RTCHSEDivFreq_Value) has invalid value (4000000)
2025-04-12 13:22:15,371 [INFO] UtilMem:75 - End LoadConfig() Used Memory: 744740160 Bytes (1073741824)
2025-04-12 13:22:15,433 [WARN] ThirdParty:833 - waiting for thirdparty lock release [change project]
2025-04-12 13:22:15,434 [INFO] ThirdParty:835 - entering critical section [change project]
2025-04-12 13:22:15,434 [INFO] ThirdParty:1030 - CMSIS Pack Vendor :STMicroelectronics USBPD 4.1
2025-04-12 13:22:15,434 [INFO] ThirdParty:1030 - CMSIS Pack Vendor :STMicroelectronics X-CUBE-AZRTOS-H7 3.3.0
2025-04-12 13:22:15,434 [INFO] ThirdParty:1030 - CMSIS Pack Vendor :STMicroelectronics X-CUBE-NFC9 1.0.0
2025-04-12 13:22:15,434 [INFO] ThirdParty:1030 - CMSIS Pack Vendor :STMicroelectronics USB_HOST 2.0.0
2025-04-12 13:22:15,434 [INFO] ThirdParty:1030 - CMSIS Pack Vendor :STMicroelectronics FP-SNS-MOTENVWB1 1.4.0
2025-04-12 13:22:15,434 [INFO] ThirdParty:1030 - CMSIS Pack Vendor :STMicroelectronics X-CUBE-AZRTOS-F4 1.1.0
2025-04-12 13:22:15,434 [INFO] ThirdParty:1030 - CMSIS Pack Vendor :STMicroelectronics LIBJPEG 8.0.0
2025-04-12 13:22:15,434 [INFO] ThirdParty:1030 - CMSIS Pack Vendor :STMicroelectronics FP-ATR-ASTRA1 2.0.2
2025-04-12 13:22:15,434 [INFO] ThirdParty:1030 - CMSIS Pack Vendor :STMicroelectronics X-CUBE-BLE1 7.1.0
2025-04-12 13:22:15,435 [INFO] ThirdParty:1030 - CMSIS Pack Vendor :Avnet-IotConnect X-CUBE-IoTC-DA16k-PMOD 1.0.0
2025-04-12 13:22:15,435 [INFO] ThirdParty:1030 - CMSIS Pack Vendor :STMicroelectronics X-CUBE-SMBUS 2.1.0
2025-04-12 13:22:15,435 [INFO] ThirdParty:1030 - CMSIS Pack Vendor :STMicroelectronics X-CUBE-WB05N 1.1.0
2025-04-12 13:22:15,435 [INFO] ThirdParty:1030 - CMSIS Pack Vendor :wolfSSL I-CUBE-wolfMQTT 1.19.2
2025-04-12 13:22:15,435 [INFO] ThirdParty:1030 - CMSIS Pack Vendor :STMicroelectronics USB_DEVICE 3.0.0
2025-04-12 13:22:15,435 [INFO] ThirdParty:1030 - CMSIS Pack Vendor :STMicroelectronics X-CUBE-ISPU 2.1.0
2025-04-12 13:22:15,435 [INFO] ThirdParty:1030 - CMSIS Pack Vendor :STMicroelectronics X-CUBE-AZRTOS-WB 2.0.0
2025-04-12 13:22:15,435 [INFO] ThirdParty:1030 - CMSIS Pack Vendor :STMicroelectronics X-CUBE-GNSS1 7.0.1
2025-04-12 13:22:15,435 [INFO] ThirdParty:1030 - CMSIS Pack Vendor :STMicroelectronics X-CUBE-AZRTOS-F7 1.1.0
2025-04-12 13:22:15,435 [INFO] ThirdParty:1030 - CMSIS Pack Vendor :STMicroelectronics X-CUBE-AZRTOS-L5 2.0.0
2025-04-12 13:22:15,435 [INFO] ThirdParty:1030 - CMSIS Pack Vendor :STMicroelectronics X-CUBE-TOUCHGFX 4.25.0
2025-04-12 13:22:15,435 [INFO] ThirdParty:1030 - CMSIS Pack Vendor :STMicroelectronics USB_DEVICE 2.0.0
2025-04-12 13:22:15,435 [INFO] ThirdParty:1030 - CMSIS Pack Vendor :STMicroelectronics X-CUBE-NFC6 3.1.0
2025-04-12 13:22:15,435 [INFO] ThirdParty:1030 - CMSIS Pack Vendor :STMicroelectronics FP-SNS-STBOX1 2.0.0
2025-04-12 13:22:15,435 [INFO] ThirdParty:1030 - CMSIS Pack Vendor :STMicroelectronics FreeRTOS 0.0.1
2025-04-12 13:22:15,435 [INFO] ThirdParty:1030 - CMSIS Pack Vendor :STMicroelectronics X-CUBE-AZRTOS-G0 1.1.0
2025-04-12 13:22:15,435 [INFO] ThirdParty:1030 - CMSIS Pack Vendor :STMicroelectronics X-CUBE-SAFEA1 1.2.2
2025-04-12 13:22:15,435 [INFO] ThirdParty:1030 - CMSIS Pack Vendor :STMicroelectronics X-CUBE-NFC4 3.0.0
2025-04-12 13:22:15,435 [INFO] ThirdParty:1030 - CMSIS Pack Vendor :STMicroelectronics X-CUBE-DPower 1.2.0
2025-04-12 13:22:15,436 [INFO] ThirdParty:1030 - CMSIS Pack Vendor :STMicroelectronics X-CUBE-SUBG2 5.0.0
2025-04-12 13:22:15,436 [INFO] ThirdParty:1030 - CMSIS Pack Vendor :STMicroelectronics X-CUBE-AZRTOS-H7RS 1.1.0
2025-04-12 13:22:15,436 [INFO] ThirdParty:1030 - CMSIS Pack Vendor :STMicroelectronics STM32_WPAN 1.0.0
2025-04-12 13:22:15,436 [INFO] ThirdParty:1030 - CMSIS Pack Vendor :EmbeddedOffice I-CUBE-FS-RTOS 1.0.1
2025-04-12 13:22:15,436 [INFO] ThirdParty:1030 - CMSIS Pack Vendor :STMicroelectronics lwIP 2.0.3
2025-04-12 13:22:15,436 [INFO] ThirdParty:1030 - CMSIS Pack Vendor :STMicroelectronics FP-SNS-FLIGHT1 5.0.2
2025-04-12 13:22:15,436 [INFO] ThirdParty:1030 - CMSIS Pack Vendor :Cesanta I-CUBE-Mongoose 7.13.0
2025-04-12 13:22:15,436 [INFO] ThirdParty:1030 - CMSIS Pack Vendor :STMicroelectronics USB_HOST 1.0.0
2025-04-12 13:22:15,436 [INFO] ThirdParty:1030 - CMSIS Pack Vendor :Infineon AIROC-Wi-Fi-Bluetooth-STM32 1.7.0
2025-04-12 13:22:15,436 [INFO] ThirdParty:1030 - CMSIS Pack Vendor :STMicroelectronics X-CUBE-AZRTOS-G4 2.0.0
2025-04-12 13:22:15,436 [INFO] ThirdParty:1030 - CMSIS Pack Vendor :STMicroelectronics PDM2PCM 3.1.0
2025-04-12 13:22:15,436 [INFO] ThirdParty:1030 - CMSIS Pack Vendor :STMicroelectronics PDM2PCM 3.3.0
2025-04-12 13:22:15,436 [INFO] ThirdParty:1030 - CMSIS Pack Vendor :wolfSSL I-CUBE-wolfTPM 3.8.0
2025-04-12 13:22:15,436 [INFO] ThirdParty:1030 - CMSIS Pack Vendor :STMicroelectronics X-CUBE-DISPLAY 3.0.0
2025-04-12 13:22:15,436 [INFO] ThirdParty:1030 - CMSIS Pack Vendor :wolfSSL I-CUBE-wolfSSH 1.4.20
2025-04-12 13:22:15,436 [INFO] ThirdParty:1030 - CMSIS Pack Vendor :STMicroelectronics X-CUBE-TCPP 4.2.0
2025-04-12 13:22:15,436 [INFO] ThirdParty:1030 - CMSIS Pack Vendor :RealThread X-CUBE-RT-Thread_Nano 4.1.1
2025-04-12 13:22:15,436 [INFO] ThirdParty:1030 - CMSIS Pack Vendor :STMicroelectronics X-CUBE-BLE1 7.0.0
2025-04-12 13:22:15,436 [INFO] ThirdParty:1030 - CMSIS Pack Vendor :STMicroelectronics FP-ATR-SIGFOX1 3.2.0
2025-04-12 13:22:15,436 [INFO] ThirdParty:1030 - CMSIS Pack Vendor :STMicroelectronics X-CUBE-NFC10 1.0.0
2025-04-12 13:22:15,436 [INFO] ThirdParty:1030 - CMSIS Pack Vendor :quantropi X-CUBE-qispace-sdk-base 1.9.3
2025-04-12 13:22:15,436 [INFO] ThirdParty:1030 - CMSIS Pack Vendor :STMicroelectronics X-CUBE-BLEMGR 4.0.0
2025-04-12 13:22:15,436 [INFO] ThirdParty:1030 - CMSIS Pack Vendor :STMicroelectronics X-CUBE-EEPRMA1 5.1.0
2025-04-12 13:22:15,436 [INFO] ThirdParty:1030 - CMSIS Pack Vendor :STMicroelectronics HAL Drivers 0.0.0
2025-04-12 13:22:15,436 [INFO] ThirdParty:1030 - CMSIS Pack Vendor :STMicroelectronics MBEDTLS 2.16.2
2025-04-12 13:22:15,436 [INFO] ThirdParty:1030 - CMSIS Pack Vendor :STMicroelectronics X-CUBE-IPS 3.1.0
2025-04-12 13:22:15,436 [INFO] ThirdParty:1030 - CMSIS Pack Vendor :STMicroelectronics X-CUBE-ALS 1.0.2
2025-04-12 13:22:15,436 [INFO] ThirdParty:1030 - CMSIS Pack Vendor :emotas I-CUBE-CANOPEN 1.3.0
2025-04-12 13:22:15,436 [INFO] ThirdParty:1030 - CMSIS Pack Vendor :STMicroelectronics X-CUBE-FREERTOS 1.3.0
2025-04-12 13:22:15,436 [INFO] ThirdParty:1030 - CMSIS Pack Vendor :STMicroelectronics X-CUBE-NFC7 1.0.1
2025-04-12 13:22:15,437 [INFO] ThirdParty:1030 - CMSIS Pack Vendor :STMicroelectronics MBEDTLS 2.14.1
2025-04-12 13:22:15,437 [INFO] ThirdParty:1030 - CMSIS Pack Vendor :wolfSSL I-CUBE-wolfSSL 5.7.6
2025-04-12 13:22:15,437 [INFO] ThirdParty:1030 - CMSIS Pack Vendor :ITTIA_DB I-CUBE-ITTIADB 8.9.0
2025-04-12 13:22:15,437 [INFO] ThirdParty:1030 - CMSIS Pack Vendor :STMicroelectronics X-CUBE-TOUCHGFX 4.24.2
2025-04-12 13:22:15,437 [INFO] ThirdParty:1030 - CMSIS Pack Vendor :portGmbH I-Cube-SoM-uGOAL 1.1.0
2025-04-12 13:22:15,437 [INFO] ThirdParty:1030 - CMSIS Pack Vendor :STMicroelectronics X-CUBE-AI 10.0.0
2025-04-12 13:22:15,437 [INFO] ThirdParty:1030 - CMSIS Pack Vendor :STMicroelectronics ThreadX 1.0.0
2025-04-12 13:22:15,437 [INFO] ThirdParty:1030 - CMSIS Pack Vendor :STMicroelectronics FP-SNS-SMARTAG2 1.2.0
2025-04-12 13:22:15,437 [INFO] ThirdParty:1030 - CMSIS Pack Vendor :STMicroelectronics FP-SNS-FLIGHT1 5.1.0
2025-04-12 13:22:15,437 [INFO] ThirdParty:1030 - CMSIS Pack Vendor :STMicroelectronics X-CUBE-MEMS1 11.1.0
2025-04-12 13:22:15,437 [INFO] ThirdParty:1030 - CMSIS Pack Vendor :STMicroelectronics X-CUBE-AZRTOS-WL 2.0.0
2025-04-12 13:22:15,437 [INFO] ThirdParty:1030 - CMSIS Pack Vendor :SEGGER I-CUBE-embOS 1.3.1
2025-04-12 13:22:15,437 [INFO] ThirdParty:1030 - CMSIS Pack Vendor :STMicroelectronics X-CUBE-ALGOBUILD 1.4.0
2025-04-12 13:22:15,437 [INFO] ThirdParty:1030 - CMSIS Pack Vendor :STMicroelectronics X-CUBE-DPower 1.3.0
2025-04-12 13:22:15,437 [INFO] ThirdParty:1030 - CMSIS Pack Vendor :STMicroelectronics FP-SNS-MOTENV1 5.0.0
2025-04-12 13:22:15,437 [INFO] ThirdParty:1030 - CMSIS Pack Vendor :STMicroelectronics USB_DEVICE 1.0.0
2025-04-12 13:22:15,437 [INFO] ThirdParty:1030 - CMSIS Pack Vendor :STMicroelectronics X-CUBE-AZRTOS-H7RS 1.0.0
2025-04-12 13:22:15,437 [INFO] ThirdParty:1030 - CMSIS Pack Vendor :STMicroelectronics X-CUBE-AZRTOS-L4 2.0.0
2025-04-12 13:22:15,437 [INFO] ThirdParty:1030 - CMSIS Pack Vendor :STMicroelectronics ThreadX 0.0.2
2025-04-12 13:22:15,437 [INFO] ThirdParty:1030 - CMSIS Pack Vendor :WES I-CUBE-Cesium 1.3.0
2025-04-12 13:22:15,437 [INFO] ThirdParty:1030 - CMSIS Pack Vendor :STMicroelectronics lwIP 2.1.2
2025-04-12 13:22:15,437 [INFO] ThirdParty:1030 - CMSIS Pack Vendor :STMicroelectronics X-CUBE-SFXS2LP1 4.0.0
2025-04-12 13:22:15,437 [INFO] ThirdParty:1030 - CMSIS Pack Vendor :STMicroelectronics X-CUBE-BLE2 3.3.0
2025-04-12 13:22:15,437 [INFO] ThirdParty:1030 - CMSIS Pack Vendor :STMicroelectronics X-CUBE-TOF1 3.4.2
2025-04-12 13:22:15,437 [INFO] ThirdParty:1030 - CMSIS Pack Vendor :STMicroelectronics PDM2PCM 3.2.0
2025-04-12 13:22:15,437 [INFO] ThirdParty:841 - exiting critical section [change project]
2025-04-12 13:22:15,632 [INFO] PinOutPanel:1589 - setPackage(No Configuration,No Configuration)
2025-04-12 13:22:15,633 [INFO] PinOutPanel:1589 - setPackage(STM32F411RETx,LQFP64)
2025-04-12 13:22:15,944 [INFO] UtilMem:75 - Before build in PCC Used Memory: 770313480 Bytes (1073741824)
2025-04-12 13:22:16,342 [INFO] UtilMem:75 - After build in PCC Used Memory: 814874328 Bytes (1073741824)
2025-04-12 13:22:16,375 [INFO] IPUIPlugin:80 - create IPUIPlugin
2025-04-12 13:22:16,376 [INFO] IPUIPlugin:80 - create IPUIPlugin
2025-04-12 13:22:16,376 [INFO] IPUIPlugin:80 - create IPUIPlugin
2025-04-12 13:22:16,376 [INFO] IPUIPlugin:80 - create IPUIPlugin
2025-04-12 13:22:16,376 [INFO] IPUIPlugin:80 - create IPUIPlugin
2025-04-12 13:22:16,376 [INFO] IPUIPlugin:80 - create IPUIPlugin
2025-04-12 13:22:16,376 [INFO] IPUIPlugin:80 - create IPUIPlugin
2025-04-12 13:22:16,376 [INFO] IPUIPlugin:80 - create IPUIPlugin
2025-04-12 13:22:16,377 [INFO] IPUIPlugin:80 - create IPUIPlugin
2025-04-12 13:22:16,377 [INFO] IPUIPlugin:80 - create IPUIPlugin
2025-04-12 13:22:16,377 [INFO] IPUIPlugin:80 - create IPUIPlugin
2025-04-12 13:22:16,377 [INFO] IPUIPlugin:80 - create IPUIPlugin
2025-04-12 13:22:16,377 [INFO] IPUIPlugin:80 - create IPUIPlugin
2025-04-12 13:22:16,377 [INFO] IPUIPlugin:80 - create IPUIPlugin
2025-04-12 13:22:16,378 [INFO] IPUIPlugin:80 - create IPUIPlugin
2025-04-12 13:22:16,378 [INFO] IPUIPlugin:80 - create IPUIPlugin
2025-04-12 13:22:16,378 [INFO] IPUIPlugin:80 - create IPUIPlugin
2025-04-12 13:22:16,378 [INFO] IPUIPlugin:80 - create IPUIPlugin
2025-04-12 13:22:16,379 [INFO] IPUIPlugin:80 - create IPUIPlugin
2025-04-12 13:22:16,379 [INFO] IPUIPlugin:80 - create IPUIPlugin
2025-04-12 13:22:16,380 [INFO] IPUIPlugin:80 - create IPUIPlugin
2025-04-12 13:22:16,380 [INFO] IPUIPlugin:80 - create IPUIPlugin
2025-04-12 13:22:16,380 [INFO] IPUIPlugin:80 - create IPUIPlugin
2025-04-12 13:22:16,380 [INFO] IPUIPlugin:80 - create IPUIPlugin
2025-04-12 13:22:16,381 [INFO] IPUIPlugin:80 - create IPUIPlugin
2025-04-12 13:22:16,381 [INFO] IPUIPlugin:80 - create IPUIPlugin
2025-04-12 13:22:16,381 [INFO] IPUIPlugin:80 - create IPUIPlugin
2025-04-12 13:22:16,382 [INFO] IPUIPlugin:80 - create IPUIPlugin
2025-04-12 13:22:16,382 [INFO] IPUIPlugin:80 - create IPUIPlugin
2025-04-12 13:22:16,382 [INFO] IPUIPlugin:80 - create IPUIPlugin
2025-04-12 13:22:16,382 [INFO] IPUIPlugin:80 - create IPUIPlugin
2025-04-12 13:22:16,383 [INFO] IPUIPlugin:80 - create IPUIPlugin
2025-04-12 13:22:16,383 [INFO] IPUIPlugin:80 - create IPUIPlugin
2025-04-12 13:22:16,383 [INFO] IPUIPlugin:80 - create IPUIPlugin
2025-04-12 13:22:16,384 [INFO] IPUIPlugin:80 - create IPUIPlugin
2025-04-12 13:22:16,384 [INFO] IPUIPlugin:80 - create IPUIPlugin
2025-04-12 13:22:16,384 [INFO] IPUIPlugin:80 - create IPUIPlugin
2025-04-12 13:22:16,385 [INFO] IPUIPlugin:80 - create IPUIPlugin
2025-04-12 13:22:16,385 [INFO] IPUIPlugin:80 - create IPUIPlugin
2025-04-12 13:22:16,385 [INFO] IPUIPlugin:80 - create IPUIPlugin
2025-04-12 13:22:16,386 [INFO] IPUIPlugin:80 - create IPUIPlugin
2025-04-12 13:22:16,386 [INFO] IPUIPlugin:80 - create IPUIPlugin
2025-04-12 13:22:16,387 [INFO] IPUIPlugin:80 - create IPUIPlugin
2025-04-12 13:22:16,390 [INFO] ApiDbMcu:508 - Load IP Config File for PDM2PCM
2025-04-12 13:22:16,459 [INFO] CADModel:165 - CPN selected for project levelSTM32F411RET6
2025-04-12 13:22:16,459 [INFO] CADModel:114 - Register for checkConnection events
2025-04-12 13:22:16,551 [INFO] OpenFileManager:363 - Restore cursor
2025-04-12 13:23:03,280 [INFO] UtilMem:75 - End SaveConfig() Used Memory: 812668224 Bytes (1073741824)
2025-04-12 13:23:05,989 [INFO] UtilMem:75 - End SaveConfig() Used Memory: 835736896 Bytes (1073741824)
2025-04-12 13:23:09,487 [INFO] UtilMem:75 - End SaveConfig() Used Memory: 911756608 Bytes (1073741824)
2025-04-12 13:23:09,962 [INFO] BlockDiagram:2766 - set Specific Code input for plugin: NVIC
2025-04-12 13:23:09,962 [INFO] BlockDiagram:2766 - set Specific Code input for plugin: USART
2025-04-12 13:23:09,962 [INFO] BlockDiagram:2766 - set Specific Code input for plugin: SYS
2025-04-12 13:23:09,963 [INFO] BlockDiagram:2766 - set Specific Code input for plugin: GPIO
2025-04-12 13:23:09,963 [INFO] BlockDiagram:2766 - set Specific Code input for plugin: RCC
2025-04-12 13:23:09,964 [INFO] CodeGenerator:896 - code generatio: config db path: C:\ST\STM32CubeIDE_1.17.0\STM32CubeIDE\plugins\com.st.stm32cube.common.mx_6.13.0.202411220809\\db\
2025-04-12 13:23:10,083 [INFO] CodeEngine:255 - oldGeneratedFile, C:\Users\Flori\Documents\Project\Tech\IT\firmware-development\NucleoF411RE-ApplicationShield\test\MXTmpFiles\license.tmp_save
2025-04-12 13:23:10,330 [INFO] CodeEngine:279 - Generated code: C:\Users\Flori\Documents\Project\Tech\IT\firmware-development\NucleoF411RE-ApplicationShield\test\MXTmpFiles\license.tmp
2025-04-12 13:23:10,368 [INFO] CodeEngine:255 - oldGeneratedFile, C:\Users\Flori\Documents\Project\Tech\IT\firmware-development\NucleoF411RE-ApplicationShield\test\MXTmpFiles\gpio.tmp_save
2025-04-12 13:23:10,574 [INFO] CodeEngine:279 - Generated code: C:\Users\Flori\Documents\Project\Tech\IT\firmware-development\NucleoF411RE-ApplicationShield\test\MXTmpFiles\gpio.tmp
2025-04-12 13:23:10,666 [INFO] CodeEngine:255 - oldGeneratedFile, C:\Users\Flori\Documents\Project\Tech\IT\firmware-development\NucleoF411RE-ApplicationShield\test\Core\Src\stm32f4xx_it.c_save
2025-04-12 13:23:10,932 [INFO] CodeEngine:279 - Generated code: C:\Users\Flori\Documents\Project\Tech\IT\firmware-development\NucleoF411RE-ApplicationShield\test\Core\Src\stm32f4xx_it.c
2025-04-12 13:23:10,941 [INFO] CodeEngine:255 - oldGeneratedFile, C:\Users\Flori\Documents\Project\Tech\IT\firmware-development\NucleoF411RE-ApplicationShield\test\Core\Inc\stm32f4xx_it.h_save
2025-04-12 13:23:11,024 [INFO] CodeEngine:279 - Generated code: C:\Users\Flori\Documents\Project\Tech\IT\firmware-development\NucleoF411RE-ApplicationShield\test\Core\Inc\stm32f4xx_it.h
2025-04-12 13:23:11,060 [INFO] CodeEngine:255 - oldGeneratedFile, C:\Users\Flori\Documents\Project\Tech\IT\firmware-development\NucleoF411RE-ApplicationShield\test\Core\Src\stm32f4xx_hal_msp.c_save
2025-04-12 13:23:11,202 [INFO] CodeEngine:279 - Generated code: C:\Users\Flori\Documents\Project\Tech\IT\firmware-development\NucleoF411RE-ApplicationShield\test\Core\Src\stm32f4xx_hal_msp.c
2025-04-12 13:23:11,207 [INFO] CodeEngine:255 - oldGeneratedFile, C:\Users\Flori\Documents\Project\Tech\IT\firmware-development\NucleoF411RE-ApplicationShield\test\MXTmpFiles\system.tmp_save
2025-04-12 13:23:11,273 [INFO] CodeEngine:279 - Generated code: C:\Users\Flori\Documents\Project\Tech\IT\firmware-development\NucleoF411RE-ApplicationShield\test\MXTmpFiles\system.tmp
2025-04-12 13:23:11,297 [INFO] CodeEngine:311 - oldGeneratedFile, C:\Users\Flori\Documents\Project\Tech\IT\firmware-development\NucleoF411RE-ApplicationShield\test\Core\Inc\stm32f4xx_hal_conf.h_save
2025-04-12 13:23:11,439 [INFO] CodeEngine:335 - Generated code: C:\Users\Flori\Documents\Project\Tech\IT\firmware-development\NucleoF411RE-ApplicationShield\test\Core\Inc\stm32f4xx_hal_conf.h
2025-04-12 13:23:11,495 [INFO] ApiDbMcu:508 - Load IP Config File for USART2
2025-04-12 13:23:11,505 [INFO] ApiDbMcu:508 - Load IP Config File for RCC
2025-04-12 13:23:11,528 [INFO] CodeEngine:255 - oldGeneratedFile, C:\Users\Flori\Documents\Project\Tech\IT\firmware-development\NucleoF411RE-ApplicationShield\test\Core\Inc\main.h_save
2025-04-12 13:23:11,697 [INFO] CodeEngine:279 - Generated code: C:\Users\Flori\Documents\Project\Tech\IT\firmware-development\NucleoF411RE-ApplicationShield\test\Core\Inc\main.h
2025-04-12 13:23:11,718 [INFO] CodeEngine:255 - oldGeneratedFile, C:\Users\Flori\Documents\Project\Tech\IT\firmware-development\NucleoF411RE-ApplicationShield\test\Core\Src\main.c_save
2025-04-12 13:23:11,877 [INFO] CodeEngine:279 - Generated code: C:\Users\Flori\Documents\Project\Tech\IT\firmware-development\NucleoF411RE-ApplicationShield\test\Core\Src\main.c
2025-04-12 13:23:12,428 [INFO] ProjectBuilder:3289 - Time for Copy HAL[1] : 257mS.
2025-04-12 13:23:12,436 [INFO] ProjectBuilder:4876 - Project Generator version: 4.5.0-RC5
2025-04-12 13:23:12,563 [INFO] ConfigFileManager:1579 - The Die is : DIE431
2025-04-12 13:23:12,574 [INFO] ApiDbMcu:508 - Load IP Config File for FATFS
2025-04-12 13:23:12,615 [INFO] ApiDbMcu:508 - Load IP Config File for FREERTOS
2025-04-12 13:23:12,624 [INFO] ApiDbMcu:508 - Load IP Config File for LIBJPEG
2025-04-12 13:23:12,670 [INFO] ApiDbMcu:508 - Load IP Config File for MBEDTLS
2025-04-12 13:23:12,712 [INFO] ApiDbMcu:508 - Load IP Config File for USB_DEVICE
2025-04-12 13:23:12,745 [INFO] ApiDbMcu:508 - Load IP Config File for USB_HOST
2025-04-12 13:23:14,115 [INFO] ProjectBuilder:5154 - Time for Generating toolchain IDE Files: 1680mS.
2025-04-12 13:23:14,116 [INFO] ProjectBuilder:3146 - Time for Copy CMSIS : 1mS.
2025-04-12 13:23:14,118 [INFO] ProjectBuilder:3146 - Time for Copy CMSIS : 0mS.
2025-04-12 13:23:37,440 [INFO] UtilMem:75 - End SaveConfig() Used Memory: 850212912 Bytes (1073741824)
2025-04-12 13:23:37,549 [INFO] UtilMem:75 - End SaveConfig() Used Memory: 867336024 Bytes (1073741824)
2025-04-12 13:23:38,150 [INFO] UtilMem:75 - End SaveConfig() Used Memory: 901959408 Bytes (1073741824)
2025-04-12 13:23:38,310 [INFO] BlockDiagram:2766 - set Specific Code input for plugin: NVIC
2025-04-12 13:23:38,310 [INFO] BlockDiagram:2766 - set Specific Code input for plugin: USART
2025-04-12 13:23:38,310 [INFO] BlockDiagram:2766 - set Specific Code input for plugin: SYS
2025-04-12 13:23:38,310 [INFO] BlockDiagram:2766 - set Specific Code input for plugin: GPIO
2025-04-12 13:23:38,310 [INFO] BlockDiagram:2766 - set Specific Code input for plugin: RCC
2025-04-12 13:23:38,312 [INFO] CodeGenerator:896 - code generatio: config db path: C:\ST\STM32CubeIDE_1.17.0\STM32CubeIDE\plugins\com.st.stm32cube.common.mx_6.13.0.202411220809\\db\
2025-04-12 13:23:38,425 [INFO] CodeEngine:255 - oldGeneratedFile, C:\Users\Flori\Documents\Project\Tech\IT\firmware-development\NucleoF411RE-ApplicationShield\test\MXTmpFiles\license.tmp_save
2025-04-12 13:23:38,523 [INFO] CodeEngine:279 - Generated code: C:\Users\Flori\Documents\Project\Tech\IT\firmware-development\NucleoF411RE-ApplicationShield\test\MXTmpFiles\license.tmp
2025-04-12 13:23:38,547 [INFO] CodeEngine:255 - oldGeneratedFile, C:\Users\Flori\Documents\Project\Tech\IT\firmware-development\NucleoF411RE-ApplicationShield\test\MXTmpFiles\gpio.tmp_save
2025-04-12 13:23:38,681 [INFO] CodeEngine:279 - Generated code: C:\Users\Flori\Documents\Project\Tech\IT\firmware-development\NucleoF411RE-ApplicationShield\test\MXTmpFiles\gpio.tmp
2025-04-12 13:23:38,776 [INFO] CodeEngine:255 - oldGeneratedFile, C:\Users\Flori\Documents\Project\Tech\IT\firmware-development\NucleoF411RE-ApplicationShield\test\Core\Src\stm32f4xx_it.c_save
2025-04-12 13:23:38,873 [INFO] CodeEngine:279 - Generated code: C:\Users\Flori\Documents\Project\Tech\IT\firmware-development\NucleoF411RE-ApplicationShield\test\Core\Src\stm32f4xx_it.c
2025-04-12 13:23:38,880 [INFO] CodeEngine:255 - oldGeneratedFile, C:\Users\Flori\Documents\Project\Tech\IT\firmware-development\NucleoF411RE-ApplicationShield\test\Core\Inc\stm32f4xx_it.h_save
2025-04-12 13:23:38,944 [INFO] CodeEngine:279 - Generated code: C:\Users\Flori\Documents\Project\Tech\IT\firmware-development\NucleoF411RE-ApplicationShield\test\Core\Inc\stm32f4xx_it.h
2025-04-12 13:23:38,968 [INFO] CodeEngine:255 - oldGeneratedFile, C:\Users\Flori\Documents\Project\Tech\IT\firmware-development\NucleoF411RE-ApplicationShield\test\Core\Src\stm32f4xx_hal_msp.c_save
2025-04-12 13:23:39,069 [INFO] CodeEngine:279 - Generated code: C:\Users\Flori\Documents\Project\Tech\IT\firmware-development\NucleoF411RE-ApplicationShield\test\Core\Src\stm32f4xx_hal_msp.c
2025-04-12 13:23:39,074 [INFO] CodeEngine:255 - oldGeneratedFile, C:\Users\Flori\Documents\Project\Tech\IT\firmware-development\NucleoF411RE-ApplicationShield\test\MXTmpFiles\system.tmp_save
2025-04-12 13:23:39,134 [INFO] CodeEngine:279 - Generated code: C:\Users\Flori\Documents\Project\Tech\IT\firmware-development\NucleoF411RE-ApplicationShield\test\MXTmpFiles\system.tmp
2025-04-12 13:23:39,165 [INFO] CodeEngine:311 - oldGeneratedFile, C:\Users\Flori\Documents\Project\Tech\IT\firmware-development\NucleoF411RE-ApplicationShield\test\Core\Inc\stm32f4xx_hal_conf.h_save
2025-04-12 13:23:39,274 [INFO] CodeEngine:335 - Generated code: C:\Users\Flori\Documents\Project\Tech\IT\firmware-development\NucleoF411RE-ApplicationShield\test\Core\Inc\stm32f4xx_hal_conf.h
2025-04-12 13:23:39,343 [INFO] CodeEngine:255 - oldGeneratedFile, C:\Users\Flori\Documents\Project\Tech\IT\firmware-development\NucleoF411RE-ApplicationShield\test\Core\Inc\main.h_save
2025-04-12 13:23:39,458 [INFO] CodeEngine:279 - Generated code: C:\Users\Flori\Documents\Project\Tech\IT\firmware-development\NucleoF411RE-ApplicationShield\test\Core\Inc\main.h
2025-04-12 13:23:39,479 [INFO] CodeEngine:255 - oldGeneratedFile, C:\Users\Flori\Documents\Project\Tech\IT\firmware-development\NucleoF411RE-ApplicationShield\test\Core\Src\main.c_save
2025-04-12 13:23:39,613 [INFO] CodeEngine:279 - Generated code: C:\Users\Flori\Documents\Project\Tech\IT\firmware-development\NucleoF411RE-ApplicationShield\test\Core\Src\main.c
2025-04-12 13:23:40,037 [INFO] ProjectBuilder:3289 - Time for Copy HAL[1] : 173mS.
2025-04-12 13:23:40,042 [INFO] ProjectBuilder:4876 - Project Generator version: 4.5.0-RC5
2025-04-12 13:23:40,138 [INFO] ConfigFileManager:1579 - The Die is : DIE431
2025-04-12 13:23:41,160 [INFO] ProjectBuilder:5154 - Time for Generating toolchain IDE Files: 1118mS.
2025-04-12 13:23:41,163 [INFO] ProjectBuilder:3146 - Time for Copy CMSIS : 1mS.
2025-04-12 13:23:41,167 [INFO] ProjectBuilder:3146 - Time for Copy CMSIS : 0mS.
2025-04-12 13:23:58,462 [INFO] UtilMem:75 - End SaveConfig() Used Memory: 746986040 Bytes (1073741824)
2025-04-12 13:23:58,591 [INFO] UtilMem:75 - End SaveConfig() Used Memory: 784208440 Bytes (1073741824)
2025-04-12 13:23:59,149 [INFO] UtilMem:75 - End SaveConfig() Used Memory: 814617144 Bytes (1073741824)
2025-04-12 13:23:59,284 [INFO] BlockDiagram:2766 - set Specific Code input for plugin: NVIC
2025-04-12 13:23:59,285 [INFO] BlockDiagram:2766 - set Specific Code input for plugin: USART
2025-04-12 13:23:59,285 [INFO] BlockDiagram:2766 - set Specific Code input for plugin: SYS
2025-04-12 13:23:59,285 [INFO] BlockDiagram:2766 - set Specific Code input for plugin: GPIO
2025-04-12 13:23:59,285 [INFO] BlockDiagram:2766 - set Specific Code input for plugin: RCC
2025-04-12 13:23:59,287 [INFO] CodeGenerator:896 - code generatio: config db path: C:\ST\STM32CubeIDE_1.17.0\STM32CubeIDE\plugins\com.st.stm32cube.common.mx_6.13.0.202411220809\\db\
2025-04-12 13:23:59,399 [INFO] CodeEngine:255 - oldGeneratedFile, C:\Users\Flori\Documents\Project\Tech\IT\firmware-development\NucleoF411RE-ApplicationShield\test\MXTmpFiles\license.tmp_save
2025-04-12 13:23:59,496 [INFO] CodeEngine:279 - Generated code: C:\Users\Flori\Documents\Project\Tech\IT\firmware-development\NucleoF411RE-ApplicationShield\test\MXTmpFiles\license.tmp
2025-04-12 13:23:59,518 [INFO] CodeEngine:255 - oldGeneratedFile, C:\Users\Flori\Documents\Project\Tech\IT\firmware-development\NucleoF411RE-ApplicationShield\test\MXTmpFiles\gpio.tmp_save
2025-04-12 13:23:59,660 [INFO] CodeEngine:279 - Generated code: C:\Users\Flori\Documents\Project\Tech\IT\firmware-development\NucleoF411RE-ApplicationShield\test\MXTmpFiles\gpio.tmp
2025-04-12 13:23:59,727 [INFO] CodeEngine:255 - oldGeneratedFile, C:\Users\Flori\Documents\Project\Tech\IT\firmware-development\NucleoF411RE-ApplicationShield\test\Core\Src\stm32f4xx_it.c_save
2025-04-12 13:23:59,809 [INFO] CodeEngine:279 - Generated code: C:\Users\Flori\Documents\Project\Tech\IT\firmware-development\NucleoF411RE-ApplicationShield\test\Core\Src\stm32f4xx_it.c
2025-04-12 13:23:59,815 [INFO] CodeEngine:255 - oldGeneratedFile, C:\Users\Flori\Documents\Project\Tech\IT\firmware-development\NucleoF411RE-ApplicationShield\test\Core\Inc\stm32f4xx_it.h_save
2025-04-12 13:23:59,877 [INFO] CodeEngine:279 - Generated code: C:\Users\Flori\Documents\Project\Tech\IT\firmware-development\NucleoF411RE-ApplicationShield\test\Core\Inc\stm32f4xx_it.h
2025-04-12 13:23:59,896 [INFO] CodeEngine:255 - oldGeneratedFile, C:\Users\Flori\Documents\Project\Tech\IT\firmware-development\NucleoF411RE-ApplicationShield\test\Core\Src\stm32f4xx_hal_msp.c_save
2025-04-12 13:23:59,973 [INFO] CodeEngine:279 - Generated code: C:\Users\Flori\Documents\Project\Tech\IT\firmware-development\NucleoF411RE-ApplicationShield\test\Core\Src\stm32f4xx_hal_msp.c
2025-04-12 13:23:59,976 [INFO] CodeEngine:255 - oldGeneratedFile, C:\Users\Flori\Documents\Project\Tech\IT\firmware-development\NucleoF411RE-ApplicationShield\test\MXTmpFiles\system.tmp_save
2025-04-12 13:24:00,025 [INFO] CodeEngine:279 - Generated code: C:\Users\Flori\Documents\Project\Tech\IT\firmware-development\NucleoF411RE-ApplicationShield\test\MXTmpFiles\system.tmp
2025-04-12 13:24:00,045 [INFO] CodeEngine:311 - oldGeneratedFile, C:\Users\Flori\Documents\Project\Tech\IT\firmware-development\NucleoF411RE-ApplicationShield\test\Core\Inc\stm32f4xx_hal_conf.h_save
2025-04-12 13:24:00,140 [INFO] CodeEngine:335 - Generated code: C:\Users\Flori\Documents\Project\Tech\IT\firmware-development\NucleoF411RE-ApplicationShield\test\Core\Inc\stm32f4xx_hal_conf.h
2025-04-12 13:24:00,191 [INFO] CodeEngine:255 - oldGeneratedFile, C:\Users\Flori\Documents\Project\Tech\IT\firmware-development\NucleoF411RE-ApplicationShield\test\Core\Inc\main.h_save
2025-04-12 13:24:00,269 [INFO] CodeEngine:279 - Generated code: C:\Users\Flori\Documents\Project\Tech\IT\firmware-development\NucleoF411RE-ApplicationShield\test\Core\Inc\main.h
2025-04-12 13:24:00,284 [INFO] CodeEngine:255 - oldGeneratedFile, C:\Users\Flori\Documents\Project\Tech\IT\firmware-development\NucleoF411RE-ApplicationShield\test\Core\Src\main.c_save
2025-04-12 13:24:00,389 [INFO] CodeEngine:279 - Generated code: C:\Users\Flori\Documents\Project\Tech\IT\firmware-development\NucleoF411RE-ApplicationShield\test\Core\Src\main.c
2025-04-12 13:24:00,771 [INFO] ProjectBuilder:3289 - Time for Copy HAL[1] : 164mS.
2025-04-12 13:24:00,774 [INFO] ProjectBuilder:4876 - Project Generator version: 4.5.0-RC5
2025-04-12 13:24:00,864 [INFO] ConfigFileManager:1579 - The Die is : DIE431
2025-04-12 13:24:01,834 [INFO] ProjectBuilder:5154 - Time for Generating toolchain IDE Files: 1060mS.
2025-04-12 13:24:01,836 [INFO] ProjectBuilder:3146 - Time for Copy CMSIS : 1mS.
2025-04-12 13:24:01,840 [INFO] ProjectBuilder:3146 - Time for Copy CMSIS : 0mS.
2025-04-12 13:26:21,966 [INFO] MainUpdater:2872 - connection check result : 10
2025-04-12 13:26:22,063 [INFO] McuFinderGlobals:76 - Set McuFinderConnectedMode to true
2025-04-12 13:26:22,064 [INFO] MultiScanPanel:200 - Auto-refresh data requested => check proxy status ongoing
2025-04-12 13:26:22,064 [INFO] FinderPluginLoader:95 - Searching for filters in installed packs
2025-04-12 13:26:23,832 [INFO] LoadUrlFilesThread:185 - End of LoadServerUrlFiles without Thread
2025-04-12 13:26:23,832 [INFO] DetailPanel:341 - Set advertising image to C:/Users/Flori/STM32Cube/Repository/\en.prom-stm32u3-mcu-finder.jpg
2025-04-12 13:26:27,027 [INFO] McuFinderGlobals:76 - Set McuFinderConnectedMode to true
2025-04-12 13:26:27,522 [INFO] ApiDb:448 - Save user favorites file C:\Users\Flori/.stm32cubeide/favorites.mcus.txt: 0 item(s)
2025-04-12 13:26:27,522 [INFO] ApiDb:452 - User favorites MCUs=[]
2025-04-12 13:26:51,330 [INFO] MainUpdater:2872 - connection check result : 10
2025-04-12 13:26:51,451 [INFO] McuFinderGlobals:76 - Set McuFinderConnectedMode to true
2025-04-12 13:26:51,452 [INFO] MultiScanPanel:200 - Auto-refresh data requested => check proxy status ongoing
2025-04-12 13:26:51,454 [INFO] FinderPluginLoader:95 - Searching for filters in installed packs
2025-04-12 13:26:52,554 [INFO] LoadUrlFilesThread:185 - End of LoadServerUrlFiles without Thread
2025-04-12 13:26:52,554 [INFO] DetailPanel:341 - Set advertising image to C:/Users/Flori/STM32Cube/Repository/\en.prom-stm32u3-mcu-finder.jpg
2025-04-12 14:07:21,507 [INFO] MainUpdater:2872 - connection check result : 10
2025-04-12 14:07:21,635 [INFO] McuFinderGlobals:76 - Set McuFinderConnectedMode to true
2025-04-12 14:07:21,637 [INFO] MultiScanPanel:200 - Auto-refresh data requested => check proxy status ongoing
2025-04-12 14:07:21,637 [INFO] FinderPluginLoader:95 - Searching for filters in installed packs
2025-04-12 14:07:24,256 [INFO] LoadUrlFilesThread:185 - End of LoadServerUrlFiles without Thread
2025-04-12 14:07:24,257 [INFO] DetailPanel:341 - Set advertising image to C:/Users/Flori/STM32Cube/Repository/\en.prom-stm32u3-mcu-finder.jpg
2025-04-12 14:07:29,326 [INFO] MultiScanPanel:200 - Auto-refresh data requested => check proxy status ongoing
2025-04-12 14:07:29,433 [INFO] LoadUrlFilesThread:185 - End of LoadServerUrlFiles without Thread
2025-04-12 14:07:29,433 [INFO] DetailPanel:341 - Set advertising image to C:/Users/Flori/STM32Cube/Repository/\en.prom-stm32u3-mcu-finder.jpg
2025-04-12 14:08:25,692 [INFO] McuFinderGlobals:76 - Set McuFinderConnectedMode to true
2025-04-12 14:08:25,943 [INFO] ApiDb:448 - Save user favorites file C:\Users\Flori/.stm32cubeide/favorites.mcus.txt: 0 item(s)
2025-04-12 14:08:25,943 [INFO] ApiDb:452 - User favorites MCUs=[]
2025-04-12 14:08:25,944 [INFO] ApiDb:448 - Save user favorites file C:\Users\Flori/.stm32cubeide/favorites.boards.txt: 0 item(s)
2025-04-12 14:08:25,944 [INFO] ApiDb:452 - User favorites Boards=[]
2025-04-12 14:09:02,704 [INFO] MainUpdater:2872 - connection check result : 10
2025-04-12 14:09:02,826 [INFO] McuFinderGlobals:76 - Set McuFinderConnectedMode to true
2025-04-12 14:09:02,828 [INFO] MultiScanPanel:200 - Auto-refresh data requested => check proxy status ongoing
2025-04-12 14:09:02,828 [INFO] FinderPluginLoader:95 - Searching for filters in installed packs
2025-04-12 14:09:04,081 [INFO] LoadUrlFilesThread:185 - End of LoadServerUrlFiles without Thread
2025-04-12 14:09:04,081 [INFO] DetailPanel:341 - Set advertising image to C:/Users/Flori/STM32Cube/Repository/\en.prom-stm32u3-mcu-finder.jpg
2025-04-12 14:09:14,536 [INFO] MultiScanPanel:200 - Auto-refresh data requested => check proxy status ongoing
2025-04-12 14:09:14,603 [INFO] LoadUrlFilesThread:185 - End of LoadServerUrlFiles without Thread
2025-04-12 14:09:14,604 [INFO] DetailPanel:341 - Set advertising image to C:/Users/Flori/STM32Cube/Repository/\en.prom-stm32u3-mcu-finder.jpg
2025-04-12 14:09:28,954 [INFO] MainUpdater:2872 - connection check result : 10
2025-04-12 14:09:28,955 [INFO] MainUpdater:2872 - connection check result : 10
2025-04-12 14:09:28,975 [ERROR] IocParser:57 - IOException caught: C:\Users\Flori\Documents\Project\Tech\IT\firmware-development\NucleoF411RE-ApplicationShield\test\test.ioc (The system cannot find the path specified)
2025-04-12 14:09:28,975 [ERROR] PeripheralListParser:95 - Something went wrong with ioc file reading: C:\Users\Flori\Documents\Project\Tech\IT\firmware-development\NucleoF411RE-ApplicationShield\test\test.ioc (The system cannot find the path specified)
2025-04-12 14:09:28,977 [ERROR] RegexParser:59 - Issue caught when parsing regex: C:\Users\Flori\Documents\Project\Tech\IT\firmware-development\NucleoF411RE-ApplicationShield\test\test.ioc (The system cannot find the path specified)
2025-04-12 14:09:29,320 [INFO] MicroXplorer:468 - Change Database Path : 
2025-04-12 14:09:29,320 [INFO] MicroXplorer:498 - Change Database Version : DB.6.0.130
2025-04-12 14:09:29,362 [ERROR] ProjectManagerView:394 - 
java.lang.NullPointerException: Cannot invoke "javax.swing.JTextField.getText()" because the return value of "java.util.List.get(int)" is null
	at com.st.microxplorer.plugins.projectmanager.gui.ProjectChoiceTab$9.caretUpdate(ProjectChoiceTab.java:2616) ~[filemanager.jar:?]
	at javax.swing.text.JTextComponent.fireCaretUpdate(JTextComponent.java:408) ~[?:?]
	at javax.swing.text.JTextComponent$MutableCaretEvent.fire(JTextComponent.java:4484) ~[?:?]
	at javax.swing.text.JTextComponent$MutableCaretEvent.stateChanged(JTextComponent.java:4506) ~[?:?]
	at javax.swing.text.DefaultCaret.fireStateChanged(DefaultCaret.java:857) ~[?:?]
	at javax.swing.text.DefaultCaret.changeCaretPosition(DefaultCaret.java:1343) ~[?:?]
	at javax.swing.text.DefaultCaret.handleSetDot(DefaultCaret.java:1242) ~[?:?]
	at javax.swing.text.DefaultCaret.setDot(DefaultCaret.java:1223) ~[?:?]
	at javax.swing.text.DefaultCaret$Handler.insertUpdate(DefaultCaret.java:1819) ~[?:?]
	at javax.swing.text.AbstractDocument.fireInsertUpdate(AbstractDocument.java:227) ~[?:?]
	at javax.swing.text.AbstractDocument.handleInsertString(AbstractDocument.java:781) ~[?:?]
	at javax.swing.text.AbstractDocument.insertString(AbstractDocument.java:740) ~[?:?]
	at javax.swing.text.PlainDocument.insertString(PlainDocument.java:131) ~[?:?]
	at javax.swing.text.AbstractDocument.replace(AbstractDocument.java:699) ~[?:?]
	at javax.swing.text.JTextComponent.setText(JTextComponent.java:1725) ~[?:?]
	at com.st.microxplorer.plugins.projectmanager.gui.ProjectChoiceTab.createHeapStackFields(ProjectChoiceTab.java:975) ~[filemanager.jar:?]
	at com.st.microxplorer.plugins.projectmanager.gui.ProjectChoiceTab.buildLinkSettingsPanel(ProjectChoiceTab.java:3666) ~[filemanager.jar:?]
	at com.st.microxplorer.plugins.projectmanager.gui.ProjectChoiceTab.defineWindowsFields(ProjectChoiceTab.java:1934) ~[filemanager.jar:?]
	at com.st.microxplorer.plugins.projectmanager.gui.ProjectChoiceTab.updateSettings(ProjectChoiceTab.java:553) ~[filemanager.jar:?]
	at com.st.microxplorer.plugins.projectmanager.gui.ProjectSettingsPanel.UpdateDialog(ProjectSettingsPanel.java:245) ~[filemanager.jar:?]
	at com.st.microxplorer.plugins.projectmanager.ProjectManagerView.propertyChange(ProjectManagerView.java:391) ~[filemanager.jar:?]
	at java.beans.PropertyChangeSupport.fire(PropertyChangeSupport.java:343) ~[?:?]
	at java.beans.PropertyChangeSupport.firePropertyChange(PropertyChangeSupport.java:335) ~[?:?]
	at java.beans.PropertyChangeSupport.firePropertyChange(PropertyChangeSupport.java:268) ~[?:?]
	at com.st.microxplorer.util.MXPropertyChangeSupport.firePropertyChange(MXPropertyChangeSupport.java:54) ~[STM32CubeMX.jar:?]
	at com.st.microxplorer.mxsystem.MxSystem.closeConfig(MxSystem.java:899) ~[STM32CubeMX.jar:?]
	at com.st.microxplorer.maingui.MainPanel.closeConfig(MainPanel.java:789) ~[STM32CubeMX.jar:?]
	at com.st.microxplorer.plugins.filemanager.engine.OpenFileManager.loadConfigurationFile(OpenFileManager.java:265) ~[filemanager.jar:?]
	at com.st.microxplorer.plugins.filemanager.engine.MainFileManager.userLoadConfig(MainFileManager.java:340) ~[filemanager.jar:?]
	at com.st.microxplorer.plugins.filemanager.FileManagerView.getSpecificTask(FileManagerView.java:250) ~[filemanager.jar:?]
	at com.st.stm32cube.common.mx.editor.CubeMxEditor.getMxTabbedPaneInstance(CubeMxEditor.java:1191) ~[com.st.stm32cube.common.mx_6.13.0.202411220809/:?]
	at com.st.stm32cube.common.mx.editor.CubeMxEditor$12$1.createSwingComponent(CubeMxEditor.java:1068) ~[com.st.stm32cube.common.mx_6.13.0.202411220809/:?]
	at com.st.stm32cube.common.mx.oss.core.awtswtbridge.EmbeddedSwingComposite.doComponentCreation(EmbeddedSwingComposite.java:492) ~[com.st.stm32cube.common.mx.oss_6.13.0.202411220809/:?]
	at com.st.stm32cube.common.mx.oss.core.awtswtbridge.EmbeddedSwingComposite$4.run(EmbeddedSwingComposite.java:291) ~[com.st.stm32cube.common.mx.oss_6.13.0.202411220809/:?]
	at com.st.stm32cube.common.mx.oss.core.awtswtbridge.AwtEnvironment$2.run(AwtEnvironment.java:166) ~[com.st.stm32cube.common.mx.oss_6.13.0.202411220809/:?]
	at java.awt.event.InvocationEvent.dispatch(InvocationEvent.java:318) ~[?:?]
	at java.awt.EventQueue.dispatchEventImpl(EventQueue.java:773) ~[?:?]
	at java.awt.EventQueue$4.run(EventQueue.java:720) ~[?:?]
	at java.awt.EventQueue$4.run(EventQueue.java:714) ~[?:?]
	at java.security.AccessController.doPrivileged(AccessController.java:400) ~[?:?]
	at java.security.ProtectionDomain$JavaSecurityAccessImpl.doIntersectionPrivilege(ProtectionDomain.java:87) ~[?:?]
	at java.awt.EventQueue.dispatchEvent(EventQueue.java:742) ~[?:?]
	at java.awt.EventDispatchThread.pumpOneEventForFilters(EventDispatchThread.java:203) ~[?:?]
	at java.awt.EventDispatchThread.pumpEventsForFilter(EventDispatchThread.java:124) ~[?:?]
	at java.awt.EventDispatchThread.pumpEventsForHierarchy(EventDispatchThread.java:113) ~[?:?]
	at java.awt.EventDispatchThread.pumpEvents(EventDispatchThread.java:109) ~[?:?]
	at java.awt.EventDispatchThread.pumpEvents(EventDispatchThread.java:101) ~[?:?]
	at java.awt.EventDispatchThread.run(EventDispatchThread.java:90) ~[?:?]
2025-04-12 14:09:29,364 [WARN] ThirdParty:871 - waiting for thirdparty lock release [close project]
2025-04-12 14:09:29,364 [INFO] ThirdParty:873 - entering critical section [close project]
2025-04-12 14:09:29,364 [INFO] ThirdParty:883 - exiting critical section [close project]
2025-04-12 14:09:29,371 [INFO] PinOutPanel:1589 - setPackage(No Configuration,No Configuration)
2025-04-12 14:09:29,384 [WARN] IpParametersView:154 - Warning: This peripheral hasn't parameters
2025-04-12 14:09:29,396 [WARN] MainPanel:289 - <html><b><center>Warning: This peripheral has no parameters to be configured<br></b></html>
2025-04-12 14:09:29,397 [ERROR] MainPanel:599 - java.lang.IndexOutOfBoundsException: Index: 0, Tab count: 0
2025-04-12 14:09:29,405 [INFO] UtilMem:75 - Begin LoadConfig() Used Memory: 955302488 Bytes (1073741824)
2025-04-12 14:09:29,406 [INFO] OpenFileManager:332 - Change cursor
2025-04-12 14:09:29,470 [INFO] RulesReader:64 - Compatibility file has been processed (297 Rules)
2025-04-12 14:09:29,477 [INFO] ProjectFactory:442 - No CPN specified for board NUCLEO-F411RE => set CPN to STM32F411RET6
2025-04-12 14:09:29,477 [INFO] Mcu:2035 - Initializing MCU STM32F411R(C-E)Tx STM32F411RETx STM32F411RET6
2025-04-12 14:09:30,735 [INFO] Context:748 - Trying to add GPIOservice into a context  which must be forbidden
2025-04-12 14:09:31,312 [INFO] Rule:228 - rule 117617 - U5Cobra4M][GTZC] default value MPCBB3 and MPCBB5 - Not Secured memory - MPCBB1 is applicable
2025-04-12 14:09:31,312 [INFO] Rule:228 - rule 117617 - U5Cobra4M][GTZC] default value MPCBB3 and MPCBB5 - Not Secured memory - MPCBB1 is applicable
2025-04-12 14:09:31,312 [INFO] Rule:228 - rule 117617 - U5Cobra4M][GTZC] default value MPCBB3 and MPCBB5 - Not Secured memory - MPCBB2 is applicable
2025-04-12 14:09:31,312 [INFO] Rule:228 - rule 117617 - U5Cobra4M][GTZC] default value MPCBB3 and MPCBB5 - Not Secured memory - MPCBB2 is applicable
2025-04-12 14:09:31,312 [INFO] Rule:228 - rule 117617 - U5Cobra4M][GTZC] default value MPCBB3 and MPCBB5 - Not Secured memory - MPCBB3 is applicable
2025-04-12 14:09:31,312 [INFO] Rule:228 - rule 117617 - U5Cobra4M][GTZC] default value MPCBB3 and MPCBB5 - Not Secured memory - MPCBB3 is applicable
2025-04-12 14:09:31,312 [INFO] Rule:228 - rule 117617 - U5Cobra4M][GTZC] default value MPCBB3 and MPCBB5 - Not Secured memory - MPCBB4 is applicable
2025-04-12 14:09:31,312 [INFO] Rule:228 - rule 117617 - U5Cobra4M][GTZC] default value MPCBB3 and MPCBB5 - Not Secured memory - MPCBB4 is applicable
2025-04-12 14:09:31,313 [INFO] Rule:228 - rule 117617 - U5Cobra4M][GTZC] default value MPCBB3 and MPCBB5 - Secured memory - MPCBB1 is applicable
2025-04-12 14:09:31,313 [INFO] Rule:228 - rule 117617 - U5Cobra4M][GTZC] default value MPCBB3 and MPCBB5 - Secured memory - MPCBB2 is applicable
2025-04-12 14:09:31,313 [INFO] Rule:228 - rule 117617 - U5Cobra4M][GTZC] default value MPCBB3 and MPCBB5 - Secured memory - MPCBB3 is applicable
2025-04-12 14:09:31,313 [INFO] Rule:228 - rule 117617 - U5Cobra4M][GTZC] default value MPCBB3 and MPCBB5 - Secured memory - MPCBB4 is applicable
2025-04-12 14:09:31,313 [INFO] Rule:228 - rule 117617 - U5Cobra4M][GTZC] default value MPCBB3 and MPCBB5 - Privileged memory - MPCBB1 is applicable
2025-04-12 14:09:31,313 [INFO] Rule:228 - rule 117617 - U5Cobra4M][GTZC] default value MPCBB3 and MPCBB5 - Privileged memory - MPCBB2 is applicable
2025-04-12 14:09:31,313 [INFO] Rule:228 - rule 117617 - U5Cobra4M][GTZC] default value MPCBB3 and MPCBB5 - Privileged memory - MPCBB3 is applicable
2025-04-12 14:09:31,313 [INFO] Rule:228 - rule 117617 - U5Cobra4M][GTZC] default value MPCBB3 and MPCBB5 - Privileged memory - MPCBB4 is applicable
2025-04-12 14:09:31,313 [INFO] Rule:228 - rule 117617 - U5Cobra4M][GTZC] default value MPCBB3 and MPCBB5 - Not Privileged memory - MPCBB1 is applicable
2025-04-12 14:09:31,313 [INFO] Rule:228 - rule 117617 - U5Cobra4M][GTZC] default value MPCBB3 and MPCBB5 - Not Privileged memory - MPCBB2 is applicable
2025-04-12 14:09:31,313 [INFO] Rule:228 - rule 117617 - U5Cobra4M][GTZC] default value MPCBB3 and MPCBB5 - Not Privileged memory - MPCBB3 is applicable
2025-04-12 14:09:31,314 [INFO] Rule:228 - rule 117617 - U5Cobra4M][GTZC] default value MPCBB3 and MPCBB5 - Not Privileged memory - MPCBB4 is applicable
2025-04-12 14:09:31,314 [INFO] Rule:228 - rule 117617 - U5Cobra4M][GTZC] default value MPCBB3 and MPCBB5 - Privileged memory - MPCBB1 is applicable
2025-04-12 14:09:31,314 [INFO] Rule:228 - rule 117617 - U5Cobra4M][GTZC] default value MPCBB3 and MPCBB5 - Privileged memory - MPCBB2 is applicable
2025-04-12 14:09:31,314 [INFO] Rule:228 - rule 117617 - U5Cobra4M][GTZC] default value MPCBB3 and MPCBB5 - Privileged memory - MPCBB3 is applicable
2025-04-12 14:09:31,314 [INFO] Rule:228 - rule 117617 - U5Cobra4M][GTZC] default value MPCBB3 and MPCBB5 - Privileged memory - MPCBB4 is applicable
2025-04-12 14:09:31,314 [INFO] Rule:228 - rule 117617 - U5Cobra4M][GTZC] default value MPCBB3 and MPCBB5 - Privileged memory - MPCBB1 is applicable
2025-04-12 14:09:31,314 [INFO] Rule:228 - rule 117617 - U5Cobra4M][GTZC] default value MPCBB3 and MPCBB5 - Privileged memory - MPCBB2 is applicable
2025-04-12 14:09:31,314 [INFO] Rule:228 - rule 117617 - U5Cobra4M][GTZC] default value MPCBB3 and MPCBB5 - Privileged memory - MPCBB3 is applicable
2025-04-12 14:09:31,314 [INFO] Rule:228 - rule 117617 - U5Cobra4M][GTZC] default value MPCBB3 and MPCBB5 - Privileged memory - MPCBB4 is applicable
2025-04-12 14:09:31,315 [INFO] Rule:228 - rule 117617 - U5Cobra4M][GTZC] default value MPCBB3 and MPCBB5 - Not Privileged memory - MPCBB1 is applicable
2025-04-12 14:09:31,315 [INFO] Rule:228 - rule 117617 - U5Cobra4M][GTZC] default value MPCBB3 and MPCBB5 - Not Privileged memory - MPCBB2 is applicable
2025-04-12 14:09:31,315 [INFO] Rule:228 - rule 117617 - U5Cobra4M][GTZC] default value MPCBB3 and MPCBB5 - Not Privileged memory - MPCBB3 is applicable
2025-04-12 14:09:31,315 [INFO] Rule:228 - rule 117617 - U5Cobra4M][GTZC] default value MPCBB3 and MPCBB5 - Not Privileged memory - MPCBB4 is applicable
2025-04-12 14:09:31,315 [INFO] Rule:228 - rule 117617 - U5Cobra4M][GTZC] default value MPCBB3 and MPCBB5 - Privileged memory - MPCBB1 is applicable
2025-04-12 14:09:31,315 [INFO] Rule:228 - rule 117617 - U5Cobra4M][GTZC] default value MPCBB3 and MPCBB5 - Privileged memory - MPCBB2 is applicable
2025-04-12 14:09:31,315 [INFO] Rule:228 - rule 117617 - U5Cobra4M][GTZC] default value MPCBB3 and MPCBB5 - Privileged memory - MPCBB3 is applicable
2025-04-12 14:09:31,315 [INFO] Rule:228 - rule 117617 - U5Cobra4M][GTZC] default value MPCBB3 and MPCBB5 - Privileged memory - MPCBB4 is applicable
2025-04-12 14:09:31,315 [INFO] Rule:228 - rule Rename SubGHz_Phy SUBGHZ_APPLICATION SUBGHZ_PINGPONG to SUBGHZ_ADV_APPLICATION is applicable
2025-04-12 14:09:31,315 [INFO] Rule:228 - rule Rename Enabled to IBEACON is applicable
2025-04-12 14:09:31,315 [INFO] Rule:228 - rule GTZC_S instance for project manager is applicable
2025-04-12 14:09:31,316 [INFO] Rule:228 - rule GTZC_S instance for context M33S is applicable
2025-04-12 14:09:31,316 [INFO] Rule:228 - rule GTZC_S instance value for IP GTZC is applicable
2025-04-12 14:09:31,316 [INFO] Rule:228 - rule GTZC_S instance for mcu.IP is applicable
2025-04-12 14:09:31,316 [INFO] Rule:228 - rule GTZC_S instance for VP is applicable
2025-04-12 14:09:31,316 [INFO] Rule:228 - rule GTZC_S instance for signal is applicable
2025-04-12 14:09:31,316 [INFO] Rule:228 - rule GTZC_S instance for mcu.Pin is applicable
2025-04-12 14:09:31,316 [INFO] Rule:228 - rule GTZC_S instance for VP is applicable
2025-04-12 14:09:31,316 [INFO] Rule:228 - rule GTZC_S instance for signal is applicable
2025-04-12 14:09:31,316 [INFO] Rule:228 - rule GTZC_S instance for mcu is applicable
2025-04-12 14:09:31,316 [INFO] Rule:228 - rule GTZC_S instance for mcu.Pin is applicable
2025-04-12 14:09:31,316 [INFO] Rule:228 - rule GTZC_S instance value for IP GTZC is applicable
2025-04-12 14:09:31,317 [INFO] Rule:228 - rule GTZC_S instance for project manager is applicable
2025-04-12 14:09:31,317 [INFO] Rule:228 - rule GTZC_S instance for context M33S is applicable
2025-04-12 14:09:31,317 [INFO] Rule:228 - rule GTZC_S instance for VP is applicable
2025-04-12 14:09:31,317 [INFO] Rule:228 - rule GTZC_S instance for signal is applicable
2025-04-12 14:09:31,317 [INFO] Rule:228 - rule SPDIFRX instance for mcu is applicable
2025-04-12 14:09:31,317 [INFO] Rule:228 - rule Rename Tracer Mode is applicable
2025-04-12 14:09:31,317 [INFO] Rule:228 - rule SPDIFRX instance value for IP SPDIFRX is applicable
2025-04-12 14:09:31,317 [INFO] Rule:228 - rule SPDIFRX instance for signal is applicable
2025-04-12 14:09:31,317 [INFO] Rule:228 - rule SPDIFRX instance for project manager is applicable
2025-04-12 14:09:31,317 [INFO] Rule:228 - rule SPDIFRX instance for project manager is applicable
2025-04-12 14:09:31,317 [INFO] Rule:228 - rule ADC Scan  fix with FW F7 is applicable
2025-04-12 14:09:31,317 [INFO] Rule:228 - rule ADC Scan  fix with FW F7 is applicable
2025-04-12 14:09:31,318 [INFO] Rule:228 - rule WakeUp0 Mode is applicable
2025-04-12 14:09:31,318 [INFO] Rule:228 - rule WakeUp0 SIGNAL is applicable
2025-04-12 14:09:31,318 [INFO] Rule:228 - rule WakeUp1 Mode is applicable
2025-04-12 14:09:31,318 [INFO] Rule:228 - rule WakeUp1 SIGNAL is applicable
2025-04-12 14:09:31,318 [INFO] Rule:228 - rule WakeUp2 Mode is applicable
2025-04-12 14:09:31,319 [INFO] Rule:228 - rule WakeUp2 SIGNAL is applicable
2025-04-12 14:09:31,319 [INFO] Rule:228 - rule WakeUp4 Mode is applicable
2025-04-12 14:09:31,319 [INFO] Rule:228 - rule WakeUp4 SIGNAL is applicable
2025-04-12 14:09:31,319 [INFO] Rule:228 - rule WakeUp5 Mode is applicable
2025-04-12 14:09:31,319 [INFO] Rule:228 - rule WakeUp5 SIGNAL is applicable
2025-04-12 14:09:31,319 [INFO] Rule:228 - rule Add RTC Activate Clock Source is applicable
2025-04-12 14:09:31,320 [INFO] Rule:228 - rule Add RTC Activate Calendar 1 is applicable
2025-04-12 14:09:31,320 [INFO] Rule:228 - rule Add RTC Activate Calendar 2 is applicable
2025-04-12 14:09:31,320 [INFO] Rule:228 - rule Add RTC Activate Calendar 3 is applicable
2025-04-12 14:09:31,320 [INFO] Rule:228 - rule UART/USART TX Mode is applicable
2025-04-12 14:09:31,320 [INFO] Rule:228 - rule UART/USART RX Mode is applicable
2025-04-12 14:09:31,321 [INFO] Rule:228 - rule UART/USART RX TX Mode is applicable
2025-04-12 14:09:31,321 [INFO] Rule:228 - rule UART/USART PARITY NONE is applicable
2025-04-12 14:09:31,321 [INFO] Rule:228 - rule UART/USART PARITY EVEN is applicable
2025-04-12 14:09:31,321 [INFO] Rule:228 - rule UART/USART PARITY ODD is applicable
2025-04-12 14:09:31,321 [INFO] Rule:228 - rule USART StopBits 1 is applicable
2025-04-12 14:09:31,321 [INFO] Rule:228 - rule USART StopBits 2 is applicable
2025-04-12 14:09:31,321 [INFO] Rule:228 - rule USART StopBits 1.5 is applicable
2025-04-12 14:09:31,321 [INFO] Rule:228 - rule USART StopBits 0.5 is applicable
2025-04-12 14:09:31,321 [INFO] Rule:228 - rule UART/USART WORD LENGTH 7 is applicable
2025-04-12 14:09:31,322 [INFO] Rule:228 - rule UART/USART WORD LENGTH 8 is applicable
2025-04-12 14:09:31,322 [INFO] Rule:228 - rule UART/USART WORD LENGTH 9 is applicable
2025-04-12 14:09:31,322 [INFO] Rule:228 - rule Rename FMC NAND NCE signal is applicable
2025-04-12 14:09:31,322 [INFO] Rule:228 - rule Rename FMC NAND INT signal is applicable
2025-04-12 14:09:31,322 [INFO] Rule:228 - rule Change Default Value for LSE Drive Capability for WB family is applicable
2025-04-12 14:09:31,322 [INFO] Rule:228 - rule Change Default Value for ADC Clock Prescaler G0 family is applicable
2025-04-12 14:09:31,322 [INFO] Rule:228 - rule Change Default Value for ADC ExternalTrigConv L4 family is applicable
2025-04-12 14:09:31,322 [INFO] Rule:228 - rule Change Default Value for ADC ExternalTrigInjecConv L4 family is applicable
2025-04-12 14:09:31,322 [INFO] Rule:228 - rule Change Default Value for ADC ExternalTrigConv F3 family is applicable
2025-04-12 14:09:31,322 [INFO] Rule:228 - rule Change Default Value for ADC ExternalTrigInjecConv F3 family is applicable
2025-04-12 14:09:31,322 [INFO] Rule:228 - rule Change Default Value for ADC ExternalTrigConv Goldfish serie is applicable
2025-04-12 14:09:31,322 [INFO] Rule:228 - rule Change Default Value for ADC ExternalTrigInjecConv Goldfish serie is applicable
2025-04-12 14:09:31,323 [INFO] Rule:228 - rule Change Default Value for ADC ExternalTrigConv L0 family is applicable
2025-04-12 14:09:31,323 [INFO] Rule:228 - rule Change Default Value for ADC ExternalTrigConv F0 family is applicable
2025-04-12 14:09:31,323 [INFO] Rule:228 - rule Change Default Value for ADC ExternalTrigConvn L1 family is applicable
2025-04-12 14:09:31,323 [INFO] Rule:228 - rule Change Default Value for ADC ExternalTrigInjecConv L1 family is applicable
2025-04-12 14:09:31,323 [INFO] Rule:228 - rule Change Default Value for ADC ExternalTrigConv F1 family is applicable
2025-04-12 14:09:31,323 [INFO] Rule:228 - rule Change Default Value for ADC ExternalTrigInjecConv F1 family is applicable
2025-04-12 14:09:31,323 [INFO] Rule:228 - rule Change Default Value for ADC ExternalTrigConv F7 family is applicable
2025-04-12 14:09:31,323 [INFO] Rule:228 - rule Change Default Value for ADC ExternalTrigInjecConv F7 family is applicable
2025-04-12 14:09:31,323 [INFO] Rule:228 - rule Change Default Value for ADC ExternalTrigConv F4 and F2 family is applicable
2025-04-12 14:09:31,323 [INFO] Rule:228 - rule Change Default Value for ADC ExternalTrigInjecConv F4 and F2 family is applicable
2025-04-12 14:09:31,323 [INFO] Rule:228 - rule ADC SamplingTime fix with FW L0  is applicable
2025-04-12 14:09:31,324 [INFO] Rule:228 - rule ADC SamplingTime fix with FW L0  is applicable
2025-04-12 14:09:31,324 [INFO] Rule:228 - rule ADC SamplingTime fix with FW L0 is applicable
2025-04-12 14:09:31,324 [INFO] Rule:228 - rule ADC SamplingTime fix with FW L0 is applicable
2025-04-12 14:09:31,324 [INFO] Rule:228 - rule ADC SamplingTime fix with FW L0  is applicable
2025-04-12 14:09:31,324 [INFO] Rule:228 - rule ADC SamplingTime fix with FW L0 is applicable
2025-04-12 14:09:31,324 [INFO] Rule:228 - rule Rename USB_OE Signal is applicable
2025-04-12 14:09:31,324 [INFO] Rule:228 - rule Rename Activate_OE Mode is applicable
2025-04-12 14:09:31,324 [INFO] Rule:228 - rule Rename DIE462/DIE415 pin PC14/OSC32_IN -> PC14-OSC32_IN (PC14) is applicable
2025-04-12 14:09:31,324 [INFO] Rule:228 - rule Rename DIE462/DIE415 pin PC15/OSC32_OUT -> PC15-OSC32_OUT (PC15) is applicable
2025-04-12 14:09:31,324 [INFO] Rule:228 - rule Rename DIE462/DIE415 pin PH0/OSC_IN -> PH0-OSC_IN (PH0) is applicable
2025-04-12 14:09:31,325 [INFO] Rule:228 - rule Rename DIE462/DIE415 pin PH1/OSC_OUT -> PH1-OSC_OUT (PH1) is applicable
2025-04-12 14:09:31,325 [INFO] Rule:228 - rule Rename DIE462 pin PA13 -> PA13 (JTMS/SWDIO) is applicable
2025-04-12 14:09:31,325 [INFO] Rule:228 - rule Rename DIE415 pin PA13 -> PA13 (JTMS/SWDIO) is applicable
2025-04-12 14:09:31,325 [INFO] Rule:228 - rule Rename DIE462 pin PA14 -> PA14 (JTCK/SWCLK) is applicable
2025-04-12 14:09:31,325 [INFO] Rule:228 - rule Rename DIE415 pin PA14 -> PA14 (JTCK/SWCLK) is applicable
2025-04-12 14:09:31,325 [INFO] Rule:228 - rule Rename DIE462/DIE415 pin PA15 -> PA15 (JTDI) is applicable
2025-04-12 14:09:31,325 [INFO] Rule:228 - rule Rename DIE462 pin PB3 -> PB3 (JTD0/TRACESWO) is applicable
2025-04-12 14:09:31,325 [INFO] Rule:228 - rule Rename DIE415 pin PB3 -> PB3 (JTD0-TRACESWO) is applicable
2025-04-12 14:09:31,325 [INFO] Rule:228 - rule Rename DIE462/DIE415 pin PB4 -> PB4 (NJTRST) is applicable
2025-04-12 14:09:31,325 [INFO] Rule:228 - rule Rename DIE462 pin PH3/BOOT0 -> PH3-BOOT0 (BOOT0) is applicable
2025-04-12 14:09:31,325 [INFO] Rule:228 - rule Rename CRYP DataEncryptionTypesList to Algorithm is applicable
2025-04-12 14:09:31,326 [INFO] Rule:228 - rule Rename AES DataEncryptionTypesList to Algorithm is applicable
2025-04-12 14:09:31,326 [INFO] Rule:228 - rule Rename TDESECB to CRYP_TDES_ECB is applicable
2025-04-12 14:09:31,326 [INFO] Rule:228 - rule Rename TDESCBC to CRYP_TDES_CBC is applicable
2025-04-12 14:09:31,326 [INFO] Rule:228 - rule Rename DESECB to CRYP_DES_ECB is applicable
2025-04-12 14:09:31,326 [INFO] Rule:228 - rule Rename DESCBC to CRYP_DES_CBC is applicable
2025-04-12 14:09:31,326 [INFO] Rule:228 - rule Rename AESECB to CRYP_AES_ECB is applicable
2025-04-12 14:09:31,326 [INFO] Rule:228 - rule Rename AESCBC to CRYP_AES_CBC is applicable
2025-04-12 14:09:31,326 [INFO] Rule:228 - rule Rename AESCTR to CRYP_AES_CTR is applicable
2025-04-12 14:09:31,326 [INFO] Rule:228 - rule Rename AESGCM to CRYP_AES_GCM is applicable
2025-04-12 14:09:31,326 [INFO] Rule:228 - rule Rename AESCCM to CRYP_AES_CCM is applicable
2025-04-12 14:09:31,326 [INFO] Rule:228 - rule Rename CAN TimeSeg1 to BS1 is applicable
2025-04-12 14:09:31,326 [INFO] Rule:228 - rule Rename CAN TimeSeg2 to BS2 is applicable
2025-04-12 14:09:31,327 [INFO] Rule:228 - rule Rename CAN SyncJumpWidth to SJW is applicable
2025-04-12 14:09:31,327 [INFO] Rule:228 - rule TimeTriggeredMode to TTCM is applicable
2025-04-12 14:09:31,327 [INFO] Rule:228 - rule Rename CAN AutoBusOff to ABOM is applicable
2025-04-12 14:09:31,327 [INFO] Rule:228 - rule Rename CAN AutoWakeUp to AWUM is applicable
2025-04-12 14:09:31,327 [INFO] Rule:228 - rule Rename CAN AutoRetransmission to NART is applicable
2025-04-12 14:09:31,327 [INFO] Rule:228 - rule Rename CAN ReceiveFifoLocked to RFLM is applicable
2025-04-12 14:09:31,327 [INFO] Rule:228 - rule Rename CAN TransmitFifoPriority to TXFP is applicable
2025-04-12 14:09:31,327 [INFO] Rule:228 - rule Rename HRTIMER HRTIM_OUTPUTFAULTLEVEL_HIGH in HRTIMER HRTIM_OUTPUTFAULTLEVEL_HIGHZ is applicable
2025-04-12 14:09:31,327 [INFO] Rule:228 - rule Rename TIMER TIM_CLEARINPUTSOURCE_OCREFCLR in  TIMER TIM_CLEARINPUTSOURCE_NONE for F7 family is applicable
2025-04-12 14:09:31,327 [INFO] Rule:228 - rule FDCAN_R1 - Rename FDCAN mode Master into Classic is applicable
2025-04-12 14:09:31,327 [INFO] Rule:228 - rule FDCAN_R2 - Rename FDCAN mode Slave into Classic is applicable
2025-04-12 14:09:31,327 [INFO] Rule:228 - rule FDCAN1_R3 - if PA10.Mode=FullDuplex, add Pin PA12 is applicable
2025-04-12 14:09:31,328 [INFO] Rule:228 - rule FDCAN1_R3 - if PA9.Mode=FullDuplex, add Pin PA11 is applicable
2025-04-12 14:09:31,328 [INFO] Rule:228 - rule FDCAN1_R3 - Alternatepin_1 - if PE1.Mode=FullDuplex, add Pin PB9 is applicable
2025-04-12 14:09:31,328 [INFO] Rule:228 - rule FDCAN1_R3 - Alternatepin_1 - if PE0.Mode=FullDuplex, add Pin PB8 is applicable
2025-04-12 14:09:31,328 [INFO] Rule:228 - rule FDCAN1_R3 - Alternatepin_2 - if PD5.Mode=FullDuplex, add Pin PD1 is applicable
2025-04-12 14:09:31,328 [INFO] Rule:228 - rule FDCAN1_R3 - Alternatepin_2 - if PD4.Mode=FullDuplex, add Pin PD0 is applicable
2025-04-12 14:09:31,328 [INFO] Rule:228 - rule FDCAN1_R4 - Rename Mode FullDuplex into Enable FDCAN_TXFD for pin PA10 is applicable
2025-04-12 14:09:31,328 [INFO] Rule:228 - rule FDCAN1_R4 - Rename Mode FullDuplex into Enable FDCAN_TXFD for pin PA9 is applicable
2025-04-12 14:09:31,328 [INFO] Rule:228 - rule FDCAN1_R4 - Alternatepin_1 - Rename Mode FullDuplex into Enable FDCAN_TXFD for pin PE1 is applicable
2025-04-12 14:09:31,328 [INFO] Rule:228 - rule FDCAN1_R4 - Alternatepin_1 - Rename Mode FullDuplex into Enable FDCAN_TXFD for pin PE0 is applicable
2025-04-12 14:09:31,328 [INFO] Rule:228 - rule FDCAN1_R4 - Alternatepin_2 - Rename Mode FullDuplex into Enable FDCAN_TXFD for pin PD5 is applicable
2025-04-12 14:09:31,328 [INFO] Rule:228 - rule FDCAN1_R4 - Alternatepin_2 - Rename Mode FullDuplex into Enable FDCAN_TXFD for pin PD4 is applicable
2025-04-12 14:09:31,328 [INFO] Rule:228 - rule FDCAN2_R3 - if PD10.Mode=FullDuplex, add Pin PB13 is applicable
2025-04-12 14:09:31,328 [INFO] Rule:228 - rule FDCAN2_R3 - if PD9.Mode=FullDuplex, add Pin PB12 is applicable
2025-04-12 14:09:31,329 [INFO] Rule:228 - rule FDCAN2_R3 - Alternatepin_1 - if PB7.Mode=FullDuplex, add Pin PB6 is applicable
2025-04-12 14:09:31,329 [INFO] Rule:228 - rule FDCAN2_R3 - Alternatepin_1 - if PD9.Mode=FullDuplex, add Pin PB12 is applicable
2025-04-12 14:09:31,329 [INFO] Rule:228 - rule FDCAN2_R4 - Rename Mode FullDuplex into Enable FDCAN_TXFD for pin PD10 is applicable
2025-04-12 14:09:31,329 [INFO] Rule:228 - rule FDCAN2_R4 - Rename Mode FullDuplex into Enable FDCAN_TXFD for pin PD9 is applicable
2025-04-12 14:09:31,329 [INFO] Rule:228 - rule FDCAN2_R4 - Alternatepin_1 - Rename Mode FullDuplex into Enable FDCAN_TXFD for pin PB7 is applicable
2025-04-12 14:09:31,329 [INFO] Rule:228 - rule FDCAN2_R4 - Alternatepin_1 - Rename Mode FullDuplex into Enable FDCAN_TXFD for pin PD6 is applicable
2025-04-12 14:09:31,329 [INFO] Rule:228 - rule USART TxPinLevelInvertParam Mode is applicable
2025-04-12 14:09:31,329 [INFO] Rule:228 - rule USART RxPinLevelInvertParam Mode is applicable
2025-04-12 14:09:31,329 [INFO] Rule:228 - rule USART DataInvertParam Mode is applicable
2025-04-12 14:09:31,329 [INFO] Rule:228 - rule USART SwapParam Mode is applicable
2025-04-12 14:09:31,329 [INFO] Rule:228 - rule USART OverrunDisableParam Mode is applicable
2025-04-12 14:09:31,330 [INFO] Rule:228 - rule USART DMADisableonRxErrorParam Mode is applicable
2025-04-12 14:09:31,330 [INFO] Rule:228 - rule USART MSBFirstParam Mode is applicable
2025-04-12 14:09:31,330 [INFO] Rule:228 - rule Update MwName for USB_DEVICE is applicable
2025-04-12 14:09:31,330 [INFO] Rule:228 - rule Change PWR_Regulator_Voltage_Scale Default Value for RCC  H7 family is applicable
2025-04-12 14:09:31,330 [INFO] Rule:228 - rule UART/USART IPParameter rename Prescaler parameter to ClockPrescaler is applicable
2025-04-12 14:09:31,330 [INFO] Rule:228 - rule UART/USART Prescaler rename Prescaler parameter to ClockPrescaler is applicable
2025-04-12 14:09:31,330 [INFO] Rule:228 - rule TIM1CLockSelection is applicable
2025-04-12 14:09:31,330 [INFO] Rule:228 - rule TIM15CLockSelection is applicable
2025-04-12 14:09:31,330 [INFO] Rule:228 - rule align RCC SDMMC3CLockSelection default value on MP1 is applicable
2025-04-12 14:09:31,330 [INFO] Rule:228 - rule align RCC SDMMC12CLockSelection default value on MP1 is applicable
2025-04-12 14:09:31,331 [INFO] Rule:228 - rule align RCC QSPICLockSelection default value on MP1 is applicable
2025-04-12 14:09:31,331 [INFO] Rule:228 - rule align RCC QSPICLockSelection default value on MP1 is applicable
2025-04-12 14:09:31,331 [INFO] Rule:228 - rule align RCC SPI6CLockSelection default value on MP1 is applicable
2025-04-12 14:09:31,331 [INFO] Rule:228 - rule align RCC LPTIM23CLockSelection default value on MP1 is applicable
2025-04-12 14:09:31,331 [INFO] Rule:228 - rule align RCC LPTIM1CLockSelection default value on MP1 is applicable
2025-04-12 14:09:31,331 [INFO] Rule:228 - rule align RCC USART1CLockSelection default value on MP1 is applicable
2025-04-12 14:09:31,331 [INFO] Rule:228 - rule align RCC USART24CLockSelection default value on MP1 is applicable
2025-04-12 14:09:31,331 [INFO] Rule:228 - rule align RCC USART6CLockSelection default value on MP1 is applicable
2025-04-12 14:09:31,331 [INFO] Rule:228 - rule align RCC UART78CLockSelection default value on MP1 is applicable
2025-04-12 14:09:31,331 [INFO] Rule:228 - rule align RCC USART35CLockSelection default value on MP1 is applicable
2025-04-12 14:09:31,331 [INFO] Rule:228 - rule align RCC SPI45CLockSelection default value on MP1 is applicable
2025-04-12 14:09:31,331 [INFO] Rule:228 - rule align RCC I2C46CLockSelection BCLK value on MP1 is applicable
2025-04-12 14:09:31,331 [INFO] Rule:228 - rule align RCC SPI45CLockSelection default value on MP1 is applicable
2025-04-12 14:09:31,332 [INFO] Rule:228 - rule align RCC I2C12CLockSelection default value on MP1 is applicable
2025-04-12 14:09:31,332 [INFO] Rule:228 - rule align RCC I2C35CLockSelection default value on MP1 is applicable
2025-04-12 14:09:31,332 [INFO] Rule:228 - rule align RCC LPTIM45CLockSelection default value on MP1 is applicable
2025-04-12 14:09:31,332 [INFO] Rule:228 - rule Rename DCMI PIXCK signal is applicable
2025-04-12 14:09:31,332 [INFO] Rule:228 - rule Change Default Value for I2C46CLockSelection MP1 family is applicable
2025-04-12 14:09:31,332 [INFO] Rule:228 - rule Change Default Value for UART for G4, G0 and WB families is applicable
2025-04-12 14:09:31,332 [INFO] Rule:228 - rule Change Default Value for USART for G4, G0 and WB families is applicable
2025-04-12 14:09:31,332 [INFO] Rule:228 - rule Change Default Value for USART for G4 family is applicable
2025-04-12 14:09:31,332 [INFO] Rule:228 - rule Change USART1CLockSelection refparam name for MP1 is applicable
2025-04-12 14:09:31,332 [INFO] Rule:228 - rule Change USART2CLockSelection refparam name for MP1 is applicable
2025-04-12 14:09:31,332 [INFO] Rule:228 - rule Change USART3CLockSelection refparam name for MP1 is applicable
2025-04-12 14:09:31,332 [INFO] Rule:228 - rule Change UART4CLockSelection refparam name for MP1 is applicable
2025-04-12 14:09:31,333 [INFO] Rule:228 - rule Change UART5CLockSelection refparam name for MP1 is applicable
2025-04-12 14:09:31,333 [INFO] Rule:228 - rule Change LPUART1CLockSelection refparam name for MP1 is applicable
2025-04-12 14:09:31,333 [INFO] Rule:228 - rule Change LPTIM1CLockSelection refparam name for MP1 is applicable
2025-04-12 14:09:31,333 [INFO] Rule:228 - rule Change LPTIM2CLockSelection refparam name for MP1 is applicable
2025-04-12 14:09:31,333 [INFO] Rule:228 - rule Change RCC_MCO1Source refparam name for MP1 is applicable
2025-04-12 14:09:31,333 [INFO] Rule:228 - rule Change LSCOSource1 refparam name for MP1 is applicable
2025-04-12 14:09:31,333 [INFO] Rule:228 - rule Change SMPSCLockSelection refparam name for MP1 is applicable
2025-04-12 14:09:31,333 [INFO] Rule:228 - rule Change LPTIM3CLockSelection refparam name for MP1 is applicable
2025-04-12 14:09:31,333 [INFO] Rule:228 - rule Change MPCBB* Default Template Mode to Parameters is applicable
2025-04-12 14:09:31,333 [INFO] Rule:228 - rule Change MPCWM* or MPCBB* Secure Mode to Parameters is applicable
2025-04-12 14:09:31,333 [INFO] Rule:228 - rule Change MPCWM* or MPCBB* No Secure Mode to Parameters is applicable
2025-04-12 14:09:31,333 [INFO] Rule:228 - rule Change TZSC IP Secure Mode to Parameters is applicable
2025-04-12 14:09:31,333 [INFO] Rule:228 - rule Change TZSC IP No Secure Mode to Parameters is applicable
2025-04-12 14:09:31,333 [INFO] Rule:228 - rule Change TZSC IP Privilege Mode to Parameters is applicable
2025-04-12 14:09:31,334 [INFO] Rule:228 - rule Change TZSC IP No Privilege Mode to Parameters is applicable
2025-04-12 14:09:31,334 [INFO] Rule:228 - rule Change TZIC IT Secure Mode to Parameters is applicable
2025-04-12 14:09:31,334 [INFO] Rule:228 - rule Change TZIC IT No Secure Mode to Parameters is applicable
2025-04-12 14:09:31,334 [INFO] Rule:228 - rule Add MPCBB1_NonSecureArea_Start_Address value with referenced to MPCBB1_NonSecureArea_Start value is applicable
2025-04-12 14:09:31,334 [INFO] Rule:228 - rule Add MPCBB2_NonSecureArea_Start_Address value with referenced to MPCBB2_NonSecureArea_Start value is applicable
2025-04-12 14:09:31,334 [INFO] Rule:228 - rule Add MPCWM1_NonSecureArea*_Start_Address value with referenced to MPCWM1_NonSecureArea*_Start value is applicable
2025-04-12 14:09:31,334 [INFO] Rule:228 - rule Add MPCWM2_NonSecureArea*_Start_Address value with referenced to MPCWM2_NonSecureArea*_Start value is applicable
2025-04-12 14:09:31,334 [INFO] Rule:228 - rule Add MPCWM3_NonSecureArea_Start_Address value with referenced to MPCWM3_NonSecureArea_Start value is applicable
2025-04-12 14:09:31,334 [INFO] Rule:228 - rule Change Default Value for PLL1UserDefinedConfig is applicable
2025-04-12 14:09:31,334 [INFO] Rule:228 - rule Change GPIO_PuPd Default Value for USART in async mode is applicable
2025-04-12 14:09:31,334 [INFO] Rule:228 - rule Change SMPSDivider Default Value is applicable
2025-04-12 14:09:31,334 [INFO] Rule:228 - rule OPAMP is applicable
2025-04-12 14:09:31,334 [INFO] Rule:228 - rule LPUART IPParameter rename Prescaler parameter to ClockPrescaler for STM32H7 is applicable
2025-04-12 14:09:31,335 [INFO] Rule:228 - rule LPUART IPParameter rename Prescaler parameter to ClockPrescaler for STM32H7 is applicable
2025-04-12 14:09:31,335 [INFO] Rule:228 - rule LPUART IPParameter rename Prescaler parameter to ClockPrescaler for STM32WB is applicable
2025-04-12 14:09:31,335 [INFO] Rule:228 - rule LPUART IPParameter rename Prescaler parameter to ClockPrescaler for STM32WB is applicable
2025-04-12 14:09:31,336 [INFO] Rule:228 - rule LPUART IPParameter rename Prescaler parameter to ClockPrescaler for STM32G4 is applicable
2025-04-12 14:09:31,336 [INFO] Rule:228 - rule LPUART IPParameter rename Prescaler parameter to ClockPrescaler for STM32G4 is applicable
2025-04-12 14:09:31,336 [INFO] Rule:228 - rule LPUART IPParameter rename Prescaler parameter to ClockPrescaler for STM32L5 is applicable
2025-04-12 14:09:31,336 [INFO] Rule:228 - rule LPUART IPParameter rename Prescaler parameter to ClockPrescaler for STM32L5 is applicable
2025-04-12 14:09:31,336 [INFO] Rule:228 - rule LPUART IPParameter rename Prescaler parameter to ClockPrescaler for STM32G4 is applicable
2025-04-12 14:09:31,336 [INFO] Rule:228 - rule LPUART IPParameter rename Prescaler parameter to ClockPrescaler for STM32G4 is applicable
2025-04-12 14:09:31,337 [INFO] Rule:228 - rule USB device lib V2.5.3 for L0 rename USBD_SUPPORT_USER_STRING parameter to USBD_SUPPORT_USER_STRING_DESC4 is applicable
2025-04-12 14:09:31,337 [INFO] Rule:228 - rule I2SCLockSelection clock entry align is applicable
2025-04-12 14:09:31,337 [INFO] Rule:228 - rule Assign TIMx context if used as SYS timebase is applicable
2025-04-12 14:09:31,337 [INFO] Rule:228 - rule Change GPIO_Pu Default Value for I2C is applicable
2025-04-12 14:09:31,337 [INFO] Rule:228 - rule Change GPIO_Pu Default Value for SMBus is applicable
2025-04-12 14:09:31,337 [INFO] Rule:228 - rule change FDCAN default value is applicable
2025-04-12 14:09:31,337 [INFO] Rule:228 - rule Change mode sai is applicable
2025-04-12 14:09:31,337 [INFO] Rule:228 - rule **Change sai mode is applicable
2025-04-12 14:09:31,337 [INFO] Rule:228 - rule Rename STM32WPAN CFG_BLE_IRK to CFG_BLE_IR is applicable
2025-04-12 14:09:31,337 [INFO] Rule:228 - rule Rename STM32WPAN CFG_BLE_ERK to CFG_BLE_ER is applicable
2025-04-12 14:09:31,337 [INFO] Rule:228 - rule Rename STM32WPAN CFG_BLE_IRK_HEX to CFG_BLE_IR_HEX is applicable
2025-04-12 14:09:31,337 [INFO] Rule:228 - rule Rename STM32WPAN CFG_BLE_ERK_HEX to CFG_BLE_ER_HEX is applicable
2025-04-12 14:09:31,350 [INFO] DbConfProperties:307 - Apply Compatibility (49/262 Rules)
2025-04-12 14:09:31,372 [INFO] ImportTextPane:218 - (OptionalMessage_ERROR) Unable to find key (Mcu.ThirdPartyNb) in loaded IOC file
2025-04-12 14:09:31,449 [INFO] RtosManager:555 - Registered RTOS mode: class=CMSIS, group=RTOS, mode=CMSIS_V1, owner=FREERTOS
2025-04-12 14:09:31,449 [INFO] RtosManager:555 - Registered RTOS mode: class=CMSIS, group=RTOS2, mode=CMSIS_V2, owner=FREERTOS
2025-04-12 14:09:31,449 [INFO] RtosManager:555 - Registered RTOS mode: class=RTOS, group=Core, mode=CMSIS_V1, owner=FREERTOS
2025-04-12 14:09:31,450 [INFO] RtosManager:555 - Registered RTOS mode: class=RTOS, group=Core, mode=CMSIS_V2, owner=FREERTOS
2025-04-12 14:09:31,450 [WARN] ModelIntegratedComponent:184 - Missing modes for component STMicroelectronics:FreeRTOS:0.0.1:STMicroelectronics:RTOS:FreeRTOS:Core:::10.2.0:
2025-04-12 14:09:31,463 [WARN] ModelIntegratedComponent:182 - Modes not found for component STMicroelectronics:USB_HOST:1.0.0:STMicroelectronics:USB::USB Host:Audio HS::1.0:USB_HOST_1_0_RESTRICTED_HS
2025-04-12 14:09:31,463 [WARN] ModelIntegratedComponent:188 - Modes not found for component STMicroelectronics:USB_HOST:1.0.0:STMicroelectronics:USB::USB Host:Audio HS::1.0:USB_HOST_1_0_RESTRICTED_HS
2025-04-12 14:09:31,463 [WARN] ModelIntegratedComponent:182 - Modes not found for component STMicroelectronics:USB_HOST:1.0.0:STMicroelectronics:USB::USB Host:CDC HS::1.0:USB_HOST_1_0_RESTRICTED_HS
2025-04-12 14:09:31,463 [WARN] ModelIntegratedComponent:188 - Modes not found for component STMicroelectronics:USB_HOST:1.0.0:STMicroelectronics:USB::USB Host:CDC HS::1.0:USB_HOST_1_0_RESTRICTED_HS
2025-04-12 14:09:31,463 [WARN] ModelIntegratedComponent:182 - Modes not found for component STMicroelectronics:USB_HOST:1.0.0:STMicroelectronics:USB::USB Host:MSC HS::1.0:USB_HOST_1_0_RESTRICTED_HS
2025-04-12 14:09:31,463 [WARN] ModelIntegratedComponent:188 - Modes not found for component STMicroelectronics:USB_HOST:1.0.0:STMicroelectronics:USB::USB Host:MSC HS::1.0:USB_HOST_1_0_RESTRICTED_HS
2025-04-12 14:09:31,463 [WARN] ModelIntegratedComponent:182 - Modes not found for component STMicroelectronics:USB_HOST:1.0.0:STMicroelectronics:USB::USB Host:HID HS::1.0:USB_HOST_1_0_RESTRICTED_HS
2025-04-12 14:09:31,463 [WARN] ModelIntegratedComponent:188 - Modes not found for component STMicroelectronics:USB_HOST:1.0.0:STMicroelectronics:USB::USB Host:HID HS::1.0:USB_HOST_1_0_RESTRICTED_HS
2025-04-12 14:09:31,464 [WARN] ModelIntegratedComponent:182 - Modes not found for component STMicroelectronics:USB_HOST:1.0.0:STMicroelectronics:USB::USB Host:MTP HS::1.0:USB_HOST_1_0_RESTRICTED_HS
2025-04-12 14:09:31,464 [WARN] ModelIntegratedComponent:188 - Modes not found for component STMicroelectronics:USB_HOST:1.0.0:STMicroelectronics:USB::USB Host:MTP HS::1.0:USB_HOST_1_0_RESTRICTED_HS
2025-04-12 14:09:31,477 [WARN] ModelIntegratedComponent:63 - No mode defined for component null
2025-04-12 14:09:31,477 [WARN] ModelIntegratedComponent:63 - No mode defined for component null
2025-04-12 14:09:31,478 [WARN] ModelIntegratedComponent:63 - No mode defined for component null
2025-04-12 14:09:31,478 [WARN] ModelIntegratedComponent:63 - No mode defined for component null
2025-04-12 14:09:31,478 [WARN] ModelIntegratedComponent:63 - No mode defined for component null
2025-04-12 14:09:31,478 [WARN] ModelIntegratedComponent:63 - No mode defined for component null
2025-04-12 14:09:31,478 [WARN] ModelIntegratedComponent:63 - No mode defined for component null
2025-04-12 14:09:31,478 [WARN] ModelIntegratedComponent:63 - No mode defined for component null
2025-04-12 14:09:31,478 [WARN] ModelIntegratedComponent:63 - No mode defined for component null
2025-04-12 14:09:31,478 [WARN] ModelIntegratedComponent:63 - No mode defined for component null
2025-04-12 14:09:31,478 [WARN] ModelIntegratedComponent:63 - No mode defined for component null
2025-04-12 14:09:31,478 [WARN] ModelIntegratedComponent:63 - No mode defined for component null
2025-04-12 14:09:31,478 [WARN] ModelIntegratedComponent:63 - No mode defined for component null
2025-04-12 14:09:31,478 [WARN] ModelIntegratedComponent:63 - No mode defined for component null
2025-04-12 14:09:31,478 [WARN] ModelIntegratedComponent:63 - No mode defined for component null
2025-04-12 14:09:31,479 [WARN] ModelIntegratedComponent:63 - No mode defined for component null
2025-04-12 14:09:31,479 [WARN] ModelIntegratedComponent:63 - No mode defined for component null
2025-04-12 14:09:31,479 [WARN] ModelIntegratedComponent:63 - No mode defined for component null
2025-04-12 14:09:31,479 [WARN] ModelIntegratedComponent:63 - No mode defined for component null
2025-04-12 14:09:31,479 [WARN] ModelIntegratedComponent:63 - No mode defined for component null
2025-04-12 14:09:31,479 [WARN] ModelIntegratedComponent:63 - No mode defined for component null
2025-04-12 14:09:31,479 [WARN] ModelIntegratedComponent:63 - No mode defined for component null
2025-04-12 14:09:31,479 [WARN] ModelIntegratedComponent:63 - No mode defined for component null
2025-04-12 14:09:31,479 [WARN] ModelIntegratedComponent:63 - No mode defined for component null
2025-04-12 14:09:31,479 [WARN] ModelIntegratedComponent:63 - No mode defined for component null
2025-04-12 14:09:31,479 [WARN] ModelIntegratedComponent:63 - No mode defined for component null
2025-04-12 14:09:31,479 [WARN] ModelIntegratedComponent:63 - No mode defined for component null
2025-04-12 14:09:31,479 [WARN] ModelIntegratedComponent:63 - No mode defined for component null
2025-04-12 14:09:31,479 [WARN] ModelIntegratedComponent:63 - No mode defined for component null
2025-04-12 14:09:31,480 [WARN] ModelIntegratedComponent:63 - No mode defined for component null
2025-04-12 14:09:31,480 [WARN] ModelIntegratedComponent:63 - No mode defined for component null
2025-04-12 14:09:31,480 [WARN] ModelIntegratedComponent:63 - No mode defined for component null
2025-04-12 14:09:31,480 [WARN] ModelIntegratedComponent:63 - No mode defined for component null
2025-04-12 14:09:31,480 [WARN] ModelIntegratedComponent:63 - No mode defined for component null
2025-04-12 14:09:31,480 [WARN] ModelIntegratedComponent:63 - No mode defined for component null
2025-04-12 14:09:31,480 [WARN] ModelPack:524 - Component already loaded: STMicroelectronics:HAL Drivers:0.0.0:STMicroelectronics:Device:STMicro_Driver:XSPI:HAL::0.0.1:HAL_XSPI
2025-04-12 14:09:31,708 [WARN] ModelIntegratedComponent:182 - Modes not found for component STMicroelectronics:USB_DEVICE:1.0.0:STMicroelectronics:USB::USB Device:Audio HS::1.0:USB_DEVICE_1_0_RESTRICTED_HS
2025-04-12 14:09:31,708 [WARN] ModelIntegratedComponent:188 - Modes not found for component STMicroelectronics:USB_DEVICE:1.0.0:STMicroelectronics:USB::USB Device:Audio HS::1.0:USB_DEVICE_1_0_RESTRICTED_HS
2025-04-12 14:09:31,708 [WARN] ModelIntegratedComponent:182 - Modes not found for component STMicroelectronics:USB_DEVICE:1.0.0:STMicroelectronics:USB::USB Device:CDC HS::1.0:USB_DEVICE_1_0_RESTRICTED_HS
2025-04-12 14:09:31,709 [WARN] ModelIntegratedComponent:188 - Modes not found for component STMicroelectronics:USB_DEVICE:1.0.0:STMicroelectronics:USB::USB Device:CDC HS::1.0:USB_DEVICE_1_0_RESTRICTED_HS
2025-04-12 14:09:31,709 [WARN] ModelIntegratedComponent:182 - Modes not found for component STMicroelectronics:USB_DEVICE:1.0.0:STMicroelectronics:USB::USB Device:DFU HS::1.0:USB_DEVICE_1_0_RESTRICTED_HS
2025-04-12 14:09:31,709 [WARN] ModelIntegratedComponent:188 - Modes not found for component STMicroelectronics:USB_DEVICE:1.0.0:STMicroelectronics:USB::USB Device:DFU HS::1.0:USB_DEVICE_1_0_RESTRICTED_HS
2025-04-12 14:09:31,709 [WARN] ModelIntegratedComponent:182 - Modes not found for component STMicroelectronics:USB_DEVICE:1.0.0:STMicroelectronics:USB::USB Device:HID HS::1.0:USB_DEVICE_1_0_RESTRICTED_HS
2025-04-12 14:09:31,709 [WARN] ModelIntegratedComponent:188 - Modes not found for component STMicroelectronics:USB_DEVICE:1.0.0:STMicroelectronics:USB::USB Device:HID HS::1.0:USB_DEVICE_1_0_RESTRICTED_HS
2025-04-12 14:09:31,709 [WARN] ModelIntegratedComponent:182 - Modes not found for component STMicroelectronics:USB_DEVICE:1.0.0:STMicroelectronics:USB::USB Device:Custom HID HS::1.0:USB_DEVICE_1_0_RESTRICTED_HS
2025-04-12 14:09:31,709 [WARN] ModelIntegratedComponent:188 - Modes not found for component STMicroelectronics:USB_DEVICE:1.0.0:STMicroelectronics:USB::USB Device:Custom HID HS::1.0:USB_DEVICE_1_0_RESTRICTED_HS
2025-04-12 14:09:31,709 [WARN] ModelIntegratedComponent:182 - Modes not found for component STMicroelectronics:USB_DEVICE:1.0.0:STMicroelectronics:USB::USB Device:MSC HS::1.0:USB_DEVICE_1_0_RESTRICTED_HS
2025-04-12 14:09:31,709 [WARN] ModelIntegratedComponent:188 - Modes not found for component STMicroelectronics:USB_DEVICE:1.0.0:STMicroelectronics:USB::USB Device:MSC HS::1.0:USB_DEVICE_1_0_RESTRICTED_HS
2025-04-12 14:09:31,729 [INFO] ThirdPartyModel:298 - Start build external matchings
2025-04-12 14:09:32,392 [INFO] ThirdPartyModel:316 - End build external matchings
2025-04-12 14:09:32,403 [INFO] ImportTextPane:218 - (OptionalMessage_ERROR) IP (RCC) : Parameter (48MHZClocksFreq_Value) has invalid value (84000000)
2025-04-12 14:09:32,404 [INFO] ImportTextPane:218 - (OptionalMessage_ERROR) IP (RCC) : Parameter (FLatency) has Id (AdvancedSettings) currently not set
2025-04-12 14:09:32,405 [INFO] ImportTextPane:218 - (OptionalMessage_ERROR) IP (RCC) : Parameter (RTCHSEDivFreq_Value) has invalid value (4000000)
2025-04-12 14:09:32,957 [INFO] UtilMem:75 - End SaveConfig() Used Memory: 962199368 Bytes (1073741824)
2025-04-12 14:09:33,060 [INFO] UtilMem:75 - End SaveConfig() Used Memory: 969539896 Bytes (1073741824)
2025-04-12 14:09:33,491 [INFO] ProjectBuilder:2363 - IP not ready for code generation: NVIC
2025-04-12 14:09:33,492 [INFO] ProjectBuilder:2363 - IP not ready for code generation: RCC
2025-04-12 14:09:33,492 [INFO] ProjectBuilder:2363 - IP not ready for code generation: USART2
2025-04-12 14:09:43,099 [INFO] CodeGenerator:896 - code generatio: config db path: C:\ST\STM32CubeIDE_1.17.0\STM32CubeIDE\plugins\com.st.stm32cube.common.mx_6.13.0.202411220809\\db\
2025-04-12 14:09:43,259 [INFO] CodeEngine:255 - oldGeneratedFile, C:\Users\Flori\Documents\Project\Tech\IT\firmware-development\NucleoF411RE-ApplicationShield\test\MXTmpFiles\license.tmp_save
2025-04-12 14:09:43,572 [INFO] CodeEngine:279 - Generated code: C:\Users\Flori\Documents\Project\Tech\IT\firmware-development\NucleoF411RE-ApplicationShield\test\MXTmpFiles\license.tmp
2025-04-12 14:09:43,612 [INFO] CodeEngine:255 - oldGeneratedFile, C:\Users\Flori\Documents\Project\Tech\IT\firmware-development\NucleoF411RE-ApplicationShield\test\MXTmpFiles\gpio.tmp_save
2025-04-12 14:09:43,814 [INFO] CodeEngine:279 - Generated code: C:\Users\Flori\Documents\Project\Tech\IT\firmware-development\NucleoF411RE-ApplicationShield\test\MXTmpFiles\gpio.tmp
2025-04-12 14:09:43,886 [INFO] CodeEngine:255 - oldGeneratedFile, C:\Users\Flori\Documents\Project\Tech\IT\firmware-development\NucleoF411RE-ApplicationShield\test\Core\Src\stm32f4xx_it.c_save
2025-04-12 14:09:44,295 [INFO] CodeEngine:279 - Generated code: C:\Users\Flori\Documents\Project\Tech\IT\firmware-development\NucleoF411RE-ApplicationShield\test\Core\Src\stm32f4xx_it.c
2025-04-12 14:09:44,300 [INFO] CodeEngine:255 - oldGeneratedFile, C:\Users\Flori\Documents\Project\Tech\IT\firmware-development\NucleoF411RE-ApplicationShield\test\Core\Inc\stm32f4xx_it.h_save
2025-04-12 14:09:44,430 [INFO] CodeEngine:279 - Generated code: C:\Users\Flori\Documents\Project\Tech\IT\firmware-development\NucleoF411RE-ApplicationShield\test\Core\Inc\stm32f4xx_it.h
2025-04-12 14:09:44,445 [INFO] CodeEngine:255 - oldGeneratedFile, C:\Users\Flori\Documents\Project\Tech\IT\firmware-development\NucleoF411RE-ApplicationShield\test\Core\Src\stm32f4xx_hal_msp.c_save
2025-04-12 14:09:44,651 [INFO] CodeEngine:279 - Generated code: C:\Users\Flori\Documents\Project\Tech\IT\firmware-development\NucleoF411RE-ApplicationShield\test\Core\Src\stm32f4xx_hal_msp.c
2025-04-12 14:09:44,657 [INFO] CodeEngine:255 - oldGeneratedFile, C:\Users\Flori\Documents\Project\Tech\IT\firmware-development\NucleoF411RE-ApplicationShield\test\MXTmpFiles\system.tmp_save
2025-04-12 14:09:44,749 [INFO] CodeEngine:279 - Generated code: C:\Users\Flori\Documents\Project\Tech\IT\firmware-development\NucleoF411RE-ApplicationShield\test\MXTmpFiles\system.tmp
2025-04-12 14:09:44,762 [INFO] CodeEngine:311 - oldGeneratedFile, C:\Users\Flori\Documents\Project\Tech\IT\firmware-development\NucleoF411RE-ApplicationShield\test\Core\Inc\stm32f4xx_hal_conf.h_save
2025-04-12 14:09:44,923 [INFO] CodeEngine:335 - Generated code: C:\Users\Flori\Documents\Project\Tech\IT\firmware-development\NucleoF411RE-ApplicationShield\test\Core\Inc\stm32f4xx_hal_conf.h
2025-04-12 14:09:44,987 [INFO] ApiDbMcu:508 - Load IP Config File for USART2
2025-04-12 14:09:44,996 [INFO] ApiDbMcu:508 - Load IP Config File for RCC
2025-04-12 14:09:45,010 [INFO] CodeEngine:255 - oldGeneratedFile, C:\Users\Flori\Documents\Project\Tech\IT\firmware-development\NucleoF411RE-ApplicationShield\test\Core\Inc\main.h_save
2025-04-12 14:09:45,313 [INFO] CodeEngine:279 - Generated code: C:\Users\Flori\Documents\Project\Tech\IT\firmware-development\NucleoF411RE-ApplicationShield\test\Core\Inc\main.h
2025-04-12 14:09:45,323 [INFO] CodeEngine:255 - oldGeneratedFile, C:\Users\Flori\Documents\Project\Tech\IT\firmware-development\NucleoF411RE-ApplicationShield\test\Core\Src\main.c_save
2025-04-12 14:09:45,544 [INFO] CodeEngine:279 - Generated code: C:\Users\Flori\Documents\Project\Tech\IT\firmware-development\NucleoF411RE-ApplicationShield\test\Core\Src\main.c
2025-04-12 14:09:46,046 [INFO] ProjectBuilder:3289 - Time for Copy HAL[1] : 222mS.
2025-04-12 14:09:46,054 [INFO] ProjectBuilder:4876 - Project Generator version: 4.5.0-RC5
2025-04-12 14:09:46,212 [INFO] ConfigFileManager:1579 - The Die is : DIE431
2025-04-12 14:09:46,228 [INFO] ApiDbMcu:508 - Load IP Config File for FATFS
2025-04-12 14:09:46,280 [INFO] ApiDbMcu:508 - Load IP Config File for FREERTOS
2025-04-12 14:09:46,288 [INFO] ApiDbMcu:508 - Load IP Config File for LIBJPEG
2025-04-12 14:09:46,353 [INFO] ApiDbMcu:508 - Load IP Config File for MBEDTLS
2025-04-12 14:09:46,357 [INFO] ApiDbMcu:508 - Load IP Config File for PDM2PCM
2025-04-12 14:09:46,429 [INFO] ApiDbMcu:508 - Load IP Config File for USB_DEVICE
2025-04-12 14:09:46,440 [INFO] ApiDbMcu:508 - Load IP Config File for USB_HOST
2025-04-12 14:09:46,846 [INFO] ProjectBuilder:5154 - Time for Generating toolchain IDE Files: 792mS.
2025-04-12 14:09:46,847 [INFO] ProjectBuilder:3146 - Time for Copy CMSIS : 1mS.
2025-04-12 14:09:46,848 [INFO] ProjectBuilder:3146 - Time for Copy CMSIS : 0mS.
2025-04-12 14:09:46,891 [INFO] UtilMem:75 - End LoadConfig() Used Memory: 874045512 Bytes (1073741824)
2025-04-12 14:09:46,926 [WARN] ThirdParty:833 - waiting for thirdparty lock release [change project]
2025-04-12 14:09:46,926 [INFO] ThirdParty:835 - entering critical section [change project]
2025-04-12 14:09:46,927 [INFO] ThirdParty:1030 - CMSIS Pack Vendor :STMicroelectronics USBPD 4.1
2025-04-12 14:09:46,927 [INFO] ThirdParty:1030 - CMSIS Pack Vendor :STMicroelectronics X-CUBE-AZRTOS-H7 3.3.0
2025-04-12 14:09:46,927 [INFO] ThirdParty:1030 - CMSIS Pack Vendor :STMicroelectronics X-CUBE-NFC9 1.0.0
2025-04-12 14:09:46,927 [INFO] ThirdParty:1030 - CMSIS Pack Vendor :STMicroelectronics USB_HOST 2.0.0
2025-04-12 14:09:46,927 [INFO] ThirdParty:1030 - CMSIS Pack Vendor :STMicroelectronics FP-SNS-MOTENVWB1 1.4.0
2025-04-12 14:09:46,927 [INFO] ThirdParty:1030 - CMSIS Pack Vendor :STMicroelectronics X-CUBE-AZRTOS-F4 1.1.0
2025-04-12 14:09:46,927 [INFO] ThirdParty:1030 - CMSIS Pack Vendor :STMicroelectronics LIBJPEG 8.0.0
2025-04-12 14:09:46,927 [INFO] ThirdParty:1030 - CMSIS Pack Vendor :STMicroelectronics FP-ATR-ASTRA1 2.0.2
2025-04-12 14:09:46,927 [INFO] ThirdParty:1030 - CMSIS Pack Vendor :STMicroelectronics X-CUBE-BLE1 7.1.0
2025-04-12 14:09:46,927 [INFO] ThirdParty:1030 - CMSIS Pack Vendor :Avnet-IotConnect X-CUBE-IoTC-DA16k-PMOD 1.0.0
2025-04-12 14:09:46,927 [INFO] ThirdParty:1030 - CMSIS Pack Vendor :STMicroelectronics X-CUBE-SMBUS 2.1.0
2025-04-12 14:09:46,928 [INFO] ThirdParty:1030 - CMSIS Pack Vendor :STMicroelectronics X-CUBE-WB05N 1.1.0
2025-04-12 14:09:46,928 [INFO] ThirdParty:1030 - CMSIS Pack Vendor :wolfSSL I-CUBE-wolfMQTT 1.19.2
2025-04-12 14:09:46,928 [INFO] ThirdParty:1030 - CMSIS Pack Vendor :STMicroelectronics USB_DEVICE 3.0.0
2025-04-12 14:09:46,928 [INFO] ThirdParty:1030 - CMSIS Pack Vendor :STMicroelectronics X-CUBE-ISPU 2.1.0
2025-04-12 14:09:46,928 [INFO] ThirdParty:1030 - CMSIS Pack Vendor :STMicroelectronics X-CUBE-AZRTOS-WB 2.0.0
2025-04-12 14:09:46,928 [INFO] ThirdParty:1030 - CMSIS Pack Vendor :STMicroelectronics X-CUBE-GNSS1 7.0.1
2025-04-12 14:09:46,928 [INFO] ThirdParty:1030 - CMSIS Pack Vendor :STMicroelectronics X-CUBE-AZRTOS-F7 1.1.0
2025-04-12 14:09:46,928 [INFO] ThirdParty:1030 - CMSIS Pack Vendor :STMicroelectronics X-CUBE-AZRTOS-L5 2.0.0
2025-04-12 14:09:46,928 [INFO] ThirdParty:1030 - CMSIS Pack Vendor :STMicroelectronics X-CUBE-TOUCHGFX 4.25.0
2025-04-12 14:09:46,928 [INFO] ThirdParty:1030 - CMSIS Pack Vendor :STMicroelectronics USB_DEVICE 2.0.0
2025-04-12 14:09:46,928 [INFO] ThirdParty:1030 - CMSIS Pack Vendor :STMicroelectronics X-CUBE-NFC6 3.1.0
2025-04-12 14:09:46,928 [INFO] ThirdParty:1030 - CMSIS Pack Vendor :STMicroelectronics FP-SNS-STBOX1 2.0.0
2025-04-12 14:09:46,928 [INFO] ThirdParty:1030 - CMSIS Pack Vendor :STMicroelectronics FreeRTOS 0.0.1
2025-04-12 14:09:46,928 [INFO] ThirdParty:1030 - CMSIS Pack Vendor :STMicroelectronics X-CUBE-AZRTOS-G0 1.1.0
2025-04-12 14:09:46,928 [INFO] ThirdParty:1030 - CMSIS Pack Vendor :STMicroelectronics X-CUBE-SAFEA1 1.2.2
2025-04-12 14:09:46,929 [INFO] ThirdParty:1030 - CMSIS Pack Vendor :STMicroelectronics X-CUBE-NFC4 3.0.0
2025-04-12 14:09:46,929 [INFO] ThirdParty:1030 - CMSIS Pack Vendor :STMicroelectronics X-CUBE-DPower 1.2.0
2025-04-12 14:09:46,929 [INFO] ThirdParty:1030 - CMSIS Pack Vendor :STMicroelectronics X-CUBE-SUBG2 5.0.0
2025-04-12 14:09:46,929 [INFO] ThirdParty:1030 - CMSIS Pack Vendor :STMicroelectronics X-CUBE-AZRTOS-H7RS 1.1.0
2025-04-12 14:09:46,930 [INFO] ThirdParty:1030 - CMSIS Pack Vendor :STMicroelectronics STM32_WPAN 1.0.0
2025-04-12 14:09:46,930 [INFO] ThirdParty:1030 - CMSIS Pack Vendor :EmbeddedOffice I-CUBE-FS-RTOS 1.0.1
2025-04-12 14:09:46,930 [INFO] ThirdParty:1030 - CMSIS Pack Vendor :STMicroelectronics lwIP 2.0.3
2025-04-12 14:09:46,930 [INFO] ThirdParty:1030 - CMSIS Pack Vendor :STMicroelectronics FP-SNS-FLIGHT1 5.0.2
2025-04-12 14:09:46,930 [INFO] ThirdParty:1030 - CMSIS Pack Vendor :Cesanta I-CUBE-Mongoose 7.13.0
2025-04-12 14:09:46,930 [INFO] ThirdParty:1030 - CMSIS Pack Vendor :STMicroelectronics USB_HOST 1.0.0
2025-04-12 14:09:46,930 [INFO] ThirdParty:1030 - CMSIS Pack Vendor :Infineon AIROC-Wi-Fi-Bluetooth-STM32 1.7.0
2025-04-12 14:09:46,930 [INFO] ThirdParty:1030 - CMSIS Pack Vendor :STMicroelectronics X-CUBE-AZRTOS-G4 2.0.0
2025-04-12 14:09:46,930 [INFO] ThirdParty:1030 - CMSIS Pack Vendor :STMicroelectronics PDM2PCM 3.1.0
2025-04-12 14:09:46,930 [INFO] ThirdParty:1030 - CMSIS Pack Vendor :STMicroelectronics PDM2PCM 3.3.0
2025-04-12 14:09:46,931 [INFO] ThirdParty:1030 - CMSIS Pack Vendor :wolfSSL I-CUBE-wolfTPM 3.8.0
2025-04-12 14:09:46,931 [INFO] ThirdParty:1030 - CMSIS Pack Vendor :STMicroelectronics X-CUBE-DISPLAY 3.0.0
2025-04-12 14:09:46,931 [INFO] ThirdParty:1030 - CMSIS Pack Vendor :wolfSSL I-CUBE-wolfSSH 1.4.20
2025-04-12 14:09:46,931 [INFO] ThirdParty:1030 - CMSIS Pack Vendor :STMicroelectronics X-CUBE-TCPP 4.2.0
2025-04-12 14:09:46,931 [INFO] ThirdParty:1030 - CMSIS Pack Vendor :RealThread X-CUBE-RT-Thread_Nano 4.1.1
2025-04-12 14:09:46,931 [INFO] ThirdParty:1030 - CMSIS Pack Vendor :STMicroelectronics X-CUBE-BLE1 7.0.0
2025-04-12 14:09:46,931 [INFO] ThirdParty:1030 - CMSIS Pack Vendor :STMicroelectronics FP-ATR-SIGFOX1 3.2.0
2025-04-12 14:09:46,931 [INFO] ThirdParty:1030 - CMSIS Pack Vendor :STMicroelectronics X-CUBE-NFC10 1.0.0
2025-04-12 14:09:46,931 [INFO] ThirdParty:1030 - CMSIS Pack Vendor :quantropi X-CUBE-qispace-sdk-base 1.9.3
2025-04-12 14:09:46,931 [INFO] ThirdParty:1030 - CMSIS Pack Vendor :STMicroelectronics X-CUBE-BLEMGR 4.0.0
2025-04-12 14:09:46,931 [INFO] ThirdParty:1030 - CMSIS Pack Vendor :STMicroelectronics X-CUBE-EEPRMA1 5.1.0
2025-04-12 14:09:46,931 [INFO] ThirdParty:1030 - CMSIS Pack Vendor :STMicroelectronics HAL Drivers 0.0.0
2025-04-12 14:09:46,931 [INFO] ThirdParty:1030 - CMSIS Pack Vendor :STMicroelectronics MBEDTLS 2.16.2
2025-04-12 14:09:46,932 [INFO] ThirdParty:1030 - CMSIS Pack Vendor :STMicroelectronics X-CUBE-IPS 3.1.0
2025-04-12 14:09:46,932 [INFO] ThirdParty:1030 - CMSIS Pack Vendor :STMicroelectronics X-CUBE-ALS 1.0.2
2025-04-12 14:09:46,932 [INFO] ThirdParty:1030 - CMSIS Pack Vendor :emotas I-CUBE-CANOPEN 1.3.0
2025-04-12 14:09:46,932 [INFO] ThirdParty:1030 - CMSIS Pack Vendor :STMicroelectronics X-CUBE-FREERTOS 1.3.0
2025-04-12 14:09:46,932 [INFO] ThirdParty:1030 - CMSIS Pack Vendor :STMicroelectronics X-CUBE-NFC7 1.0.1
2025-04-12 14:09:46,932 [INFO] ThirdParty:1030 - CMSIS Pack Vendor :STMicroelectronics MBEDTLS 2.14.1
2025-04-12 14:09:46,932 [INFO] ThirdParty:1030 - CMSIS Pack Vendor :wolfSSL I-CUBE-wolfSSL 5.7.6
2025-04-12 14:09:46,932 [INFO] ThirdParty:1030 - CMSIS Pack Vendor :ITTIA_DB I-CUBE-ITTIADB 8.9.0
2025-04-12 14:09:46,932 [INFO] ThirdParty:1030 - CMSIS Pack Vendor :STMicroelectronics X-CUBE-TOUCHGFX 4.24.2
2025-04-12 14:09:46,932 [INFO] ThirdParty:1030 - CMSIS Pack Vendor :portGmbH I-Cube-SoM-uGOAL 1.1.0
2025-04-12 14:09:46,932 [INFO] ThirdParty:1030 - CMSIS Pack Vendor :STMicroelectronics X-CUBE-AI 10.0.0
2025-04-12 14:09:46,932 [INFO] ThirdParty:1030 - CMSIS Pack Vendor :STMicroelectronics ThreadX 1.0.0
2025-04-12 14:09:46,932 [INFO] ThirdParty:1030 - CMSIS Pack Vendor :STMicroelectronics FP-SNS-SMARTAG2 1.2.0
2025-04-12 14:09:46,932 [INFO] ThirdParty:1030 - CMSIS Pack Vendor :STMicroelectronics FP-SNS-FLIGHT1 5.1.0
2025-04-12 14:09:46,932 [INFO] ThirdParty:1030 - CMSIS Pack Vendor :STMicroelectronics X-CUBE-MEMS1 11.1.0
2025-04-12 14:09:46,932 [INFO] ThirdParty:1030 - CMSIS Pack Vendor :STMicroelectronics X-CUBE-AZRTOS-WL 2.0.0
2025-04-12 14:09:46,932 [INFO] ThirdParty:1030 - CMSIS Pack Vendor :SEGGER I-CUBE-embOS 1.3.1
2025-04-12 14:09:46,933 [INFO] ThirdParty:1030 - CMSIS Pack Vendor :STMicroelectronics X-CUBE-ALGOBUILD 1.4.0
2025-04-12 14:09:46,933 [INFO] ThirdParty:1030 - CMSIS Pack Vendor :STMicroelectronics X-CUBE-DPower 1.3.0
2025-04-12 14:09:46,933 [INFO] ThirdParty:1030 - CMSIS Pack Vendor :STMicroelectronics FP-SNS-MOTENV1 5.0.0
2025-04-12 14:09:46,933 [INFO] ThirdParty:1030 - CMSIS Pack Vendor :STMicroelectronics USB_DEVICE 1.0.0
2025-04-12 14:09:46,933 [INFO] ThirdParty:1030 - CMSIS Pack Vendor :STMicroelectronics X-CUBE-AZRTOS-H7RS 1.0.0
2025-04-12 14:09:46,933 [INFO] ThirdParty:1030 - CMSIS Pack Vendor :STMicroelectronics X-CUBE-AZRTOS-L4 2.0.0
2025-04-12 14:09:46,933 [INFO] ThirdParty:1030 - CMSIS Pack Vendor :STMicroelectronics ThreadX 0.0.2
2025-04-12 14:09:46,933 [INFO] ThirdParty:1030 - CMSIS Pack Vendor :WES I-CUBE-Cesium 1.3.0
2025-04-12 14:09:46,933 [INFO] ThirdParty:1030 - CMSIS Pack Vendor :STMicroelectronics lwIP 2.1.2
2025-04-12 14:09:46,933 [INFO] ThirdParty:1030 - CMSIS Pack Vendor :STMicroelectronics X-CUBE-SFXS2LP1 4.0.0
2025-04-12 14:09:46,933 [INFO] ThirdParty:1030 - CMSIS Pack Vendor :STMicroelectronics X-CUBE-BLE2 3.3.0
2025-04-12 14:09:46,933 [INFO] ThirdParty:1030 - CMSIS Pack Vendor :STMicroelectronics X-CUBE-TOF1 3.4.2
2025-04-12 14:09:46,933 [INFO] ThirdParty:1030 - CMSIS Pack Vendor :STMicroelectronics PDM2PCM 3.2.0
2025-04-12 14:09:46,934 [INFO] ThirdParty:841 - exiting critical section [change project]
2025-04-12 14:09:47,155 [INFO] PinOutPanel:1589 - setPackage(No Configuration,No Configuration)
2025-04-12 14:09:47,156 [INFO] PinOutPanel:1589 - setPackage(STM32F411RETx,LQFP64)
2025-04-12 14:09:47,476 [INFO] UtilMem:75 - Before build in PCC Used Memory: 850620288 Bytes (1073741824)
2025-04-12 14:09:47,682 [INFO] MainUpdater:2872 - connection check result : 10
2025-04-12 14:09:47,682 [INFO] MainUpdater:2872 - connection check result : 10
2025-04-12 14:09:48,081 [INFO] UtilMem:75 - End SaveConfig() Used Memory: 903571328 Bytes (1073741824)
2025-04-12 14:09:48,130 [INFO] UtilMem:75 - End SaveConfig() Used Memory: 908291968 Bytes (1073741824)
2025-04-12 14:09:48,324 [INFO] ProjectBuilder:2363 - IP not ready for code generation: NVIC
2025-04-12 14:09:48,324 [INFO] ProjectBuilder:2363 - IP not ready for code generation: RCC
2025-04-12 14:09:48,324 [INFO] ProjectBuilder:2363 - IP not ready for code generation: USART2
2025-04-12 14:09:48,745 [INFO] UtilMem:75 - After build in PCC Used Memory: 861307504 Bytes (1073741824)
2025-04-12 14:09:48,792 [INFO] IPUIPlugin:80 - create IPUIPlugin
2025-04-12 14:09:48,792 [INFO] IPUIPlugin:80 - create IPUIPlugin
2025-04-12 14:09:48,792 [INFO] IPUIPlugin:80 - create IPUIPlugin
2025-04-12 14:09:48,792 [INFO] IPUIPlugin:80 - create IPUIPlugin
2025-04-12 14:09:48,793 [INFO] IPUIPlugin:80 - create IPUIPlugin
2025-04-12 14:09:48,793 [INFO] IPUIPlugin:80 - create IPUIPlugin
2025-04-12 14:09:48,793 [INFO] IPUIPlugin:80 - create IPUIPlugin
2025-04-12 14:09:48,793 [INFO] IPUIPlugin:80 - create IPUIPlugin
2025-04-12 14:09:48,793 [INFO] IPUIPlugin:80 - create IPUIPlugin
2025-04-12 14:09:48,794 [INFO] IPUIPlugin:80 - create IPUIPlugin
2025-04-12 14:09:48,794 [INFO] IPUIPlugin:80 - create IPUIPlugin
2025-04-12 14:09:48,794 [INFO] IPUIPlugin:80 - create IPUIPlugin
2025-04-12 14:09:48,794 [INFO] IPUIPlugin:80 - create IPUIPlugin
2025-04-12 14:09:48,794 [INFO] IPUIPlugin:80 - create IPUIPlugin
2025-04-12 14:09:48,795 [INFO] IPUIPlugin:80 - create IPUIPlugin
2025-04-12 14:09:48,796 [INFO] IPUIPlugin:80 - create IPUIPlugin
2025-04-12 14:09:48,796 [INFO] IPUIPlugin:80 - create IPUIPlugin
2025-04-12 14:09:48,796 [INFO] IPUIPlugin:80 - create IPUIPlugin
2025-04-12 14:09:48,796 [INFO] IPUIPlugin:80 - create IPUIPlugin
2025-04-12 14:09:48,797 [INFO] IPUIPlugin:80 - create IPUIPlugin
2025-04-12 14:09:48,797 [INFO] IPUIPlugin:80 - create IPUIPlugin
2025-04-12 14:09:48,798 [INFO] IPUIPlugin:80 - create IPUIPlugin
2025-04-12 14:09:48,798 [INFO] IPUIPlugin:80 - create IPUIPlugin
2025-04-12 14:09:48,799 [INFO] IPUIPlugin:80 - create IPUIPlugin
2025-04-12 14:09:48,799 [INFO] IPUIPlugin:80 - create IPUIPlugin
2025-04-12 14:09:48,799 [INFO] IPUIPlugin:80 - create IPUIPlugin
2025-04-12 14:09:48,800 [INFO] IPUIPlugin:80 - create IPUIPlugin
2025-04-12 14:09:48,800 [INFO] IPUIPlugin:80 - create IPUIPlugin
2025-04-12 14:09:48,800 [INFO] IPUIPlugin:80 - create IPUIPlugin
2025-04-12 14:09:48,801 [INFO] IPUIPlugin:80 - create IPUIPlugin
2025-04-12 14:09:48,801 [INFO] IPUIPlugin:80 - create IPUIPlugin
2025-04-12 14:09:48,802 [INFO] IPUIPlugin:80 - create IPUIPlugin
2025-04-12 14:09:48,802 [INFO] IPUIPlugin:80 - create IPUIPlugin
2025-04-12 14:09:48,802 [INFO] IPUIPlugin:80 - create IPUIPlugin
2025-04-12 14:09:48,803 [INFO] IPUIPlugin:80 - create IPUIPlugin
2025-04-12 14:09:48,803 [INFO] IPUIPlugin:80 - create IPUIPlugin
2025-04-12 14:09:48,804 [INFO] IPUIPlugin:80 - create IPUIPlugin
2025-04-12 14:09:48,804 [INFO] IPUIPlugin:80 - create IPUIPlugin
2025-04-12 14:09:48,805 [INFO] IPUIPlugin:80 - create IPUIPlugin
2025-04-12 14:09:48,805 [INFO] IPUIPlugin:80 - create IPUIPlugin
2025-04-12 14:09:48,806 [INFO] IPUIPlugin:80 - create IPUIPlugin
2025-04-12 14:09:48,806 [INFO] IPUIPlugin:80 - create IPUIPlugin
2025-04-12 14:09:48,807 [INFO] IPUIPlugin:80 - create IPUIPlugin
2025-04-12 14:09:48,837 [INFO] CADModel:165 - CPN selected for project levelSTM32F411RET6
2025-04-12 14:09:48,837 [INFO] CADModel:114 - Register for checkConnection events
2025-04-12 14:09:50,225 [INFO] BlockDiagram:2766 - set Specific Code input for plugin: NVIC
2025-04-12 14:09:50,226 [INFO] BlockDiagram:2766 - set Specific Code input for plugin: USART
2025-04-12 14:09:50,226 [INFO] BlockDiagram:2766 - set Specific Code input for plugin: SYS
2025-04-12 14:09:50,226 [INFO] BlockDiagram:2766 - set Specific Code input for plugin: GPIO
2025-04-12 14:09:50,226 [INFO] BlockDiagram:2766 - set Specific Code input for plugin: RCC
2025-04-12 14:09:50,227 [INFO] CodeGenerator:896 - code generatio: config db path: C:\ST\STM32CubeIDE_1.17.0\STM32CubeIDE\plugins\com.st.stm32cube.common.mx_6.13.0.202411220809\\db\
2025-04-12 14:09:50,290 [INFO] CodeEngine:255 - oldGeneratedFile, C:\Users\Flori\Documents\Project\Tech\IT\firmware-development\NucleoF411RE-ApplicationShield\test\MXTmpFiles\license.tmp_save
2025-04-12 14:09:50,378 [INFO] CodeEngine:279 - Generated code: C:\Users\Flori\Documents\Project\Tech\IT\firmware-development\NucleoF411RE-ApplicationShield\test\MXTmpFiles\license.tmp
2025-04-12 14:09:50,401 [INFO] CodeEngine:255 - oldGeneratedFile, C:\Users\Flori\Documents\Project\Tech\IT\firmware-development\NucleoF411RE-ApplicationShield\test\MXTmpFiles\gpio.tmp_save
2025-04-12 14:09:50,495 [INFO] CodeEngine:279 - Generated code: C:\Users\Flori\Documents\Project\Tech\IT\firmware-development\NucleoF411RE-ApplicationShield\test\MXTmpFiles\gpio.tmp
2025-04-12 14:09:50,559 [INFO] CodeEngine:255 - oldGeneratedFile, C:\Users\Flori\Documents\Project\Tech\IT\firmware-development\NucleoF411RE-ApplicationShield\test\Core\Src\stm32f4xx_it.c_save
2025-04-12 14:09:50,638 [INFO] CodeEngine:279 - Generated code: C:\Users\Flori\Documents\Project\Tech\IT\firmware-development\NucleoF411RE-ApplicationShield\test\Core\Src\stm32f4xx_it.c
2025-04-12 14:09:50,644 [INFO] CodeEngine:255 - oldGeneratedFile, C:\Users\Flori\Documents\Project\Tech\IT\firmware-development\NucleoF411RE-ApplicationShield\test\Core\Inc\stm32f4xx_it.h_save
2025-04-12 14:09:50,699 [INFO] CodeEngine:279 - Generated code: C:\Users\Flori\Documents\Project\Tech\IT\firmware-development\NucleoF411RE-ApplicationShield\test\Core\Inc\stm32f4xx_it.h
2025-04-12 14:09:50,726 [INFO] CodeEngine:255 - oldGeneratedFile, C:\Users\Flori\Documents\Project\Tech\IT\firmware-development\NucleoF411RE-ApplicationShield\test\Core\Src\stm32f4xx_hal_msp.c_save
2025-04-12 14:09:50,810 [INFO] CodeEngine:279 - Generated code: C:\Users\Flori\Documents\Project\Tech\IT\firmware-development\NucleoF411RE-ApplicationShield\test\Core\Src\stm32f4xx_hal_msp.c
2025-04-12 14:09:50,814 [INFO] CodeEngine:255 - oldGeneratedFile, C:\Users\Flori\Documents\Project\Tech\IT\firmware-development\NucleoF411RE-ApplicationShield\test\MXTmpFiles\system.tmp_save
2025-04-12 14:09:50,862 [INFO] CodeEngine:279 - Generated code: C:\Users\Flori\Documents\Project\Tech\IT\firmware-development\NucleoF411RE-ApplicationShield\test\MXTmpFiles\system.tmp
2025-04-12 14:09:50,881 [INFO] CodeEngine:311 - oldGeneratedFile, C:\Users\Flori\Documents\Project\Tech\IT\firmware-development\NucleoF411RE-ApplicationShield\test\Core\Inc\stm32f4xx_hal_conf.h_save
2025-04-12 14:09:50,983 [INFO] CodeEngine:335 - Generated code: C:\Users\Flori\Documents\Project\Tech\IT\firmware-development\NucleoF411RE-ApplicationShield\test\Core\Inc\stm32f4xx_hal_conf.h
2025-04-12 14:09:51,041 [INFO] CodeEngine:255 - oldGeneratedFile, C:\Users\Flori\Documents\Project\Tech\IT\firmware-development\NucleoF411RE-ApplicationShield\test\Core\Inc\main.h_save
2025-04-12 14:09:51,124 [INFO] CodeEngine:279 - Generated code: C:\Users\Flori\Documents\Project\Tech\IT\firmware-development\NucleoF411RE-ApplicationShield\test\Core\Inc\main.h
2025-04-12 14:09:51,139 [INFO] CodeEngine:255 - oldGeneratedFile, C:\Users\Flori\Documents\Project\Tech\IT\firmware-development\NucleoF411RE-ApplicationShield\test\Core\Src\main.c_save
2025-04-12 14:09:51,216 [INFO] CodeEngine:279 - Generated code: C:\Users\Flori\Documents\Project\Tech\IT\firmware-development\NucleoF411RE-ApplicationShield\test\Core\Src\main.c
2025-04-12 14:09:51,499 [INFO] ProjectBuilder:3289 - Time for Copy HAL[1] : 133mS.
2025-04-12 14:09:51,502 [INFO] ProjectBuilder:4876 - Project Generator version: 4.5.0-RC5
2025-04-12 14:09:51,573 [INFO] ConfigFileManager:1579 - The Die is : DIE431
2025-04-12 14:09:51,749 [ERROR] ConfigFileManager:2448 - 
java.io.FileNotFoundException: C:\Users\Flori\Documents\Project\Tech\IT\firmware-development\NucleoF411RE-ApplicationShield\nucleo-AppShield\mx.scratch (The system cannot find the path specified)
	at java.io.FileOutputStream.open0(Native Method) ~[?:?]
	at java.io.FileOutputStream.open(FileOutputStream.java:289) ~[?:?]
	at java.io.FileOutputStream.<init>(FileOutputStream.java:230) ~[?:?]
	at java.io.FileOutputStream.<init>(FileOutputStream.java:179) ~[?:?]
	at java.io.FileWriter.<init>(FileWriter.java:98) ~[?:?]
	at com.st.microxplorer.plugins.projectmanager.model.ConfigFileManager.createTmpFile(ConfigFileManager.java:2436) ~[filemanager.jar:?]
	at com.st.microxplorer.plugins.projectmanager.engine.ProjectBuilder.createToolChainFolders(ProjectBuilder.java:5073) ~[filemanager.jar:?]
	at com.st.microxplorer.plugins.projectmanager.engine.ProjectBuilder.createProject(ProjectBuilder.java:975) ~[filemanager.jar:?]
	at com.st.microxplorer.plugins.projectmanager.engine.ProjectBuilder.createProject(ProjectBuilder.java:598) ~[filemanager.jar:?]
	at com.st.microxplorer.plugins.projectmanager.engine.MainProjectManager.startGenerateCode(MainProjectManager.java:1458) ~[filemanager.jar:?]
	at com.st.stm32cube.common.mx.editor.CubeMxEditor.doGenerate(CubeMxEditor.java:2582) ~[com.st.stm32cube.common.mx_6.13.0.202411220809/:?]
	at com.st.stm32cube.common.mx.editor.CubeMxEditor$22.run(CubeMxEditor.java:2282) ~[com.st.stm32cube.common.mx_6.13.0.202411220809/:?]
	at com.st.stm32cube.common.mx.oss.core.awtswtbridge.AwtEnvironment$2.run(AwtEnvironment.java:166) ~[com.st.stm32cube.common.mx.oss_6.13.0.202411220809/:?]
	at java.awt.event.InvocationEvent.dispatch(InvocationEvent.java:318) ~[?:?]
	at java.awt.EventQueue.dispatchEventImpl(EventQueue.java:773) ~[?:?]
	at java.awt.EventQueue$4.run(EventQueue.java:720) ~[?:?]
	at java.awt.EventQueue$4.run(EventQueue.java:714) ~[?:?]
	at java.security.AccessController.doPrivileged(AccessController.java:400) ~[?:?]
	at java.security.ProtectionDomain$JavaSecurityAccessImpl.doIntersectionPrivilege(ProtectionDomain.java:87) ~[?:?]
	at java.awt.EventQueue.dispatchEvent(EventQueue.java:742) ~[?:?]
	at java.awt.EventDispatchThread.pumpOneEventForFilters(EventDispatchThread.java:203) ~[?:?]
	at java.awt.EventDispatchThread.pumpEventsForFilter(EventDispatchThread.java:124) ~[?:?]
	at java.awt.EventDispatchThread.pumpEventsForFilter(EventDispatchThread.java:117) ~[?:?]
	at java.awt.WaitDispatchSupport$2.run(WaitDispatchSupport.java:191) ~[?:?]
	at java.awt.WaitDispatchSupport$4.run(WaitDispatchSupport.java:236) ~[?:?]
	at java.awt.WaitDispatchSupport$4.run(WaitDispatchSupport.java:234) ~[?:?]
	at java.security.AccessController.doPrivileged(AccessController.java:319) ~[?:?]
	at java.awt.WaitDispatchSupport.enter(WaitDispatchSupport.java:234) ~[?:?]
	at java.awt.Dialog.show(Dialog.java:1079) ~[?:?]
	at java.awt.Component.show(Component.java:1728) ~[?:?]
	at java.awt.Component.setVisible(Component.java:1675) ~[?:?]
	at java.awt.Window.setVisible(Window.java:1036) ~[?:?]
	at java.awt.Dialog.setVisible(Dialog.java:1015) ~[?:?]
	at com.st.components.swing.GuiUtils.showOptionDialog(GuiUtils.java:84) ~[STM32CubeMX.jar:?]
	at com.st.microxplorer.plugins.filemanager.engine.MainFileManager.askToCancel(MainFileManager.java:883) ~[filemanager.jar:?]
	at com.st.microxplorer.plugins.filemanager.engine.MainFileManager.userLoadConfig(MainFileManager.java:336) ~[filemanager.jar:?]
	at com.st.microxplorer.plugins.filemanager.FileManagerView.getSpecificTask(FileManagerView.java:250) ~[filemanager.jar:?]
	at com.st.stm32cube.common.mx.editor.CubeMxEditor.getMxTabbedPaneInstance(CubeMxEditor.java:1191) ~[com.st.stm32cube.common.mx_6.13.0.202411220809/:?]
	at com.st.stm32cube.common.mx.editor.CubeMxEditor$12$1.createSwingComponent(CubeMxEditor.java:1068) ~[com.st.stm32cube.common.mx_6.13.0.202411220809/:?]
	at com.st.stm32cube.common.mx.oss.core.awtswtbridge.EmbeddedSwingComposite.doComponentCreation(EmbeddedSwingComposite.java:492) ~[com.st.stm32cube.common.mx.oss_6.13.0.202411220809/:?]
	at com.st.stm32cube.common.mx.oss.core.awtswtbridge.EmbeddedSwingComposite$4.run(EmbeddedSwingComposite.java:291) ~[com.st.stm32cube.common.mx.oss_6.13.0.202411220809/:?]
	at com.st.stm32cube.common.mx.oss.core.awtswtbridge.AwtEnvironment$2.run(AwtEnvironment.java:166) ~[com.st.stm32cube.common.mx.oss_6.13.0.202411220809/:?]
	at java.awt.event.InvocationEvent.dispatch(InvocationEvent.java:318) ~[?:?]
	at java.awt.EventQueue.dispatchEventImpl(EventQueue.java:773) ~[?:?]
	at java.awt.EventQueue$4.run(EventQueue.java:720) ~[?:?]
	at java.awt.EventQueue$4.run(EventQueue.java:714) ~[?:?]
	at java.security.AccessController.doPrivileged(AccessController.java:400) ~[?:?]
	at java.security.ProtectionDomain$JavaSecurityAccessImpl.doIntersectionPrivilege(ProtectionDomain.java:87) ~[?:?]
	at java.awt.EventQueue.dispatchEvent(EventQueue.java:742) ~[?:?]
	at java.awt.EventDispatchThread.pumpOneEventForFilters(EventDispatchThread.java:203) ~[?:?]
	at java.awt.EventDispatchThread.pumpEventsForFilter(EventDispatchThread.java:124) ~[?:?]
	at java.awt.EventDispatchThread.pumpEventsForFilter(EventDispatchThread.java:117) ~[?:?]
	at java.awt.WaitDispatchSupport$2.run(WaitDispatchSupport.java:191) ~[?:?]
	at java.awt.WaitDispatchSupport$4.run(WaitDispatchSupport.java:236) ~[?:?]
	at java.awt.WaitDispatchSupport$4.run(WaitDispatchSupport.java:234) ~[?:?]
	at java.security.AccessController.doPrivileged(AccessController.java:319) ~[?:?]
	at java.awt.WaitDispatchSupport.enter(WaitDispatchSupport.java:234) ~[?:?]
	at java.awt.Dialog.show(Dialog.java:1079) ~[?:?]
	at java.awt.Component.show(Component.java:1728) ~[?:?]
	at java.awt.Component.setVisible(Component.java:1675) ~[?:?]
	at java.awt.Window.setVisible(Window.java:1036) ~[?:?]
	at java.awt.Dialog.setVisible(Dialog.java:1015) ~[?:?]
	at com.st.microxplorer.util.ProcessBarDialog.doAction(ProcessBarDialog.java:173) ~[STM32CubeMX.jar:?]
	at com.st.microxplorer.mxsystem.MxSystem.completeLoadConfig(MxSystem.java:828) ~[STM32CubeMX.jar:?]
	at com.st.microxplorer.plugins.filemanager.engine.OpenFileManager.LoadConfig(OpenFileManager.java:355) ~[filemanager.jar:?]
	at com.st.microxplorer.plugins.filemanager.engine.OpenFileManager.loadConfigurationFile(OpenFileManager.java:269) ~[filemanager.jar:?]
	at com.st.microxplorer.plugins.filemanager.engine.MainFileManager.userLoadConfig(MainFileManager.java:340) ~[filemanager.jar:?]
	at com.st.microxplorer.plugins.filemanager.FileManagerView.getSpecificTask(FileManagerView.java:250) ~[filemanager.jar:?]
	at com.st.stm32cube.common.mx.editor.CubeMxEditor.getMxTabbedPaneInstance(CubeMxEditor.java:1191) ~[com.st.stm32cube.common.mx_6.13.0.202411220809/:?]
	at com.st.stm32cube.common.mx.editor.CubeMxEditor$12$1.createSwingComponent(CubeMxEditor.java:1068) ~[com.st.stm32cube.common.mx_6.13.0.202411220809/:?]
	at com.st.stm32cube.common.mx.oss.core.awtswtbridge.EmbeddedSwingComposite.doComponentCreation(EmbeddedSwingComposite.java:492) ~[com.st.stm32cube.common.mx.oss_6.13.0.202411220809/:?]
	at com.st.stm32cube.common.mx.oss.core.awtswtbridge.EmbeddedSwingComposite$4.run(EmbeddedSwingComposite.java:291) ~[com.st.stm32cube.common.mx.oss_6.13.0.202411220809/:?]
	at com.st.stm32cube.common.mx.oss.core.awtswtbridge.AwtEnvironment$2.run(AwtEnvironment.java:166) ~[com.st.stm32cube.common.mx.oss_6.13.0.202411220809/:?]
	at java.awt.event.InvocationEvent.dispatch(InvocationEvent.java:318) ~[?:?]
	at java.awt.EventQueue.dispatchEventImpl(EventQueue.java:773) ~[?:?]
	at java.awt.EventQueue$4.run(EventQueue.java:720) ~[?:?]
	at java.awt.EventQueue$4.run(EventQueue.java:714) ~[?:?]
	at java.security.AccessController.doPrivileged(AccessController.java:400) ~[?:?]
	at java.security.ProtectionDomain$JavaSecurityAccessImpl.doIntersectionPrivilege(ProtectionDomain.java:87) ~[?:?]
	at java.awt.EventQueue.dispatchEvent(EventQueue.java:742) ~[?:?]
	at java.awt.EventDispatchThread.pumpOneEventForFilters(EventDispatchThread.java:203) ~[?:?]
	at java.awt.EventDispatchThread.pumpEventsForFilter(EventDispatchThread.java:124) ~[?:?]
	at java.awt.EventDispatchThread.pumpEventsForHierarchy(EventDispatchThread.java:113) ~[?:?]
	at java.awt.EventDispatchThread.pumpEvents(EventDispatchThread.java:109) ~[?:?]
	at java.awt.EventDispatchThread.pumpEvents(EventDispatchThread.java:101) ~[?:?]
	at java.awt.EventDispatchThread.run(EventDispatchThread.java:90) ~[?:?]
2025-04-12 14:09:51,754 [ERROR] LogOutputStream:75 - [STDERR_REDIRECT] java.io.FileNotFoundException: C:\Users\Flori\Documents\Project\Tech\IT\firmware-development\NucleoF411RE-ApplicationShield\nucleo-AppShield\mx.scratch (The system cannot find the path specified)
2025-04-12 14:09:51,756 [ERROR] LogOutputStream:75 - [STDERR_REDIRECT] 	at java.base/java.io.FileInputStream.open0(Native Method)
2025-04-12 14:09:51,757 [ERROR] LogOutputStream:75 - [STDERR_REDIRECT] 	at java.base/java.io.FileInputStream.open(FileInputStream.java:213)
2025-04-12 14:09:51,759 [ERROR] LogOutputStream:75 - [STDERR_REDIRECT] 	at java.base/java.io.FileInputStream.<init>(FileInputStream.java:152)
2025-04-12 14:09:51,760 [ERROR] LogOutputStream:75 - [STDERR_REDIRECT] 	at com.st.stm32cube.ide.common.services.mx.core.scratchfile.parser.CubeScratchFileBaseParser.<init>(CubeScratchFileBaseParser.java:56)
2025-04-12 14:09:51,763 [ERROR] LogOutputStream:75 - [STDERR_REDIRECT] 	at com.st.stm32cube.ide.common.services.mx.core.scratchfile.parser.CubeScratchFileParserFactory.createCubeScratchFileParser(CubeScratchFileParserFactory.java:43)
2025-04-12 14:09:51,765 [ERROR] LogOutputStream:75 - [STDERR_REDIRECT] 	at com.st.stm32cube.ide.mcu.ide.process.MxIdePlugInProjectGeneratorAbstract.doExecute(MxIdePlugInProjectGeneratorAbstract.java:288)
2025-04-12 14:09:51,767 [ERROR] LogOutputStream:75 - [STDERR_REDIRECT] 	at com.st.stm32cube.ide.mcu.ide.process.MxIdePlugInProjectGeneratorAbstract.doGenerate(MxIdePlugInProjectGeneratorAbstract.java:248)
2025-04-12 14:09:51,769 [ERROR] LogOutputStream:75 - [STDERR_REDIRECT] 	at com.st.stm32cube.ide.mcu.ide.process.MxIdePlugInProjectGeneratorAbstract.generate(MxIdePlugInProjectGeneratorAbstract.java:90)
2025-04-12 14:09:51,771 [ERROR] LogOutputStream:75 - [STDERR_REDIRECT] 	at java.base/jdk.internal.reflect.DirectMethodHandleAccessor.invoke(DirectMethodHandleAccessor.java:103)
2025-04-12 14:09:51,772 [ERROR] LogOutputStream:75 - [STDERR_REDIRECT] 	at java.base/java.lang.reflect.Method.invoke(Method.java:580)
2025-04-12 14:09:51,774 [ERROR] LogOutputStream:75 - [STDERR_REDIRECT] 	at com.st.microxplorer.plugins.projectmanager.model.ToolchainGenerator.CallMethod(ToolchainGenerator.java:383)
2025-04-12 14:09:51,776 [ERROR] LogOutputStream:75 - [STDERR_REDIRECT] 	at com.st.microxplorer.plugins.projectmanager.model.ToolchainGenerator.generate(ToolchainGenerator.java:505)
2025-04-12 14:09:51,778 [ERROR] LogOutputStream:75 - [STDERR_REDIRECT] 	at com.st.microxplorer.plugins.projectmanager.engine.ProjectBuilder.createToolChainFolders(ProjectBuilder.java:5074)
2025-04-12 14:09:51,779 [ERROR] LogOutputStream:75 - [STDERR_REDIRECT] 	at com.st.microxplorer.plugins.projectmanager.engine.ProjectBuilder.createProject(ProjectBuilder.java:975)
2025-04-12 14:09:51,781 [ERROR] LogOutputStream:75 - [STDERR_REDIRECT] 	at com.st.microxplorer.plugins.projectmanager.engine.ProjectBuilder.createProject(ProjectBuilder.java:598)
2025-04-12 14:09:51,783 [ERROR] LogOutputStream:75 - [STDERR_REDIRECT] 	at com.st.microxplorer.plugins.projectmanager.engine.MainProjectManager.startGenerateCode(MainProjectManager.java:1458)
2025-04-12 14:09:51,784 [ERROR] LogOutputStream:75 - [STDERR_REDIRECT] 	at com.st.stm32cube.common.mx.editor.CubeMxEditor.doGenerate(CubeMxEditor.java:2582)
2025-04-12 14:09:51,785 [ERROR] LogOutputStream:75 - [STDERR_REDIRECT] 	at com.st.stm32cube.common.mx.editor.CubeMxEditor$22.run(CubeMxEditor.java:2282)
2025-04-12 14:09:51,787 [ERROR] LogOutputStream:75 - [STDERR_REDIRECT] 	at com.st.stm32cube.common.mx.oss.core.awtswtbridge.AwtEnvironment$2.run(AwtEnvironment.java:166)
2025-04-12 14:09:51,789 [ERROR] LogOutputStream:75 - [STDERR_REDIRECT] 	at java.desktop/java.awt.event.InvocationEvent.dispatch(InvocationEvent.java:318)
2025-04-12 14:09:51,790 [ERROR] LogOutputStream:75 - [STDERR_REDIRECT] 	at java.desktop/java.awt.EventQueue.dispatchEventImpl(EventQueue.java:773)
2025-04-12 14:09:51,792 [ERROR] LogOutputStream:75 - [STDERR_REDIRECT] 	at java.desktop/java.awt.EventQueue$4.run(EventQueue.java:720)
2025-04-12 14:09:51,793 [ERROR] LogOutputStream:75 - [STDERR_REDIRECT] 	at java.desktop/java.awt.EventQueue$4.run(EventQueue.java:714)
2025-04-12 14:09:51,794 [ERROR] LogOutputStream:75 - [STDERR_REDIRECT] 	at java.base/java.security.AccessController.doPrivileged(AccessController.java:400)
2025-04-12 14:09:51,796 [ERROR] LogOutputStream:75 - [STDERR_REDIRECT] 	at java.base/java.security.ProtectionDomain$JavaSecurityAccessImpl.doIntersectionPrivilege(ProtectionDomain.java:87)
2025-04-12 14:09:51,797 [ERROR] LogOutputStream:75 - [STDERR_REDIRECT] 	at java.desktop/java.awt.EventQueue.dispatchEvent(EventQueue.java:742)
2025-04-12 14:09:51,799 [ERROR] LogOutputStream:75 - [STDERR_REDIRECT] 	at java.desktop/java.awt.EventDispatchThread.pumpOneEventForFilters(EventDispatchThread.java:203)
2025-04-12 14:09:51,800 [ERROR] LogOutputStream:75 - [STDERR_REDIRECT] 	at java.desktop/java.awt.EventDispatchThread.pumpEventsForFilter(EventDispatchThread.java:124)
2025-04-12 14:09:51,802 [ERROR] LogOutputStream:75 - [STDERR_REDIRECT] 	at java.desktop/java.awt.EventDispatchThread.pumpEventsForFilter(EventDispatchThread.java:117)
2025-04-12 14:09:51,803 [ERROR] LogOutputStream:75 - [STDERR_REDIRECT] 	at java.desktop/java.awt.WaitDispatchSupport$2.run(WaitDispatchSupport.java:191)
2025-04-12 14:09:51,806 [ERROR] LogOutputStream:75 - [STDERR_REDIRECT] 	at java.desktop/java.awt.WaitDispatchSupport$4.run(WaitDispatchSupport.java:236)
2025-04-12 14:09:51,809 [ERROR] LogOutputStream:75 - [STDERR_REDIRECT] 	at java.desktop/java.awt.WaitDispatchSupport$4.run(WaitDispatchSupport.java:234)
2025-04-12 14:09:51,811 [ERROR] LogOutputStream:75 - [STDERR_REDIRECT] 	at java.base/java.security.AccessController.doPrivileged(AccessController.java:319)
2025-04-12 14:09:51,812 [ERROR] LogOutputStream:75 - [STDERR_REDIRECT] 	at java.desktop/java.awt.WaitDispatchSupport.enter(WaitDispatchSupport.java:234)
2025-04-12 14:09:51,814 [ERROR] LogOutputStream:75 - [STDERR_REDIRECT] 	at java.desktop/java.awt.Dialog.show(Dialog.java:1079)
2025-04-12 14:09:51,814 [ERROR] LogOutputStream:75 - [STDERR_REDIRECT] 	at java.desktop/java.awt.Component.show(Component.java:1728)
2025-04-12 14:09:51,815 [ERROR] LogOutputStream:75 - [STDERR_REDIRECT] 	at java.desktop/java.awt.Component.setVisible(Component.java:1675)
2025-04-12 14:09:51,817 [ERROR] LogOutputStream:75 - [STDERR_REDIRECT] 	at java.desktop/java.awt.Window.setVisible(Window.java:1036)
2025-04-12 14:09:51,819 [ERROR] LogOutputStream:75 - [STDERR_REDIRECT] 	at java.desktop/java.awt.Dialog.setVisible(Dialog.java:1015)
2025-04-12 14:09:51,821 [ERROR] LogOutputStream:75 - [STDERR_REDIRECT] 	at com.st.components.swing.GuiUtils.showOptionDialog(GuiUtils.java:84)
2025-04-12 14:09:51,824 [ERROR] LogOutputStream:75 - [STDERR_REDIRECT] 	at com.st.microxplorer.plugins.filemanager.engine.MainFileManager.askToCancel(MainFileManager.java:883)
2025-04-12 14:09:51,826 [ERROR] LogOutputStream:75 - [STDERR_REDIRECT] 	at com.st.microxplorer.plugins.filemanager.engine.MainFileManager.userLoadConfig(MainFileManager.java:336)
2025-04-12 14:09:51,828 [ERROR] LogOutputStream:75 - [STDERR_REDIRECT] 	at com.st.microxplorer.plugins.filemanager.FileManagerView.getSpecificTask(FileManagerView.java:250)
2025-04-12 14:09:51,830 [ERROR] LogOutputStream:75 - [STDERR_REDIRECT] 	at com.st.stm32cube.common.mx.editor.CubeMxEditor.getMxTabbedPaneInstance(CubeMxEditor.java:1191)
2025-04-12 14:09:51,831 [ERROR] LogOutputStream:75 - [STDERR_REDIRECT] 	at com.st.stm32cube.common.mx.editor.CubeMxEditor$12$1.createSwingComponent(CubeMxEditor.java:1068)
2025-04-12 14:09:51,833 [ERROR] LogOutputStream:75 - [STDERR_REDIRECT] 	at com.st.stm32cube.common.mx.oss.core.awtswtbridge.EmbeddedSwingComposite.doComponentCreation(EmbeddedSwingComposite.java:492)
2025-04-12 14:09:51,837 [ERROR] LogOutputStream:75 - [STDERR_REDIRECT] 	at com.st.stm32cube.common.mx.oss.core.awtswtbridge.EmbeddedSwingComposite$4.run(EmbeddedSwingComposite.java:291)
2025-04-12 14:09:51,840 [ERROR] LogOutputStream:75 - [STDERR_REDIRECT] 	at com.st.stm32cube.common.mx.oss.core.awtswtbridge.AwtEnvironment$2.run(AwtEnvironment.java:166)
2025-04-12 14:09:51,842 [ERROR] LogOutputStream:75 - [STDERR_REDIRECT] 	at java.desktop/java.awt.event.InvocationEvent.dispatch(InvocationEvent.java:318)
2025-04-12 14:09:51,844 [ERROR] LogOutputStream:75 - [STDERR_REDIRECT] 	at java.desktop/java.awt.EventQueue.dispatchEventImpl(EventQueue.java:773)
2025-04-12 14:09:51,845 [ERROR] LogOutputStream:75 - [STDERR_REDIRECT] 	at java.desktop/java.awt.EventQueue$4.run(EventQueue.java:720)
2025-04-12 14:09:51,847 [ERROR] LogOutputStream:75 - [STDERR_REDIRECT] 	at java.desktop/java.awt.EventQueue$4.run(EventQueue.java:714)
2025-04-12 14:09:51,848 [ERROR] LogOutputStream:75 - [STDERR_REDIRECT] 	at java.base/java.security.AccessController.doPrivileged(AccessController.java:400)
2025-04-12 14:09:51,850 [ERROR] LogOutputStream:75 - [STDERR_REDIRECT] 	at java.base/java.security.ProtectionDomain$JavaSecurityAccessImpl.doIntersectionPrivilege(ProtectionDomain.java:87)
2025-04-12 14:09:51,852 [ERROR] LogOutputStream:75 - [STDERR_REDIRECT] 	at java.desktop/java.awt.EventQueue.dispatchEvent(EventQueue.java:742)
2025-04-12 14:09:51,854 [ERROR] LogOutputStream:75 - [STDERR_REDIRECT] 	at java.desktop/java.awt.EventDispatchThread.pumpOneEventForFilters(EventDispatchThread.java:203)
2025-04-12 14:09:51,856 [ERROR] LogOutputStream:75 - [STDERR_REDIRECT] 	at java.desktop/java.awt.EventDispatchThread.pumpEventsForFilter(EventDispatchThread.java:124)
2025-04-12 14:09:51,858 [ERROR] LogOutputStream:75 - [STDERR_REDIRECT] 	at java.desktop/java.awt.EventDispatchThread.pumpEventsForFilter(EventDispatchThread.java:117)
2025-04-12 14:09:51,859 [ERROR] LogOutputStream:75 - [STDERR_REDIRECT] 	at java.desktop/java.awt.WaitDispatchSupport$2.run(WaitDispatchSupport.java:191)
2025-04-12 14:09:51,860 [ERROR] LogOutputStream:75 - [STDERR_REDIRECT] 	at java.desktop/java.awt.WaitDispatchSupport$4.run(WaitDispatchSupport.java:236)
2025-04-12 14:09:51,862 [ERROR] LogOutputStream:75 - [STDERR_REDIRECT] 	at java.desktop/java.awt.WaitDispatchSupport$4.run(WaitDispatchSupport.java:234)
2025-04-12 14:09:51,863 [ERROR] LogOutputStream:75 - [STDERR_REDIRECT] 	at java.base/java.security.AccessController.doPrivileged(AccessController.java:319)
2025-04-12 14:09:51,865 [ERROR] LogOutputStream:75 - [STDERR_REDIRECT] 	at java.desktop/java.awt.WaitDispatchSupport.enter(WaitDispatchSupport.java:234)
2025-04-12 14:09:51,866 [ERROR] LogOutputStream:75 - [STDERR_REDIRECT] 	at java.desktop/java.awt.Dialog.show(Dialog.java:1079)
2025-04-12 14:09:51,867 [ERROR] LogOutputStream:75 - [STDERR_REDIRECT] 	at java.desktop/java.awt.Component.show(Component.java:1728)
2025-04-12 14:09:51,868 [ERROR] LogOutputStream:75 - [STDERR_REDIRECT] 	at java.desktop/java.awt.Component.setVisible(Component.java:1675)
2025-04-12 14:09:51,870 [ERROR] LogOutputStream:75 - [STDERR_REDIRECT] 	at java.desktop/java.awt.Window.setVisible(Window.java:1036)
2025-04-12 14:09:51,871 [ERROR] LogOutputStream:75 - [STDERR_REDIRECT] 	at java.desktop/java.awt.Dialog.setVisible(Dialog.java:1015)
2025-04-12 14:09:51,873 [ERROR] LogOutputStream:75 - [STDERR_REDIRECT] 	at com.st.microxplorer.util.ProcessBarDialog.doAction(ProcessBarDialog.java:173)
2025-04-12 14:09:51,875 [ERROR] LogOutputStream:75 - [STDERR_REDIRECT] 	at com.st.microxplorer.mxsystem.MxSystem.completeLoadConfig(MxSystem.java:828)
2025-04-12 14:09:51,877 [ERROR] LogOutputStream:75 - [STDERR_REDIRECT] 	at com.st.microxplorer.plugins.filemanager.engine.OpenFileManager.LoadConfig(OpenFileManager.java:355)
2025-04-12 14:09:51,878 [ERROR] LogOutputStream:75 - [STDERR_REDIRECT] 	at com.st.microxplorer.plugins.filemanager.engine.OpenFileManager.loadConfigurationFile(OpenFileManager.java:269)
2025-04-12 14:09:51,880 [ERROR] LogOutputStream:75 - [STDERR_REDIRECT] 	at com.st.microxplorer.plugins.filemanager.engine.MainFileManager.userLoadConfig(MainFileManager.java:340)
2025-04-12 14:09:51,882 [ERROR] LogOutputStream:75 - [STDERR_REDIRECT] 	at com.st.microxplorer.plugins.filemanager.FileManagerView.getSpecificTask(FileManagerView.java:250)
2025-04-12 14:09:51,883 [ERROR] LogOutputStream:75 - [STDERR_REDIRECT] 	at com.st.stm32cube.common.mx.editor.CubeMxEditor.getMxTabbedPaneInstance(CubeMxEditor.java:1191)
2025-04-12 14:09:51,885 [ERROR] LogOutputStream:75 - [STDERR_REDIRECT] 	at com.st.stm32cube.common.mx.editor.CubeMxEditor$12$1.createSwingComponent(CubeMxEditor.java:1068)
2025-04-12 14:09:51,887 [ERROR] LogOutputStream:75 - [STDERR_REDIRECT] 	at com.st.stm32cube.common.mx.oss.core.awtswtbridge.EmbeddedSwingComposite.doComponentCreation(EmbeddedSwingComposite.java:492)
2025-04-12 14:09:51,890 [ERROR] LogOutputStream:75 - [STDERR_REDIRECT] 	at com.st.stm32cube.common.mx.oss.core.awtswtbridge.EmbeddedSwingComposite$4.run(EmbeddedSwingComposite.java:291)
2025-04-12 14:09:51,891 [ERROR] LogOutputStream:75 - [STDERR_REDIRECT] 	at com.st.stm32cube.common.mx.oss.core.awtswtbridge.AwtEnvironment$2.run(AwtEnvironment.java:166)
2025-04-12 14:09:51,893 [ERROR] LogOutputStream:75 - [STDERR_REDIRECT] 	at java.desktop/java.awt.event.InvocationEvent.dispatch(InvocationEvent.java:318)
2025-04-12 14:09:51,894 [ERROR] LogOutputStream:75 - [STDERR_REDIRECT] 	at java.desktop/java.awt.EventQueue.dispatchEventImpl(EventQueue.java:773)
2025-04-12 14:09:51,895 [ERROR] LogOutputStream:75 - [STDERR_REDIRECT] 	at java.desktop/java.awt.EventQueue$4.run(EventQueue.java:720)
2025-04-12 14:09:51,896 [ERROR] LogOutputStream:75 - [STDERR_REDIRECT] 	at java.desktop/java.awt.EventQueue$4.run(EventQueue.java:714)
2025-04-12 14:09:51,897 [ERROR] LogOutputStream:75 - [STDERR_REDIRECT] 	at java.base/java.security.AccessController.doPrivileged(AccessController.java:400)
2025-04-12 14:09:51,898 [ERROR] LogOutputStream:75 - [STDERR_REDIRECT] 	at java.base/java.security.ProtectionDomain$JavaSecurityAccessImpl.doIntersectionPrivilege(ProtectionDomain.java:87)
2025-04-12 14:09:51,900 [ERROR] LogOutputStream:75 - [STDERR_REDIRECT] 	at java.desktop/java.awt.EventQueue.dispatchEvent(EventQueue.java:742)
2025-04-12 14:09:51,901 [ERROR] LogOutputStream:75 - [STDERR_REDIRECT] 	at java.desktop/java.awt.EventDispatchThread.pumpOneEventForFilters(EventDispatchThread.java:203)
2025-04-12 14:09:51,903 [ERROR] LogOutputStream:75 - [STDERR_REDIRECT] 	at java.desktop/java.awt.EventDispatchThread.pumpEventsForFilter(EventDispatchThread.java:124)
2025-04-12 14:09:51,904 [ERROR] LogOutputStream:75 - [STDERR_REDIRECT] 	at java.desktop/java.awt.EventDispatchThread.pumpEventsForHierarchy(EventDispatchThread.java:113)
2025-04-12 14:09:51,905 [ERROR] LogOutputStream:75 - [STDERR_REDIRECT] 	at java.desktop/java.awt.EventDispatchThread.pumpEvents(EventDispatchThread.java:109)
2025-04-12 14:09:51,907 [ERROR] LogOutputStream:75 - [STDERR_REDIRECT] 	at java.desktop/java.awt.EventDispatchThread.pumpEvents(EventDispatchThread.java:101)
2025-04-12 14:09:51,908 [ERROR] LogOutputStream:75 - [STDERR_REDIRECT] 	at java.desktop/java.awt.EventDispatchThread.run(EventDispatchThread.java:90)
2025-04-12 14:09:51,908 [INFO] ProjectBuilder:5154 - Time for Generating toolchain IDE Files: 406mS.
2025-04-12 14:09:51,909 [INFO] ProjectBuilder:3146 - Time for Copy CMSIS : 1mS.
2025-04-12 14:09:51,910 [INFO] ProjectBuilder:3146 - Time for Copy CMSIS : 0mS.
2025-04-12 14:09:51,945 [INFO] UtilMem:75 - End SaveConfig() Used Memory: 988505360 Bytes (1073741824)
2025-04-12 14:09:53,072 [ERROR] LogOutputStream:75 - [STDERR_REDIRECT] Exception in thread "AWT-EventQueue-0" java.lang.NullPointerException: Cannot invoke "com.st.stm32cube.common.mx.oss.core.awtswtbridge.EmbeddedSwingComposite$AwtContext.setContentPane(java.awt.Container)" because "this.awtContext" is null
2025-04-12 14:09:53,074 [ERROR] LogOutputStream:75 - [STDERR_REDIRECT] 	at com.st.stm32cube.common.mx.oss.core.awtswtbridge.EmbeddedSwingComposite.doComponentCreation(EmbeddedSwingComposite.java:494)
2025-04-12 14:09:53,076 [ERROR] LogOutputStream:75 - [STDERR_REDIRECT] 	at com.st.stm32cube.common.mx.oss.core.awtswtbridge.EmbeddedSwingComposite$4.run(EmbeddedSwingComposite.java:291)
2025-04-12 14:09:53,077 [ERROR] LogOutputStream:75 - [STDERR_REDIRECT] 	at com.st.stm32cube.common.mx.oss.core.awtswtbridge.AwtEnvironment$2.run(AwtEnvironment.java:166)
2025-04-12 14:09:53,078 [ERROR] LogOutputStream:75 - [STDERR_REDIRECT] 	at java.desktop/java.awt.event.InvocationEvent.dispatch(InvocationEvent.java:318)
2025-04-12 14:09:53,079 [ERROR] LogOutputStream:75 - [STDERR_REDIRECT] 	at java.desktop/java.awt.EventQueue.dispatchEventImpl(EventQueue.java:773)
2025-04-12 14:09:53,080 [ERROR] LogOutputStream:75 - [STDERR_REDIRECT] 	at java.desktop/java.awt.EventQueue$4.run(EventQueue.java:720)
2025-04-12 14:09:53,081 [ERROR] LogOutputStream:75 - [STDERR_REDIRECT] 	at java.desktop/java.awt.EventQueue$4.run(EventQueue.java:714)
2025-04-12 14:09:53,082 [ERROR] LogOutputStream:75 - [STDERR_REDIRECT] 	at java.base/java.security.AccessController.doPrivileged(AccessController.java:400)
2025-04-12 14:09:53,083 [ERROR] LogOutputStream:75 - [STDERR_REDIRECT] 	at java.base/java.security.ProtectionDomain$JavaSecurityAccessImpl.doIntersectionPrivilege(ProtectionDomain.java:87)
2025-04-12 14:09:53,084 [ERROR] LogOutputStream:75 - [STDERR_REDIRECT] 	at java.desktop/java.awt.EventQueue.dispatchEvent(EventQueue.java:742)
2025-04-12 14:09:53,085 [ERROR] LogOutputStream:75 - [STDERR_REDIRECT] 	at java.desktop/java.awt.EventDispatchThread.pumpOneEventForFilters(EventDispatchThread.java:203)
2025-04-12 14:09:53,087 [ERROR] LogOutputStream:75 - [STDERR_REDIRECT] 	at java.desktop/java.awt.EventDispatchThread.pumpEventsForFilter(EventDispatchThread.java:124)
2025-04-12 14:09:53,089 [ERROR] LogOutputStream:75 - [STDERR_REDIRECT] 	at java.desktop/java.awt.EventDispatchThread.pumpEventsForFilter(EventDispatchThread.java:117)
2025-04-12 14:09:53,092 [ERROR] LogOutputStream:75 - [STDERR_REDIRECT] 	at java.desktop/java.awt.WaitDispatchSupport$2.run(WaitDispatchSupport.java:191)
2025-04-12 14:09:53,094 [ERROR] LogOutputStream:75 - [STDERR_REDIRECT] 	at java.desktop/java.awt.WaitDispatchSupport$4.run(WaitDispatchSupport.java:236)
2025-04-12 14:09:53,095 [ERROR] LogOutputStream:75 - [STDERR_REDIRECT] 	at java.desktop/java.awt.WaitDispatchSupport$4.run(WaitDispatchSupport.java:234)
2025-04-12 14:09:53,096 [ERROR] LogOutputStream:75 - [STDERR_REDIRECT] 	at java.base/java.security.AccessController.doPrivileged(AccessController.java:319)
2025-04-12 14:09:53,097 [ERROR] LogOutputStream:75 - [STDERR_REDIRECT] 	at java.desktop/java.awt.WaitDispatchSupport.enter(WaitDispatchSupport.java:234)
2025-04-12 14:09:53,098 [ERROR] LogOutputStream:75 - [STDERR_REDIRECT] 	at java.desktop/java.awt.Dialog.show(Dialog.java:1079)
2025-04-12 14:09:53,099 [ERROR] LogOutputStream:75 - [STDERR_REDIRECT] 	at java.desktop/java.awt.Component.show(Component.java:1728)
2025-04-12 14:09:53,100 [ERROR] LogOutputStream:75 - [STDERR_REDIRECT] 	at java.desktop/java.awt.Component.setVisible(Component.java:1675)
2025-04-12 14:09:53,101 [ERROR] LogOutputStream:75 - [STDERR_REDIRECT] 	at java.desktop/java.awt.Window.setVisible(Window.java:1036)
2025-04-12 14:09:53,102 [ERROR] LogOutputStream:75 - [STDERR_REDIRECT] 	at java.desktop/java.awt.Dialog.setVisible(Dialog.java:1015)
2025-04-12 14:09:53,103 [ERROR] LogOutputStream:75 - [STDERR_REDIRECT] 	at com.st.microxplorer.util.ProcessBarDialog.doAction(ProcessBarDialog.java:173)
2025-04-12 14:09:53,103 [ERROR] LogOutputStream:75 - [STDERR_REDIRECT] 	at com.st.microxplorer.mxsystem.MxSystem.completeLoadConfig(MxSystem.java:828)
2025-04-12 14:09:53,105 [ERROR] LogOutputStream:75 - [STDERR_REDIRECT] 	at com.st.microxplorer.plugins.filemanager.engine.OpenFileManager.LoadConfig(OpenFileManager.java:355)
2025-04-12 14:09:53,106 [ERROR] LogOutputStream:75 - [STDERR_REDIRECT] 	at com.st.microxplorer.plugins.filemanager.engine.OpenFileManager.loadConfigurationFile(OpenFileManager.java:269)
2025-04-12 14:09:53,109 [ERROR] LogOutputStream:75 - [STDERR_REDIRECT] 	at com.st.microxplorer.plugins.filemanager.engine.MainFileManager.userLoadConfig(MainFileManager.java:340)
2025-04-12 14:09:53,111 [ERROR] LogOutputStream:75 - [STDERR_REDIRECT] 	at com.st.microxplorer.plugins.filemanager.FileManagerView.getSpecificTask(FileManagerView.java:250)
2025-04-12 14:09:53,113 [ERROR] LogOutputStream:75 - [STDERR_REDIRECT] 	at com.st.stm32cube.common.mx.editor.CubeMxEditor.getMxTabbedPaneInstance(CubeMxEditor.java:1191)
2025-04-12 14:09:53,115 [ERROR] LogOutputStream:75 - [STDERR_REDIRECT] 	at com.st.stm32cube.common.mx.editor.CubeMxEditor$12$1.createSwingComponent(CubeMxEditor.java:1068)
2025-04-12 14:09:53,116 [ERROR] LogOutputStream:75 - [STDERR_REDIRECT] 	at com.st.stm32cube.common.mx.oss.core.awtswtbridge.EmbeddedSwingComposite.doComponentCreation(EmbeddedSwingComposite.java:492)
2025-04-12 14:09:53,117 [ERROR] LogOutputStream:75 - [STDERR_REDIRECT] 	at com.st.stm32cube.common.mx.oss.core.awtswtbridge.EmbeddedSwingComposite$4.run(EmbeddedSwingComposite.java:291)
2025-04-12 14:09:53,118 [ERROR] LogOutputStream:75 - [STDERR_REDIRECT] 	at com.st.stm32cube.common.mx.oss.core.awtswtbridge.AwtEnvironment$2.run(AwtEnvironment.java:166)
2025-04-12 14:09:53,119 [ERROR] LogOutputStream:75 - [STDERR_REDIRECT] 	at java.desktop/java.awt.event.InvocationEvent.dispatch(InvocationEvent.java:318)
2025-04-12 14:09:53,120 [ERROR] LogOutputStream:75 - [STDERR_REDIRECT] 	at java.desktop/java.awt.EventQueue.dispatchEventImpl(EventQueue.java:773)
2025-04-12 14:09:53,121 [ERROR] LogOutputStream:75 - [STDERR_REDIRECT] 	at java.desktop/java.awt.EventQueue$4.run(EventQueue.java:720)
2025-04-12 14:09:53,122 [ERROR] LogOutputStream:75 - [STDERR_REDIRECT] 	at java.desktop/java.awt.EventQueue$4.run(EventQueue.java:714)
2025-04-12 14:09:53,123 [ERROR] LogOutputStream:75 - [STDERR_REDIRECT] 	at java.base/java.security.AccessController.doPrivileged(AccessController.java:400)
2025-04-12 14:09:53,125 [ERROR] LogOutputStream:75 - [STDERR_REDIRECT] 	at java.base/java.security.ProtectionDomain$JavaSecurityAccessImpl.doIntersectionPrivilege(ProtectionDomain.java:87)
2025-04-12 14:09:53,126 [ERROR] LogOutputStream:75 - [STDERR_REDIRECT] 	at java.desktop/java.awt.EventQueue.dispatchEvent(EventQueue.java:742)
2025-04-12 14:09:53,128 [ERROR] LogOutputStream:75 - [STDERR_REDIRECT] 	at java.desktop/java.awt.EventDispatchThread.pumpOneEventForFilters(EventDispatchThread.java:203)
2025-04-12 14:09:53,130 [ERROR] LogOutputStream:75 - [STDERR_REDIRECT] 	at java.desktop/java.awt.EventDispatchThread.pumpEventsForFilter(EventDispatchThread.java:124)
2025-04-12 14:09:53,131 [ERROR] LogOutputStream:75 - [STDERR_REDIRECT] 	at java.desktop/java.awt.EventDispatchThread.pumpEventsForHierarchy(EventDispatchThread.java:113)
2025-04-12 14:09:53,132 [ERROR] LogOutputStream:75 - [STDERR_REDIRECT] 	at java.desktop/java.awt.EventDispatchThread.pumpEvents(EventDispatchThread.java:109)
2025-04-12 14:09:53,133 [ERROR] LogOutputStream:75 - [STDERR_REDIRECT] 	at java.desktop/java.awt.EventDispatchThread.pumpEvents(EventDispatchThread.java:101)
2025-04-12 14:09:53,134 [ERROR] LogOutputStream:75 - [STDERR_REDIRECT] 	at java.desktop/java.awt.EventDispatchThread.run(EventDispatchThread.java:90)
2025-04-12 14:09:53,134 [INFO] OpenFileManager:363 - Restore cursor
2025-04-12 14:09:53,342 [ERROR] LogOutputStream:75 - [STDERR_REDIRECT] Exception in thread "AWT-EventQueue-0" java.lang.NullPointerException: Cannot invoke "com.st.stm32cube.common.mx.oss.core.awtswtbridge.EmbeddedSwingComposite$AwtContext.setContentPane(java.awt.Container)" because "this.awtContext" is null
2025-04-12 14:09:53,345 [ERROR] LogOutputStream:75 - [STDERR_REDIRECT] 	at com.st.stm32cube.common.mx.oss.core.awtswtbridge.EmbeddedSwingComposite.doComponentCreation(EmbeddedSwingComposite.java:494)
2025-04-12 14:09:53,347 [ERROR] LogOutputStream:75 - [STDERR_REDIRECT] 	at com.st.stm32cube.common.mx.oss.core.awtswtbridge.EmbeddedSwingComposite$4.run(EmbeddedSwingComposite.java:291)
2025-04-12 14:09:53,348 [ERROR] LogOutputStream:75 - [STDERR_REDIRECT] 	at com.st.stm32cube.common.mx.oss.core.awtswtbridge.AwtEnvironment$2.run(AwtEnvironment.java:166)
2025-04-12 14:09:53,349 [ERROR] LogOutputStream:75 - [STDERR_REDIRECT] 	at java.desktop/java.awt.event.InvocationEvent.dispatch(InvocationEvent.java:318)
2025-04-12 14:09:53,350 [ERROR] LogOutputStream:75 - [STDERR_REDIRECT] 	at java.desktop/java.awt.EventQueue.dispatchEventImpl(EventQueue.java:773)
2025-04-12 14:09:53,351 [ERROR] LogOutputStream:75 - [STDERR_REDIRECT] 	at java.desktop/java.awt.EventQueue$4.run(EventQueue.java:720)
2025-04-12 14:09:53,352 [ERROR] LogOutputStream:75 - [STDERR_REDIRECT] 	at java.desktop/java.awt.EventQueue$4.run(EventQueue.java:714)
2025-04-12 14:09:53,353 [ERROR] LogOutputStream:75 - [STDERR_REDIRECT] 	at java.base/java.security.AccessController.doPrivileged(AccessController.java:400)
2025-04-12 14:09:53,355 [ERROR] LogOutputStream:75 - [STDERR_REDIRECT] 	at java.base/java.security.ProtectionDomain$JavaSecurityAccessImpl.doIntersectionPrivilege(ProtectionDomain.java:87)
2025-04-12 14:09:53,356 [ERROR] LogOutputStream:75 - [STDERR_REDIRECT] 	at java.desktop/java.awt.EventQueue.dispatchEvent(EventQueue.java:742)
2025-04-12 14:09:53,359 [ERROR] LogOutputStream:75 - [STDERR_REDIRECT] 	at java.desktop/java.awt.EventDispatchThread.pumpOneEventForFilters(EventDispatchThread.java:203)
2025-04-12 14:09:53,360 [ERROR] LogOutputStream:75 - [STDERR_REDIRECT] 	at java.desktop/java.awt.EventDispatchThread.pumpEventsForFilter(EventDispatchThread.java:124)
2025-04-12 14:09:53,361 [ERROR] LogOutputStream:75 - [STDERR_REDIRECT] 	at java.desktop/java.awt.EventDispatchThread.pumpEventsForHierarchy(EventDispatchThread.java:113)
2025-04-12 14:09:53,363 [ERROR] LogOutputStream:75 - [STDERR_REDIRECT] 	at java.desktop/java.awt.EventDispatchThread.pumpEvents(EventDispatchThread.java:109)
2025-04-12 14:09:53,365 [ERROR] LogOutputStream:75 - [STDERR_REDIRECT] 	at java.desktop/java.awt.EventDispatchThread.pumpEvents(EventDispatchThread.java:101)
2025-04-12 14:09:53,367 [ERROR] LogOutputStream:75 - [STDERR_REDIRECT] 	at java.desktop/java.awt.EventDispatchThread.run(EventDispatchThread.java:90)
2025-04-12 14:10:03,288 [INFO] MainUpdater:2872 - connection check result : 10
2025-04-12 14:10:03,288 [INFO] MainUpdater:2872 - connection check result : 10
2025-04-12 14:10:03,546 [INFO] MicroXplorer:468 - Change Database Path : 
2025-04-12 14:10:03,546 [INFO] MicroXplorer:498 - Change Database Version : DB.6.0.130
2025-04-12 14:10:03,554 [ERROR] ProjectManagerView:394 - 
java.lang.NullPointerException: Cannot invoke "javax.swing.JTextField.getText()" because the return value of "java.util.List.get(int)" is null
	at com.st.microxplorer.plugins.projectmanager.gui.ProjectChoiceTab$9.caretUpdate(ProjectChoiceTab.java:2616) ~[filemanager.jar:?]
	at javax.swing.text.JTextComponent.fireCaretUpdate(JTextComponent.java:408) ~[?:?]
	at javax.swing.text.JTextComponent$MutableCaretEvent.fire(JTextComponent.java:4484) ~[?:?]
	at javax.swing.text.JTextComponent$MutableCaretEvent.stateChanged(JTextComponent.java:4506) ~[?:?]
	at javax.swing.text.DefaultCaret.fireStateChanged(DefaultCaret.java:857) ~[?:?]
	at javax.swing.text.DefaultCaret.changeCaretPosition(DefaultCaret.java:1343) ~[?:?]
	at javax.swing.text.DefaultCaret.handleSetDot(DefaultCaret.java:1242) ~[?:?]
	at javax.swing.text.DefaultCaret.setDot(DefaultCaret.java:1223) ~[?:?]
	at javax.swing.text.DefaultCaret$Handler.insertUpdate(DefaultCaret.java:1819) ~[?:?]
	at javax.swing.text.AbstractDocument.fireInsertUpdate(AbstractDocument.java:227) ~[?:?]
	at javax.swing.text.AbstractDocument.handleInsertString(AbstractDocument.java:781) ~[?:?]
	at javax.swing.text.AbstractDocument.insertString(AbstractDocument.java:740) ~[?:?]
	at javax.swing.text.PlainDocument.insertString(PlainDocument.java:131) ~[?:?]
	at javax.swing.text.AbstractDocument.replace(AbstractDocument.java:699) ~[?:?]
	at javax.swing.text.JTextComponent.setText(JTextComponent.java:1725) ~[?:?]
	at com.st.microxplorer.plugins.projectmanager.gui.ProjectChoiceTab.createHeapStackFields(ProjectChoiceTab.java:975) ~[filemanager.jar:?]
	at com.st.microxplorer.plugins.projectmanager.gui.ProjectChoiceTab.buildLinkSettingsPanel(ProjectChoiceTab.java:3666) ~[filemanager.jar:?]
	at com.st.microxplorer.plugins.projectmanager.gui.ProjectChoiceTab.defineWindowsFields(ProjectChoiceTab.java:1934) ~[filemanager.jar:?]
	at com.st.microxplorer.plugins.projectmanager.gui.ProjectChoiceTab.updateSettings(ProjectChoiceTab.java:553) ~[filemanager.jar:?]
	at com.st.microxplorer.plugins.projectmanager.gui.ProjectSettingsPanel.UpdateDialog(ProjectSettingsPanel.java:245) ~[filemanager.jar:?]
	at com.st.microxplorer.plugins.projectmanager.ProjectManagerView.propertyChange(ProjectManagerView.java:391) ~[filemanager.jar:?]
	at java.beans.PropertyChangeSupport.fire(PropertyChangeSupport.java:343) ~[?:?]
	at java.beans.PropertyChangeSupport.firePropertyChange(PropertyChangeSupport.java:335) ~[?:?]
	at java.beans.PropertyChangeSupport.firePropertyChange(PropertyChangeSupport.java:268) ~[?:?]
	at com.st.microxplorer.util.MXPropertyChangeSupport.firePropertyChange(MXPropertyChangeSupport.java:54) ~[STM32CubeMX.jar:?]
	at com.st.microxplorer.mxsystem.MxSystem.closeConfig(MxSystem.java:899) ~[STM32CubeMX.jar:?]
	at com.st.microxplorer.maingui.MainPanel.closeConfig(MainPanel.java:789) ~[STM32CubeMX.jar:?]
	at com.st.microxplorer.plugins.filemanager.engine.OpenFileManager.loadConfigurationFile(OpenFileManager.java:265) ~[filemanager.jar:?]
	at com.st.microxplorer.plugins.filemanager.engine.MainFileManager.userLoadConfig(MainFileManager.java:340) ~[filemanager.jar:?]
	at com.st.microxplorer.plugins.filemanager.FileManagerView.getSpecificTask(FileManagerView.java:250) ~[filemanager.jar:?]
	at com.st.stm32cube.common.mx.editor.CubeMxEditor.getMxTabbedPaneInstance(CubeMxEditor.java:1191) ~[com.st.stm32cube.common.mx_6.13.0.202411220809/:?]
	at com.st.stm32cube.common.mx.editor.CubeMxEditor$12$1.createSwingComponent(CubeMxEditor.java:1068) ~[com.st.stm32cube.common.mx_6.13.0.202411220809/:?]
	at com.st.stm32cube.common.mx.oss.core.awtswtbridge.EmbeddedSwingComposite.doComponentCreation(EmbeddedSwingComposite.java:492) ~[com.st.stm32cube.common.mx.oss_6.13.0.202411220809/:?]
	at com.st.stm32cube.common.mx.oss.core.awtswtbridge.EmbeddedSwingComposite$4.run(EmbeddedSwingComposite.java:291) ~[com.st.stm32cube.common.mx.oss_6.13.0.202411220809/:?]
	at com.st.stm32cube.common.mx.oss.core.awtswtbridge.AwtEnvironment$2.run(AwtEnvironment.java:166) ~[com.st.stm32cube.common.mx.oss_6.13.0.202411220809/:?]
	at java.awt.event.InvocationEvent.dispatch(InvocationEvent.java:318) ~[?:?]
	at java.awt.EventQueue.dispatchEventImpl(EventQueue.java:773) ~[?:?]
	at java.awt.EventQueue$4.run(EventQueue.java:720) ~[?:?]
	at java.awt.EventQueue$4.run(EventQueue.java:714) ~[?:?]
	at java.security.AccessController.doPrivileged(AccessController.java:400) ~[?:?]
	at java.security.ProtectionDomain$JavaSecurityAccessImpl.doIntersectionPrivilege(ProtectionDomain.java:87) ~[?:?]
	at java.awt.EventQueue.dispatchEvent(EventQueue.java:742) ~[?:?]
	at java.awt.EventDispatchThread.pumpOneEventForFilters(EventDispatchThread.java:203) ~[?:?]
	at java.awt.EventDispatchThread.pumpEventsForFilter(EventDispatchThread.java:124) ~[?:?]
	at java.awt.EventDispatchThread.pumpEventsForHierarchy(EventDispatchThread.java:113) ~[?:?]
	at java.awt.EventDispatchThread.pumpEvents(EventDispatchThread.java:109) ~[?:?]
	at java.awt.EventDispatchThread.pumpEvents(EventDispatchThread.java:101) ~[?:?]
	at java.awt.EventDispatchThread.run(EventDispatchThread.java:90) ~[?:?]
2025-04-12 14:10:03,555 [WARN] ThirdParty:871 - waiting for thirdparty lock release [close project]
2025-04-12 14:10:03,555 [INFO] ThirdParty:873 - entering critical section [close project]
2025-04-12 14:10:03,556 [INFO] ThirdParty:883 - exiting critical section [close project]
2025-04-12 14:10:03,556 [INFO] PinOutPanel:1589 - setPackage(No Configuration,No Configuration)
2025-04-12 14:10:03,560 [WARN] IpParametersView:154 - Warning: This peripheral hasn't parameters
2025-04-12 14:10:03,562 [WARN] MainPanel:289 - <html><b><center>Warning: This peripheral has no parameters to be configured<br></b></html>
2025-04-12 14:10:03,562 [ERROR] MainPanel:599 - java.lang.IndexOutOfBoundsException: Index: 0, Tab count: 0
2025-04-12 14:10:03,567 [INFO] UtilMem:75 - Begin LoadConfig() Used Memory: 840884072 Bytes (1073741824)
2025-04-12 14:10:03,567 [INFO] OpenFileManager:332 - Change cursor
2025-04-12 14:10:03,576 [INFO] RulesReader:64 - Compatibility file has been processed (297 Rules)
2025-04-12 14:10:03,579 [INFO] ProjectFactory:442 - No CPN specified for board NUCLEO-F411RE => set CPN to STM32F411RET6
2025-04-12 14:10:03,579 [INFO] Mcu:2035 - Initializing MCU STM32F411R(C-E)Tx STM32F411RETx STM32F411RET6
2025-04-12 14:10:04,491 [INFO] Context:748 - Trying to add GPIOservice into a context  which must be forbidden
2025-04-12 14:10:04,698 [INFO] Rule:228 - rule 117617 - U5Cobra4M][GTZC] default value MPCBB3 and MPCBB5 - Not Secured memory - MPCBB1 is applicable
2025-04-12 14:10:04,698 [INFO] Rule:228 - rule 117617 - U5Cobra4M][GTZC] default value MPCBB3 and MPCBB5 - Not Secured memory - MPCBB1 is applicable
2025-04-12 14:10:04,698 [INFO] Rule:228 - rule 117617 - U5Cobra4M][GTZC] default value MPCBB3 and MPCBB5 - Not Secured memory - MPCBB2 is applicable
2025-04-12 14:10:04,698 [INFO] Rule:228 - rule 117617 - U5Cobra4M][GTZC] default value MPCBB3 and MPCBB5 - Not Secured memory - MPCBB2 is applicable
2025-04-12 14:10:04,698 [INFO] Rule:228 - rule 117617 - U5Cobra4M][GTZC] default value MPCBB3 and MPCBB5 - Not Secured memory - MPCBB3 is applicable
2025-04-12 14:10:04,698 [INFO] Rule:228 - rule 117617 - U5Cobra4M][GTZC] default value MPCBB3 and MPCBB5 - Not Secured memory - MPCBB3 is applicable
2025-04-12 14:10:04,698 [INFO] Rule:228 - rule 117617 - U5Cobra4M][GTZC] default value MPCBB3 and MPCBB5 - Not Secured memory - MPCBB4 is applicable
2025-04-12 14:10:04,698 [INFO] Rule:228 - rule 117617 - U5Cobra4M][GTZC] default value MPCBB3 and MPCBB5 - Not Secured memory - MPCBB4 is applicable
2025-04-12 14:10:04,698 [INFO] Rule:228 - rule 117617 - U5Cobra4M][GTZC] default value MPCBB3 and MPCBB5 - Secured memory - MPCBB1 is applicable
2025-04-12 14:10:04,698 [INFO] Rule:228 - rule 117617 - U5Cobra4M][GTZC] default value MPCBB3 and MPCBB5 - Secured memory - MPCBB2 is applicable
2025-04-12 14:10:04,698 [INFO] Rule:228 - rule 117617 - U5Cobra4M][GTZC] default value MPCBB3 and MPCBB5 - Secured memory - MPCBB3 is applicable
2025-04-12 14:10:04,699 [INFO] Rule:228 - rule 117617 - U5Cobra4M][GTZC] default value MPCBB3 and MPCBB5 - Secured memory - MPCBB4 is applicable
2025-04-12 14:10:04,699 [INFO] Rule:228 - rule 117617 - U5Cobra4M][GTZC] default value MPCBB3 and MPCBB5 - Privileged memory - MPCBB1 is applicable
2025-04-12 14:10:04,699 [INFO] Rule:228 - rule 117617 - U5Cobra4M][GTZC] default value MPCBB3 and MPCBB5 - Privileged memory - MPCBB2 is applicable
2025-04-12 14:10:04,699 [INFO] Rule:228 - rule 117617 - U5Cobra4M][GTZC] default value MPCBB3 and MPCBB5 - Privileged memory - MPCBB3 is applicable
2025-04-12 14:10:04,699 [INFO] Rule:228 - rule 117617 - U5Cobra4M][GTZC] default value MPCBB3 and MPCBB5 - Privileged memory - MPCBB4 is applicable
2025-04-12 14:10:04,699 [INFO] Rule:228 - rule 117617 - U5Cobra4M][GTZC] default value MPCBB3 and MPCBB5 - Not Privileged memory - MPCBB1 is applicable
2025-04-12 14:10:04,699 [INFO] Rule:228 - rule 117617 - U5Cobra4M][GTZC] default value MPCBB3 and MPCBB5 - Not Privileged memory - MPCBB2 is applicable
2025-04-12 14:10:04,699 [INFO] Rule:228 - rule 117617 - U5Cobra4M][GTZC] default value MPCBB3 and MPCBB5 - Not Privileged memory - MPCBB3 is applicable
2025-04-12 14:10:04,699 [INFO] Rule:228 - rule 117617 - U5Cobra4M][GTZC] default value MPCBB3 and MPCBB5 - Not Privileged memory - MPCBB4 is applicable
2025-04-12 14:10:04,699 [INFO] Rule:228 - rule 117617 - U5Cobra4M][GTZC] default value MPCBB3 and MPCBB5 - Privileged memory - MPCBB1 is applicable
2025-04-12 14:10:04,699 [INFO] Rule:228 - rule 117617 - U5Cobra4M][GTZC] default value MPCBB3 and MPCBB5 - Privileged memory - MPCBB2 is applicable
2025-04-12 14:10:04,699 [INFO] Rule:228 - rule 117617 - U5Cobra4M][GTZC] default value MPCBB3 and MPCBB5 - Privileged memory - MPCBB3 is applicable
2025-04-12 14:10:04,699 [INFO] Rule:228 - rule 117617 - U5Cobra4M][GTZC] default value MPCBB3 and MPCBB5 - Privileged memory - MPCBB4 is applicable
2025-04-12 14:10:04,699 [INFO] Rule:228 - rule 117617 - U5Cobra4M][GTZC] default value MPCBB3 and MPCBB5 - Privileged memory - MPCBB1 is applicable
2025-04-12 14:10:04,699 [INFO] Rule:228 - rule 117617 - U5Cobra4M][GTZC] default value MPCBB3 and MPCBB5 - Privileged memory - MPCBB2 is applicable
2025-04-12 14:10:04,699 [INFO] Rule:228 - rule 117617 - U5Cobra4M][GTZC] default value MPCBB3 and MPCBB5 - Privileged memory - MPCBB3 is applicable
2025-04-12 14:10:04,699 [INFO] Rule:228 - rule 117617 - U5Cobra4M][GTZC] default value MPCBB3 and MPCBB5 - Privileged memory - MPCBB4 is applicable
2025-04-12 14:10:04,699 [INFO] Rule:228 - rule 117617 - U5Cobra4M][GTZC] default value MPCBB3 and MPCBB5 - Not Privileged memory - MPCBB1 is applicable
2025-04-12 14:10:04,699 [INFO] Rule:228 - rule 117617 - U5Cobra4M][GTZC] default value MPCBB3 and MPCBB5 - Not Privileged memory - MPCBB2 is applicable
2025-04-12 14:10:04,699 [INFO] Rule:228 - rule 117617 - U5Cobra4M][GTZC] default value MPCBB3 and MPCBB5 - Not Privileged memory - MPCBB3 is applicable
2025-04-12 14:10:04,699 [INFO] Rule:228 - rule 117617 - U5Cobra4M][GTZC] default value MPCBB3 and MPCBB5 - Not Privileged memory - MPCBB4 is applicable
2025-04-12 14:10:04,699 [INFO] Rule:228 - rule 117617 - U5Cobra4M][GTZC] default value MPCBB3 and MPCBB5 - Privileged memory - MPCBB1 is applicable
2025-04-12 14:10:04,699 [INFO] Rule:228 - rule 117617 - U5Cobra4M][GTZC] default value MPCBB3 and MPCBB5 - Privileged memory - MPCBB2 is applicable
2025-04-12 14:10:04,700 [INFO] Rule:228 - rule 117617 - U5Cobra4M][GTZC] default value MPCBB3 and MPCBB5 - Privileged memory - MPCBB3 is applicable
2025-04-12 14:10:04,700 [INFO] Rule:228 - rule 117617 - U5Cobra4M][GTZC] default value MPCBB3 and MPCBB5 - Privileged memory - MPCBB4 is applicable
2025-04-12 14:10:04,700 [INFO] Rule:228 - rule Rename SubGHz_Phy SUBGHZ_APPLICATION SUBGHZ_PINGPONG to SUBGHZ_ADV_APPLICATION is applicable
2025-04-12 14:10:04,700 [INFO] Rule:228 - rule Rename Enabled to IBEACON is applicable
2025-04-12 14:10:04,700 [INFO] Rule:228 - rule GTZC_S instance for project manager is applicable
2025-04-12 14:10:04,700 [INFO] Rule:228 - rule GTZC_S instance for context M33S is applicable
2025-04-12 14:10:04,700 [INFO] Rule:228 - rule GTZC_S instance value for IP GTZC is applicable
2025-04-12 14:10:04,700 [INFO] Rule:228 - rule GTZC_S instance for mcu.IP is applicable
2025-04-12 14:10:04,700 [INFO] Rule:228 - rule GTZC_S instance for VP is applicable
2025-04-12 14:10:04,700 [INFO] Rule:228 - rule GTZC_S instance for signal is applicable
2025-04-12 14:10:04,700 [INFO] Rule:228 - rule GTZC_S instance for mcu.Pin is applicable
2025-04-12 14:10:04,700 [INFO] Rule:228 - rule GTZC_S instance for VP is applicable
2025-04-12 14:10:04,700 [INFO] Rule:228 - rule GTZC_S instance for signal is applicable
2025-04-12 14:10:04,700 [INFO] Rule:228 - rule GTZC_S instance for mcu is applicable
2025-04-12 14:10:04,700 [INFO] Rule:228 - rule GTZC_S instance for mcu.Pin is applicable
2025-04-12 14:10:04,700 [INFO] Rule:228 - rule GTZC_S instance value for IP GTZC is applicable
2025-04-12 14:10:04,700 [INFO] Rule:228 - rule GTZC_S instance for project manager is applicable
2025-04-12 14:10:04,700 [INFO] Rule:228 - rule GTZC_S instance for context M33S is applicable
2025-04-12 14:10:04,700 [INFO] Rule:228 - rule GTZC_S instance for VP is applicable
2025-04-12 14:10:04,700 [INFO] Rule:228 - rule GTZC_S instance for signal is applicable
2025-04-12 14:10:04,700 [INFO] Rule:228 - rule SPDIFRX instance for mcu is applicable
2025-04-12 14:10:04,700 [INFO] Rule:228 - rule Rename Tracer Mode is applicable
2025-04-12 14:10:04,700 [INFO] Rule:228 - rule SPDIFRX instance value for IP SPDIFRX is applicable
2025-04-12 14:10:04,700 [INFO] Rule:228 - rule SPDIFRX instance for signal is applicable
2025-04-12 14:10:04,700 [INFO] Rule:228 - rule SPDIFRX instance for project manager is applicable
2025-04-12 14:10:04,700 [INFO] Rule:228 - rule SPDIFRX instance for project manager is applicable
2025-04-12 14:10:04,701 [INFO] Rule:228 - rule ADC Scan  fix with FW F7 is applicable
2025-04-12 14:10:04,701 [INFO] Rule:228 - rule ADC Scan  fix with FW F7 is applicable
2025-04-12 14:10:04,701 [INFO] Rule:228 - rule WakeUp0 Mode is applicable
2025-04-12 14:10:04,701 [INFO] Rule:228 - rule WakeUp0 SIGNAL is applicable
2025-04-12 14:10:04,701 [INFO] Rule:228 - rule WakeUp1 Mode is applicable
2025-04-12 14:10:04,702 [INFO] Rule:228 - rule WakeUp1 SIGNAL is applicable
2025-04-12 14:10:04,702 [INFO] Rule:228 - rule WakeUp2 Mode is applicable
2025-04-12 14:10:04,702 [INFO] Rule:228 - rule WakeUp2 SIGNAL is applicable
2025-04-12 14:10:04,702 [INFO] Rule:228 - rule WakeUp4 Mode is applicable
2025-04-12 14:10:04,702 [INFO] Rule:228 - rule WakeUp4 SIGNAL is applicable
2025-04-12 14:10:04,702 [INFO] Rule:228 - rule WakeUp5 Mode is applicable
2025-04-12 14:10:04,702 [INFO] Rule:228 - rule WakeUp5 SIGNAL is applicable
2025-04-12 14:10:04,702 [INFO] Rule:228 - rule Add RTC Activate Clock Source is applicable
2025-04-12 14:10:04,702 [INFO] Rule:228 - rule Add RTC Activate Calendar 1 is applicable
2025-04-12 14:10:04,702 [INFO] Rule:228 - rule Add RTC Activate Calendar 2 is applicable
2025-04-12 14:10:04,702 [INFO] Rule:228 - rule Add RTC Activate Calendar 3 is applicable
2025-04-12 14:10:04,703 [INFO] Rule:228 - rule UART/USART TX Mode is applicable
2025-04-12 14:10:04,703 [INFO] Rule:228 - rule UART/USART RX Mode is applicable
2025-04-12 14:10:04,703 [INFO] Rule:228 - rule UART/USART RX TX Mode is applicable
2025-04-12 14:10:04,703 [INFO] Rule:228 - rule UART/USART PARITY NONE is applicable
2025-04-12 14:10:04,703 [INFO] Rule:228 - rule UART/USART PARITY EVEN is applicable
2025-04-12 14:10:04,703 [INFO] Rule:228 - rule UART/USART PARITY ODD is applicable
2025-04-12 14:10:04,703 [INFO] Rule:228 - rule USART StopBits 1 is applicable
2025-04-12 14:10:04,703 [INFO] Rule:228 - rule USART StopBits 2 is applicable
2025-04-12 14:10:04,703 [INFO] Rule:228 - rule USART StopBits 1.5 is applicable
2025-04-12 14:10:04,703 [INFO] Rule:228 - rule USART StopBits 0.5 is applicable
2025-04-12 14:10:04,703 [INFO] Rule:228 - rule UART/USART WORD LENGTH 7 is applicable
2025-04-12 14:10:04,703 [INFO] Rule:228 - rule UART/USART WORD LENGTH 8 is applicable
2025-04-12 14:10:04,703 [INFO] Rule:228 - rule UART/USART WORD LENGTH 9 is applicable
2025-04-12 14:10:04,703 [INFO] Rule:228 - rule Rename FMC NAND NCE signal is applicable
2025-04-12 14:10:04,703 [INFO] Rule:228 - rule Rename FMC NAND INT signal is applicable
2025-04-12 14:10:04,703 [INFO] Rule:228 - rule Change Default Value for LSE Drive Capability for WB family is applicable
2025-04-12 14:10:04,703 [INFO] Rule:228 - rule Change Default Value for ADC Clock Prescaler G0 family is applicable
2025-04-12 14:10:04,703 [INFO] Rule:228 - rule Change Default Value for ADC ExternalTrigConv L4 family is applicable
2025-04-12 14:10:04,703 [INFO] Rule:228 - rule Change Default Value for ADC ExternalTrigInjecConv L4 family is applicable
2025-04-12 14:10:04,703 [INFO] Rule:228 - rule Change Default Value for ADC ExternalTrigConv F3 family is applicable
2025-04-12 14:10:04,703 [INFO] Rule:228 - rule Change Default Value for ADC ExternalTrigInjecConv F3 family is applicable
2025-04-12 14:10:04,703 [INFO] Rule:228 - rule Change Default Value for ADC ExternalTrigConv Goldfish serie is applicable
2025-04-12 14:10:04,703 [INFO] Rule:228 - rule Change Default Value for ADC ExternalTrigInjecConv Goldfish serie is applicable
2025-04-12 14:10:04,703 [INFO] Rule:228 - rule Change Default Value for ADC ExternalTrigConv L0 family is applicable
2025-04-12 14:10:04,703 [INFO] Rule:228 - rule Change Default Value for ADC ExternalTrigConv F0 family is applicable
2025-04-12 14:10:04,703 [INFO] Rule:228 - rule Change Default Value for ADC ExternalTrigConvn L1 family is applicable
2025-04-12 14:10:04,703 [INFO] Rule:228 - rule Change Default Value for ADC ExternalTrigInjecConv L1 family is applicable
2025-04-12 14:10:04,704 [INFO] Rule:228 - rule Change Default Value for ADC ExternalTrigConv F1 family is applicable
2025-04-12 14:10:04,704 [INFO] Rule:228 - rule Change Default Value for ADC ExternalTrigInjecConv F1 family is applicable
2025-04-12 14:10:04,704 [INFO] Rule:228 - rule Change Default Value for ADC ExternalTrigConv F7 family is applicable
2025-04-12 14:10:04,704 [INFO] Rule:228 - rule Change Default Value for ADC ExternalTrigInjecConv F7 family is applicable
2025-04-12 14:10:04,704 [INFO] Rule:228 - rule Change Default Value for ADC ExternalTrigConv F4 and F2 family is applicable
2025-04-12 14:10:04,704 [INFO] Rule:228 - rule Change Default Value for ADC ExternalTrigInjecConv F4 and F2 family is applicable
2025-04-12 14:10:04,704 [INFO] Rule:228 - rule ADC SamplingTime fix with FW L0  is applicable
2025-04-12 14:10:04,704 [INFO] Rule:228 - rule ADC SamplingTime fix with FW L0  is applicable
2025-04-12 14:10:04,704 [INFO] Rule:228 - rule ADC SamplingTime fix with FW L0 is applicable
2025-04-12 14:10:04,704 [INFO] Rule:228 - rule ADC SamplingTime fix with FW L0 is applicable
2025-04-12 14:10:04,704 [INFO] Rule:228 - rule ADC SamplingTime fix with FW L0  is applicable
2025-04-12 14:10:04,704 [INFO] Rule:228 - rule ADC SamplingTime fix with FW L0 is applicable
2025-04-12 14:10:04,704 [INFO] Rule:228 - rule Rename USB_OE Signal is applicable
2025-04-12 14:10:04,704 [INFO] Rule:228 - rule Rename Activate_OE Mode is applicable
2025-04-12 14:10:04,704 [INFO] Rule:228 - rule Rename DIE462/DIE415 pin PC14/OSC32_IN -> PC14-OSC32_IN (PC14) is applicable
2025-04-12 14:10:04,704 [INFO] Rule:228 - rule Rename DIE462/DIE415 pin PC15/OSC32_OUT -> PC15-OSC32_OUT (PC15) is applicable
2025-04-12 14:10:04,704 [INFO] Rule:228 - rule Rename DIE462/DIE415 pin PH0/OSC_IN -> PH0-OSC_IN (PH0) is applicable
2025-04-12 14:10:04,704 [INFO] Rule:228 - rule Rename DIE462/DIE415 pin PH1/OSC_OUT -> PH1-OSC_OUT (PH1) is applicable
2025-04-12 14:10:04,704 [INFO] Rule:228 - rule Rename DIE462 pin PA13 -> PA13 (JTMS/SWDIO) is applicable
2025-04-12 14:10:04,704 [INFO] Rule:228 - rule Rename DIE415 pin PA13 -> PA13 (JTMS/SWDIO) is applicable
2025-04-12 14:10:04,704 [INFO] Rule:228 - rule Rename DIE462 pin PA14 -> PA14 (JTCK/SWCLK) is applicable
2025-04-12 14:10:04,704 [INFO] Rule:228 - rule Rename DIE415 pin PA14 -> PA14 (JTCK/SWCLK) is applicable
2025-04-12 14:10:04,704 [INFO] Rule:228 - rule Rename DIE462/DIE415 pin PA15 -> PA15 (JTDI) is applicable
2025-04-12 14:10:04,704 [INFO] Rule:228 - rule Rename DIE462 pin PB3 -> PB3 (JTD0/TRACESWO) is applicable
2025-04-12 14:10:04,704 [INFO] Rule:228 - rule Rename DIE415 pin PB3 -> PB3 (JTD0-TRACESWO) is applicable
2025-04-12 14:10:04,704 [INFO] Rule:228 - rule Rename DIE462/DIE415 pin PB4 -> PB4 (NJTRST) is applicable
2025-04-12 14:10:04,704 [INFO] Rule:228 - rule Rename DIE462 pin PH3/BOOT0 -> PH3-BOOT0 (BOOT0) is applicable
2025-04-12 14:10:04,704 [INFO] Rule:228 - rule Rename CRYP DataEncryptionTypesList to Algorithm is applicable
2025-04-12 14:10:04,704 [INFO] Rule:228 - rule Rename AES DataEncryptionTypesList to Algorithm is applicable
2025-04-12 14:10:04,704 [INFO] Rule:228 - rule Rename TDESECB to CRYP_TDES_ECB is applicable
2025-04-12 14:10:04,704 [INFO] Rule:228 - rule Rename TDESCBC to CRYP_TDES_CBC is applicable
2025-04-12 14:10:04,704 [INFO] Rule:228 - rule Rename DESECB to CRYP_DES_ECB is applicable
2025-04-12 14:10:04,704 [INFO] Rule:228 - rule Rename DESCBC to CRYP_DES_CBC is applicable
2025-04-12 14:10:04,704 [INFO] Rule:228 - rule Rename AESECB to CRYP_AES_ECB is applicable
2025-04-12 14:10:04,704 [INFO] Rule:228 - rule Rename AESCBC to CRYP_AES_CBC is applicable
2025-04-12 14:10:04,704 [INFO] Rule:228 - rule Rename AESCTR to CRYP_AES_CTR is applicable
2025-04-12 14:10:04,704 [INFO] Rule:228 - rule Rename AESGCM to CRYP_AES_GCM is applicable
2025-04-12 14:10:04,704 [INFO] Rule:228 - rule Rename AESCCM to CRYP_AES_CCM is applicable
2025-04-12 14:10:04,705 [INFO] Rule:228 - rule Rename CAN TimeSeg1 to BS1 is applicable
2025-04-12 14:10:04,705 [INFO] Rule:228 - rule Rename CAN TimeSeg2 to BS2 is applicable
2025-04-12 14:10:04,705 [INFO] Rule:228 - rule Rename CAN SyncJumpWidth to SJW is applicable
2025-04-12 14:10:04,705 [INFO] Rule:228 - rule TimeTriggeredMode to TTCM is applicable
2025-04-12 14:10:04,705 [INFO] Rule:228 - rule Rename CAN AutoBusOff to ABOM is applicable
2025-04-12 14:10:04,705 [INFO] Rule:228 - rule Rename CAN AutoWakeUp to AWUM is applicable
2025-04-12 14:10:04,705 [INFO] Rule:228 - rule Rename CAN AutoRetransmission to NART is applicable
2025-04-12 14:10:04,705 [INFO] Rule:228 - rule Rename CAN ReceiveFifoLocked to RFLM is applicable
2025-04-12 14:10:04,705 [INFO] Rule:228 - rule Rename CAN TransmitFifoPriority to TXFP is applicable
2025-04-12 14:10:04,705 [INFO] Rule:228 - rule Rename HRTIMER HRTIM_OUTPUTFAULTLEVEL_HIGH in HRTIMER HRTIM_OUTPUTFAULTLEVEL_HIGHZ is applicable
2025-04-12 14:10:04,705 [INFO] Rule:228 - rule Rename TIMER TIM_CLEARINPUTSOURCE_OCREFCLR in  TIMER TIM_CLEARINPUTSOURCE_NONE for F7 family is applicable
2025-04-12 14:10:04,705 [INFO] Rule:228 - rule FDCAN_R1 - Rename FDCAN mode Master into Classic is applicable
2025-04-12 14:10:04,705 [INFO] Rule:228 - rule FDCAN_R2 - Rename FDCAN mode Slave into Classic is applicable
2025-04-12 14:10:04,705 [INFO] Rule:228 - rule FDCAN1_R3 - if PA10.Mode=FullDuplex, add Pin PA12 is applicable
2025-04-12 14:10:04,705 [INFO] Rule:228 - rule FDCAN1_R3 - if PA9.Mode=FullDuplex, add Pin PA11 is applicable
2025-04-12 14:10:04,705 [INFO] Rule:228 - rule FDCAN1_R3 - Alternatepin_1 - if PE1.Mode=FullDuplex, add Pin PB9 is applicable
2025-04-12 14:10:04,705 [INFO] Rule:228 - rule FDCAN1_R3 - Alternatepin_1 - if PE0.Mode=FullDuplex, add Pin PB8 is applicable
2025-04-12 14:10:04,705 [INFO] Rule:228 - rule FDCAN1_R3 - Alternatepin_2 - if PD5.Mode=FullDuplex, add Pin PD1 is applicable
2025-04-12 14:10:04,705 [INFO] Rule:228 - rule FDCAN1_R3 - Alternatepin_2 - if PD4.Mode=FullDuplex, add Pin PD0 is applicable
2025-04-12 14:10:04,705 [INFO] Rule:228 - rule FDCAN1_R4 - Rename Mode FullDuplex into Enable FDCAN_TXFD for pin PA10 is applicable
2025-04-12 14:10:04,705 [INFO] Rule:228 - rule FDCAN1_R4 - Rename Mode FullDuplex into Enable FDCAN_TXFD for pin PA9 is applicable
2025-04-12 14:10:04,705 [INFO] Rule:228 - rule FDCAN1_R4 - Alternatepin_1 - Rename Mode FullDuplex into Enable FDCAN_TXFD for pin PE1 is applicable
2025-04-12 14:10:04,705 [INFO] Rule:228 - rule FDCAN1_R4 - Alternatepin_1 - Rename Mode FullDuplex into Enable FDCAN_TXFD for pin PE0 is applicable
2025-04-12 14:10:04,705 [INFO] Rule:228 - rule FDCAN1_R4 - Alternatepin_2 - Rename Mode FullDuplex into Enable FDCAN_TXFD for pin PD5 is applicable
2025-04-12 14:10:04,705 [INFO] Rule:228 - rule FDCAN1_R4 - Alternatepin_2 - Rename Mode FullDuplex into Enable FDCAN_TXFD for pin PD4 is applicable
2025-04-12 14:10:04,705 [INFO] Rule:228 - rule FDCAN2_R3 - if PD10.Mode=FullDuplex, add Pin PB13 is applicable
2025-04-12 14:10:04,705 [INFO] Rule:228 - rule FDCAN2_R3 - if PD9.Mode=FullDuplex, add Pin PB12 is applicable
2025-04-12 14:10:04,705 [INFO] Rule:228 - rule FDCAN2_R3 - Alternatepin_1 - if PB7.Mode=FullDuplex, add Pin PB6 is applicable
2025-04-12 14:10:04,705 [INFO] Rule:228 - rule FDCAN2_R3 - Alternatepin_1 - if PD9.Mode=FullDuplex, add Pin PB12 is applicable
2025-04-12 14:10:04,705 [INFO] Rule:228 - rule FDCAN2_R4 - Rename Mode FullDuplex into Enable FDCAN_TXFD for pin PD10 is applicable
2025-04-12 14:10:04,705 [INFO] Rule:228 - rule FDCAN2_R4 - Rename Mode FullDuplex into Enable FDCAN_TXFD for pin PD9 is applicable
2025-04-12 14:10:04,705 [INFO] Rule:228 - rule FDCAN2_R4 - Alternatepin_1 - Rename Mode FullDuplex into Enable FDCAN_TXFD for pin PB7 is applicable
2025-04-12 14:10:04,705 [INFO] Rule:228 - rule FDCAN2_R4 - Alternatepin_1 - Rename Mode FullDuplex into Enable FDCAN_TXFD for pin PD6 is applicable
2025-04-12 14:10:04,705 [INFO] Rule:228 - rule USART TxPinLevelInvertParam Mode is applicable
2025-04-12 14:10:04,705 [INFO] Rule:228 - rule USART RxPinLevelInvertParam Mode is applicable
2025-04-12 14:10:04,705 [INFO] Rule:228 - rule USART DataInvertParam Mode is applicable
2025-04-12 14:10:04,705 [INFO] Rule:228 - rule USART SwapParam Mode is applicable
2025-04-12 14:10:04,705 [INFO] Rule:228 - rule USART OverrunDisableParam Mode is applicable
2025-04-12 14:10:04,705 [INFO] Rule:228 - rule USART DMADisableonRxErrorParam Mode is applicable
2025-04-12 14:10:04,705 [INFO] Rule:228 - rule USART MSBFirstParam Mode is applicable
2025-04-12 14:10:04,706 [INFO] Rule:228 - rule Update MwName for USB_DEVICE is applicable
2025-04-12 14:10:04,706 [INFO] Rule:228 - rule Change PWR_Regulator_Voltage_Scale Default Value for RCC  H7 family is applicable
2025-04-12 14:10:04,706 [INFO] Rule:228 - rule UART/USART IPParameter rename Prescaler parameter to ClockPrescaler is applicable
2025-04-12 14:10:04,706 [INFO] Rule:228 - rule UART/USART Prescaler rename Prescaler parameter to ClockPrescaler is applicable
2025-04-12 14:10:04,706 [INFO] Rule:228 - rule TIM1CLockSelection is applicable
2025-04-12 14:10:04,706 [INFO] Rule:228 - rule TIM15CLockSelection is applicable
2025-04-12 14:10:04,706 [INFO] Rule:228 - rule align RCC SDMMC3CLockSelection default value on MP1 is applicable
2025-04-12 14:10:04,706 [INFO] Rule:228 - rule align RCC SDMMC12CLockSelection default value on MP1 is applicable
2025-04-12 14:10:04,706 [INFO] Rule:228 - rule align RCC QSPICLockSelection default value on MP1 is applicable
2025-04-12 14:10:04,706 [INFO] Rule:228 - rule align RCC QSPICLockSelection default value on MP1 is applicable
2025-04-12 14:10:04,706 [INFO] Rule:228 - rule align RCC SPI6CLockSelection default value on MP1 is applicable
2025-04-12 14:10:04,706 [INFO] Rule:228 - rule align RCC LPTIM23CLockSelection default value on MP1 is applicable
2025-04-12 14:10:04,706 [INFO] Rule:228 - rule align RCC LPTIM1CLockSelection default value on MP1 is applicable
2025-04-12 14:10:04,706 [INFO] Rule:228 - rule align RCC USART1CLockSelection default value on MP1 is applicable
2025-04-12 14:10:04,706 [INFO] Rule:228 - rule align RCC USART24CLockSelection default value on MP1 is applicable
2025-04-12 14:10:04,706 [INFO] Rule:228 - rule align RCC USART6CLockSelection default value on MP1 is applicable
2025-04-12 14:10:04,706 [INFO] Rule:228 - rule align RCC UART78CLockSelection default value on MP1 is applicable
2025-04-12 14:10:04,706 [INFO] Rule:228 - rule align RCC USART35CLockSelection default value on MP1 is applicable
2025-04-12 14:10:04,706 [INFO] Rule:228 - rule align RCC SPI45CLockSelection default value on MP1 is applicable
2025-04-12 14:10:04,706 [INFO] Rule:228 - rule align RCC I2C46CLockSelection BCLK value on MP1 is applicable
2025-04-12 14:10:04,706 [INFO] Rule:228 - rule align RCC SPI45CLockSelection default value on MP1 is applicable
2025-04-12 14:10:04,706 [INFO] Rule:228 - rule align RCC I2C12CLockSelection default value on MP1 is applicable
2025-04-12 14:10:04,706 [INFO] Rule:228 - rule align RCC I2C35CLockSelection default value on MP1 is applicable
2025-04-12 14:10:04,706 [INFO] Rule:228 - rule align RCC LPTIM45CLockSelection default value on MP1 is applicable
2025-04-12 14:10:04,706 [INFO] Rule:228 - rule Rename DCMI PIXCK signal is applicable
2025-04-12 14:10:04,706 [INFO] Rule:228 - rule Change Default Value for I2C46CLockSelection MP1 family is applicable
2025-04-12 14:10:04,706 [INFO] Rule:228 - rule Change Default Value for UART for G4, G0 and WB families is applicable
2025-04-12 14:10:04,706 [INFO] Rule:228 - rule Change Default Value for USART for G4, G0 and WB families is applicable
2025-04-12 14:10:04,706 [INFO] Rule:228 - rule Change Default Value for USART for G4 family is applicable
2025-04-12 14:10:04,706 [INFO] Rule:228 - rule Change USART1CLockSelection refparam name for MP1 is applicable
2025-04-12 14:10:04,706 [INFO] Rule:228 - rule Change USART2CLockSelection refparam name for MP1 is applicable
2025-04-12 14:10:04,706 [INFO] Rule:228 - rule Change USART3CLockSelection refparam name for MP1 is applicable
2025-04-12 14:10:04,706 [INFO] Rule:228 - rule Change UART4CLockSelection refparam name for MP1 is applicable
2025-04-12 14:10:04,706 [INFO] Rule:228 - rule Change UART5CLockSelection refparam name for MP1 is applicable
2025-04-12 14:10:04,706 [INFO] Rule:228 - rule Change LPUART1CLockSelection refparam name for MP1 is applicable
2025-04-12 14:10:04,706 [INFO] Rule:228 - rule Change LPTIM1CLockSelection refparam name for MP1 is applicable
2025-04-12 14:10:04,706 [INFO] Rule:228 - rule Change LPTIM2CLockSelection refparam name for MP1 is applicable
2025-04-12 14:10:04,707 [INFO] Rule:228 - rule Change RCC_MCO1Source refparam name for MP1 is applicable
2025-04-12 14:10:04,707 [INFO] Rule:228 - rule Change LSCOSource1 refparam name for MP1 is applicable
2025-04-12 14:10:04,707 [INFO] Rule:228 - rule Change SMPSCLockSelection refparam name for MP1 is applicable
2025-04-12 14:10:04,707 [INFO] Rule:228 - rule Change LPTIM3CLockSelection refparam name for MP1 is applicable
2025-04-12 14:10:04,707 [INFO] Rule:228 - rule Change MPCBB* Default Template Mode to Parameters is applicable
2025-04-12 14:10:04,707 [INFO] Rule:228 - rule Change MPCWM* or MPCBB* Secure Mode to Parameters is applicable
2025-04-12 14:10:04,707 [INFO] Rule:228 - rule Change MPCWM* or MPCBB* No Secure Mode to Parameters is applicable
2025-04-12 14:10:04,707 [INFO] Rule:228 - rule Change TZSC IP Secure Mode to Parameters is applicable
2025-04-12 14:10:04,707 [INFO] Rule:228 - rule Change TZSC IP No Secure Mode to Parameters is applicable
2025-04-12 14:10:04,707 [INFO] Rule:228 - rule Change TZSC IP Privilege Mode to Parameters is applicable
2025-04-12 14:10:04,707 [INFO] Rule:228 - rule Change TZSC IP No Privilege Mode to Parameters is applicable
2025-04-12 14:10:04,707 [INFO] Rule:228 - rule Change TZIC IT Secure Mode to Parameters is applicable
2025-04-12 14:10:04,707 [INFO] Rule:228 - rule Change TZIC IT No Secure Mode to Parameters is applicable
2025-04-12 14:10:04,707 [INFO] Rule:228 - rule Add MPCBB1_NonSecureArea_Start_Address value with referenced to MPCBB1_NonSecureArea_Start value is applicable
2025-04-12 14:10:04,707 [INFO] Rule:228 - rule Add MPCBB2_NonSecureArea_Start_Address value with referenced to MPCBB2_NonSecureArea_Start value is applicable
2025-04-12 14:10:04,707 [INFO] Rule:228 - rule Add MPCWM1_NonSecureArea*_Start_Address value with referenced to MPCWM1_NonSecureArea*_Start value is applicable
2025-04-12 14:10:04,707 [INFO] Rule:228 - rule Add MPCWM2_NonSecureArea*_Start_Address value with referenced to MPCWM2_NonSecureArea*_Start value is applicable
2025-04-12 14:10:04,707 [INFO] Rule:228 - rule Add MPCWM3_NonSecureArea_Start_Address value with referenced to MPCWM3_NonSecureArea_Start value is applicable
2025-04-12 14:10:04,707 [INFO] Rule:228 - rule Change Default Value for PLL1UserDefinedConfig is applicable
2025-04-12 14:10:04,707 [INFO] Rule:228 - rule Change GPIO_PuPd Default Value for USART in async mode is applicable
2025-04-12 14:10:04,707 [INFO] Rule:228 - rule Change SMPSDivider Default Value is applicable
2025-04-12 14:10:04,707 [INFO] Rule:228 - rule OPAMP is applicable
2025-04-12 14:10:04,707 [INFO] Rule:228 - rule LPUART IPParameter rename Prescaler parameter to ClockPrescaler for STM32H7 is applicable
2025-04-12 14:10:04,707 [INFO] Rule:228 - rule LPUART IPParameter rename Prescaler parameter to ClockPrescaler for STM32H7 is applicable
2025-04-12 14:10:04,707 [INFO] Rule:228 - rule LPUART IPParameter rename Prescaler parameter to ClockPrescaler for STM32WB is applicable
2025-04-12 14:10:04,707 [INFO] Rule:228 - rule LPUART IPParameter rename Prescaler parameter to ClockPrescaler for STM32WB is applicable
2025-04-12 14:10:04,707 [INFO] Rule:228 - rule LPUART IPParameter rename Prescaler parameter to ClockPrescaler for STM32G4 is applicable
2025-04-12 14:10:04,707 [INFO] Rule:228 - rule LPUART IPParameter rename Prescaler parameter to ClockPrescaler for STM32G4 is applicable
2025-04-12 14:10:04,707 [INFO] Rule:228 - rule LPUART IPParameter rename Prescaler parameter to ClockPrescaler for STM32L5 is applicable
2025-04-12 14:10:04,707 [INFO] Rule:228 - rule LPUART IPParameter rename Prescaler parameter to ClockPrescaler for STM32L5 is applicable
2025-04-12 14:10:04,707 [INFO] Rule:228 - rule LPUART IPParameter rename Prescaler parameter to ClockPrescaler for STM32G4 is applicable
2025-04-12 14:10:04,707 [INFO] Rule:228 - rule LPUART IPParameter rename Prescaler parameter to ClockPrescaler for STM32G4 is applicable
2025-04-12 14:10:04,707 [INFO] Rule:228 - rule USB device lib V2.5.3 for L0 rename USBD_SUPPORT_USER_STRING parameter to USBD_SUPPORT_USER_STRING_DESC4 is applicable
2025-04-12 14:10:04,707 [INFO] Rule:228 - rule I2SCLockSelection clock entry align is applicable
2025-04-12 14:10:04,707 [INFO] Rule:228 - rule Assign TIMx context if used as SYS timebase is applicable
2025-04-12 14:10:04,707 [INFO] Rule:228 - rule Change GPIO_Pu Default Value for I2C is applicable
2025-04-12 14:10:04,707 [INFO] Rule:228 - rule Change GPIO_Pu Default Value for SMBus is applicable
2025-04-12 14:10:04,708 [INFO] Rule:228 - rule change FDCAN default value is applicable
2025-04-12 14:10:04,708 [INFO] Rule:228 - rule Change mode sai is applicable
2025-04-12 14:10:04,708 [INFO] Rule:228 - rule **Change sai mode is applicable
2025-04-12 14:10:04,708 [INFO] Rule:228 - rule Rename STM32WPAN CFG_BLE_IRK to CFG_BLE_IR is applicable
2025-04-12 14:10:04,708 [INFO] Rule:228 - rule Rename STM32WPAN CFG_BLE_ERK to CFG_BLE_ER is applicable
2025-04-12 14:10:04,708 [INFO] Rule:228 - rule Rename STM32WPAN CFG_BLE_IRK_HEX to CFG_BLE_IR_HEX is applicable
2025-04-12 14:10:04,708 [INFO] Rule:228 - rule Rename STM32WPAN CFG_BLE_ERK_HEX to CFG_BLE_ER_HEX is applicable
2025-04-12 14:10:04,722 [INFO] DbConfProperties:307 - Apply Compatibility (49/262 Rules)
2025-04-12 14:10:04,736 [INFO] ImportTextPane:218 - (OptionalMessage_ERROR) Unable to find key (Mcu.ThirdPartyNb) in loaded IOC file
2025-04-12 14:10:04,767 [INFO] RtosManager:555 - Registered RTOS mode: class=CMSIS, group=RTOS, mode=CMSIS_V1, owner=FREERTOS
2025-04-12 14:10:04,767 [INFO] RtosManager:555 - Registered RTOS mode: class=CMSIS, group=RTOS2, mode=CMSIS_V2, owner=FREERTOS
2025-04-12 14:10:04,767 [INFO] RtosManager:555 - Registered RTOS mode: class=RTOS, group=Core, mode=CMSIS_V1, owner=FREERTOS
2025-04-12 14:10:04,767 [INFO] RtosManager:555 - Registered RTOS mode: class=RTOS, group=Core, mode=CMSIS_V2, owner=FREERTOS
2025-04-12 14:10:04,767 [WARN] ModelIntegratedComponent:184 - Missing modes for component STMicroelectronics:FreeRTOS:0.0.1:STMicroelectronics:RTOS:FreeRTOS:Core:::10.2.0:
2025-04-12 14:10:04,775 [WARN] ModelIntegratedComponent:182 - Modes not found for component STMicroelectronics:USB_HOST:1.0.0:STMicroelectronics:USB::USB Host:Audio HS::1.0:USB_HOST_1_0_RESTRICTED_HS
2025-04-12 14:10:04,775 [WARN] ModelIntegratedComponent:188 - Modes not found for component STMicroelectronics:USB_HOST:1.0.0:STMicroelectronics:USB::USB Host:Audio HS::1.0:USB_HOST_1_0_RESTRICTED_HS
2025-04-12 14:10:04,775 [WARN] ModelIntegratedComponent:182 - Modes not found for component STMicroelectronics:USB_HOST:1.0.0:STMicroelectronics:USB::USB Host:CDC HS::1.0:USB_HOST_1_0_RESTRICTED_HS
2025-04-12 14:10:04,775 [WARN] ModelIntegratedComponent:188 - Modes not found for component STMicroelectronics:USB_HOST:1.0.0:STMicroelectronics:USB::USB Host:CDC HS::1.0:USB_HOST_1_0_RESTRICTED_HS
2025-04-12 14:10:04,775 [WARN] ModelIntegratedComponent:182 - Modes not found for component STMicroelectronics:USB_HOST:1.0.0:STMicroelectronics:USB::USB Host:MSC HS::1.0:USB_HOST_1_0_RESTRICTED_HS
2025-04-12 14:10:04,775 [WARN] ModelIntegratedComponent:188 - Modes not found for component STMicroelectronics:USB_HOST:1.0.0:STMicroelectronics:USB::USB Host:MSC HS::1.0:USB_HOST_1_0_RESTRICTED_HS
2025-04-12 14:10:04,775 [WARN] ModelIntegratedComponent:182 - Modes not found for component STMicroelectronics:USB_HOST:1.0.0:STMicroelectronics:USB::USB Host:HID HS::1.0:USB_HOST_1_0_RESTRICTED_HS
2025-04-12 14:10:04,775 [WARN] ModelIntegratedComponent:188 - Modes not found for component STMicroelectronics:USB_HOST:1.0.0:STMicroelectronics:USB::USB Host:HID HS::1.0:USB_HOST_1_0_RESTRICTED_HS
2025-04-12 14:10:04,775 [WARN] ModelIntegratedComponent:182 - Modes not found for component STMicroelectronics:USB_HOST:1.0.0:STMicroelectronics:USB::USB Host:MTP HS::1.0:USB_HOST_1_0_RESTRICTED_HS
2025-04-12 14:10:04,775 [WARN] ModelIntegratedComponent:188 - Modes not found for component STMicroelectronics:USB_HOST:1.0.0:STMicroelectronics:USB::USB Host:MTP HS::1.0:USB_HOST_1_0_RESTRICTED_HS
2025-04-12 14:10:04,783 [WARN] ModelIntegratedComponent:63 - No mode defined for component null
2025-04-12 14:10:04,783 [WARN] ModelIntegratedComponent:63 - No mode defined for component null
2025-04-12 14:10:04,783 [WARN] ModelIntegratedComponent:63 - No mode defined for component null
2025-04-12 14:10:04,783 [WARN] ModelIntegratedComponent:63 - No mode defined for component null
2025-04-12 14:10:04,783 [WARN] ModelIntegratedComponent:63 - No mode defined for component null
2025-04-12 14:10:04,783 [WARN] ModelIntegratedComponent:63 - No mode defined for component null
2025-04-12 14:10:04,783 [WARN] ModelIntegratedComponent:63 - No mode defined for component null
2025-04-12 14:10:04,783 [WARN] ModelIntegratedComponent:63 - No mode defined for component null
2025-04-12 14:10:04,783 [WARN] ModelIntegratedComponent:63 - No mode defined for component null
2025-04-12 14:10:04,783 [WARN] ModelIntegratedComponent:63 - No mode defined for component null
2025-04-12 14:10:04,783 [WARN] ModelIntegratedComponent:63 - No mode defined for component null
2025-04-12 14:10:04,784 [WARN] ModelIntegratedComponent:63 - No mode defined for component null
2025-04-12 14:10:04,784 [WARN] ModelIntegratedComponent:63 - No mode defined for component null
2025-04-12 14:10:04,784 [WARN] ModelIntegratedComponent:63 - No mode defined for component null
2025-04-12 14:10:04,784 [WARN] ModelIntegratedComponent:63 - No mode defined for component null
2025-04-12 14:10:04,784 [WARN] ModelIntegratedComponent:63 - No mode defined for component null
2025-04-12 14:10:04,784 [WARN] ModelIntegratedComponent:63 - No mode defined for component null
2025-04-12 14:10:04,784 [WARN] ModelIntegratedComponent:63 - No mode defined for component null
2025-04-12 14:10:04,784 [WARN] ModelIntegratedComponent:63 - No mode defined for component null
2025-04-12 14:10:04,784 [WARN] ModelIntegratedComponent:63 - No mode defined for component null
2025-04-12 14:10:04,784 [WARN] ModelIntegratedComponent:63 - No mode defined for component null
2025-04-12 14:10:04,784 [WARN] ModelIntegratedComponent:63 - No mode defined for component null
2025-04-12 14:10:04,784 [WARN] ModelIntegratedComponent:63 - No mode defined for component null
2025-04-12 14:10:04,784 [WARN] ModelIntegratedComponent:63 - No mode defined for component null
2025-04-12 14:10:04,785 [WARN] ModelIntegratedComponent:63 - No mode defined for component null
2025-04-12 14:10:04,785 [WARN] ModelIntegratedComponent:63 - No mode defined for component null
2025-04-12 14:10:04,785 [WARN] ModelIntegratedComponent:63 - No mode defined for component null
2025-04-12 14:10:04,785 [WARN] ModelIntegratedComponent:63 - No mode defined for component null
2025-04-12 14:10:04,785 [WARN] ModelIntegratedComponent:63 - No mode defined for component null
2025-04-12 14:10:04,785 [WARN] ModelIntegratedComponent:63 - No mode defined for component null
2025-04-12 14:10:04,785 [WARN] ModelIntegratedComponent:63 - No mode defined for component null
2025-04-12 14:10:04,785 [WARN] ModelIntegratedComponent:63 - No mode defined for component null
2025-04-12 14:10:04,785 [WARN] ModelIntegratedComponent:63 - No mode defined for component null
2025-04-12 14:10:04,785 [WARN] ModelIntegratedComponent:63 - No mode defined for component null
2025-04-12 14:10:04,785 [WARN] ModelIntegratedComponent:63 - No mode defined for component null
2025-04-12 14:10:04,785 [WARN] ModelPack:524 - Component already loaded: STMicroelectronics:HAL Drivers:0.0.0:STMicroelectronics:Device:STMicro_Driver:XSPI:HAL::0.0.1:HAL_XSPI
2025-04-12 14:10:04,954 [WARN] ModelIntegratedComponent:182 - Modes not found for component STMicroelectronics:USB_DEVICE:1.0.0:STMicroelectronics:USB::USB Device:Audio HS::1.0:USB_DEVICE_1_0_RESTRICTED_HS
2025-04-12 14:10:04,955 [WARN] ModelIntegratedComponent:188 - Modes not found for component STMicroelectronics:USB_DEVICE:1.0.0:STMicroelectronics:USB::USB Device:Audio HS::1.0:USB_DEVICE_1_0_RESTRICTED_HS
2025-04-12 14:10:04,955 [WARN] ModelIntegratedComponent:182 - Modes not found for component STMicroelectronics:USB_DEVICE:1.0.0:STMicroelectronics:USB::USB Device:CDC HS::1.0:USB_DEVICE_1_0_RESTRICTED_HS
2025-04-12 14:10:04,955 [WARN] ModelIntegratedComponent:188 - Modes not found for component STMicroelectronics:USB_DEVICE:1.0.0:STMicroelectronics:USB::USB Device:CDC HS::1.0:USB_DEVICE_1_0_RESTRICTED_HS
2025-04-12 14:10:04,955 [WARN] ModelIntegratedComponent:182 - Modes not found for component STMicroelectronics:USB_DEVICE:1.0.0:STMicroelectronics:USB::USB Device:DFU HS::1.0:USB_DEVICE_1_0_RESTRICTED_HS
2025-04-12 14:10:04,955 [WARN] ModelIntegratedComponent:188 - Modes not found for component STMicroelectronics:USB_DEVICE:1.0.0:STMicroelectronics:USB::USB Device:DFU HS::1.0:USB_DEVICE_1_0_RESTRICTED_HS
2025-04-12 14:10:04,955 [WARN] ModelIntegratedComponent:182 - Modes not found for component STMicroelectronics:USB_DEVICE:1.0.0:STMicroelectronics:USB::USB Device:HID HS::1.0:USB_DEVICE_1_0_RESTRICTED_HS
2025-04-12 14:10:04,955 [WARN] ModelIntegratedComponent:188 - Modes not found for component STMicroelectronics:USB_DEVICE:1.0.0:STMicroelectronics:USB::USB Device:HID HS::1.0:USB_DEVICE_1_0_RESTRICTED_HS
2025-04-12 14:10:04,955 [WARN] ModelIntegratedComponent:182 - Modes not found for component STMicroelectronics:USB_DEVICE:1.0.0:STMicroelectronics:USB::USB Device:Custom HID HS::1.0:USB_DEVICE_1_0_RESTRICTED_HS
2025-04-12 14:10:04,955 [WARN] ModelIntegratedComponent:188 - Modes not found for component STMicroelectronics:USB_DEVICE:1.0.0:STMicroelectronics:USB::USB Device:Custom HID HS::1.0:USB_DEVICE_1_0_RESTRICTED_HS
2025-04-12 14:10:04,955 [WARN] ModelIntegratedComponent:182 - Modes not found for component STMicroelectronics:USB_DEVICE:1.0.0:STMicroelectronics:USB::USB Device:MSC HS::1.0:USB_DEVICE_1_0_RESTRICTED_HS
2025-04-12 14:10:04,955 [WARN] ModelIntegratedComponent:188 - Modes not found for component STMicroelectronics:USB_DEVICE:1.0.0:STMicroelectronics:USB::USB Device:MSC HS::1.0:USB_DEVICE_1_0_RESTRICTED_HS
2025-04-12 14:10:04,971 [INFO] ThirdPartyModel:298 - Start build external matchings
2025-04-12 14:10:05,515 [INFO] ThirdPartyModel:316 - End build external matchings
2025-04-12 14:10:05,523 [INFO] ImportTextPane:218 - (OptionalMessage_ERROR) IP (RCC) : Parameter (48MHZClocksFreq_Value) has invalid value (84000000)
2025-04-12 14:10:05,523 [INFO] ImportTextPane:218 - (OptionalMessage_ERROR) IP (RCC) : Parameter (FLatency) has Id (AdvancedSettings) currently not set
2025-04-12 14:10:05,524 [INFO] ImportTextPane:218 - (OptionalMessage_ERROR) IP (RCC) : Parameter (RTCHSEDivFreq_Value) has invalid value (4000000)
2025-04-12 14:10:05,748 [INFO] UtilMem:75 - End LoadConfig() Used Memory: 835818736 Bytes (1073741824)
2025-04-12 14:10:05,782 [WARN] ThirdParty:833 - waiting for thirdparty lock release [change project]
2025-04-12 14:10:05,782 [INFO] ThirdParty:835 - entering critical section [change project]
2025-04-12 14:10:05,782 [INFO] ThirdParty:1030 - CMSIS Pack Vendor :STMicroelectronics USBPD 4.1
2025-04-12 14:10:05,782 [INFO] ThirdParty:1030 - CMSIS Pack Vendor :STMicroelectronics X-CUBE-AZRTOS-H7 3.3.0
2025-04-12 14:10:05,782 [INFO] ThirdParty:1030 - CMSIS Pack Vendor :STMicroelectronics X-CUBE-NFC9 1.0.0
2025-04-12 14:10:05,782 [INFO] ThirdParty:1030 - CMSIS Pack Vendor :STMicroelectronics USB_HOST 2.0.0
2025-04-12 14:10:05,782 [INFO] ThirdParty:1030 - CMSIS Pack Vendor :STMicroelectronics FP-SNS-MOTENVWB1 1.4.0
2025-04-12 14:10:05,782 [INFO] ThirdParty:1030 - CMSIS Pack Vendor :STMicroelectronics X-CUBE-AZRTOS-F4 1.1.0
2025-04-12 14:10:05,782 [INFO] ThirdParty:1030 - CMSIS Pack Vendor :STMicroelectronics LIBJPEG 8.0.0
2025-04-12 14:10:05,782 [INFO] ThirdParty:1030 - CMSIS Pack Vendor :STMicroelectronics FP-ATR-ASTRA1 2.0.2
2025-04-12 14:10:05,782 [INFO] ThirdParty:1030 - CMSIS Pack Vendor :STMicroelectronics X-CUBE-BLE1 7.1.0
2025-04-12 14:10:05,783 [INFO] ThirdParty:1030 - CMSIS Pack Vendor :Avnet-IotConnect X-CUBE-IoTC-DA16k-PMOD 1.0.0
2025-04-12 14:10:05,783 [INFO] ThirdParty:1030 - CMSIS Pack Vendor :STMicroelectronics X-CUBE-SMBUS 2.1.0
2025-04-12 14:10:05,783 [INFO] ThirdParty:1030 - CMSIS Pack Vendor :STMicroelectronics X-CUBE-WB05N 1.1.0
2025-04-12 14:10:05,783 [INFO] ThirdParty:1030 - CMSIS Pack Vendor :wolfSSL I-CUBE-wolfMQTT 1.19.2
2025-04-12 14:10:05,783 [INFO] ThirdParty:1030 - CMSIS Pack Vendor :STMicroelectronics USB_DEVICE 3.0.0
2025-04-12 14:10:05,783 [INFO] ThirdParty:1030 - CMSIS Pack Vendor :STMicroelectronics X-CUBE-ISPU 2.1.0
2025-04-12 14:10:05,783 [INFO] ThirdParty:1030 - CMSIS Pack Vendor :STMicroelectronics X-CUBE-AZRTOS-WB 2.0.0
2025-04-12 14:10:05,783 [INFO] ThirdParty:1030 - CMSIS Pack Vendor :STMicroelectronics X-CUBE-GNSS1 7.0.1
2025-04-12 14:10:05,783 [INFO] ThirdParty:1030 - CMSIS Pack Vendor :STMicroelectronics X-CUBE-AZRTOS-F7 1.1.0
2025-04-12 14:10:05,783 [INFO] ThirdParty:1030 - CMSIS Pack Vendor :STMicroelectronics X-CUBE-AZRTOS-L5 2.0.0
2025-04-12 14:10:05,783 [INFO] ThirdParty:1030 - CMSIS Pack Vendor :STMicroelectronics X-CUBE-TOUCHGFX 4.25.0
2025-04-12 14:10:05,783 [INFO] ThirdParty:1030 - CMSIS Pack Vendor :STMicroelectronics USB_DEVICE 2.0.0
2025-04-12 14:10:05,783 [INFO] ThirdParty:1030 - CMSIS Pack Vendor :STMicroelectronics X-CUBE-NFC6 3.1.0
2025-04-12 14:10:05,783 [INFO] ThirdParty:1030 - CMSIS Pack Vendor :STMicroelectronics FP-SNS-STBOX1 2.0.0
2025-04-12 14:10:05,783 [INFO] ThirdParty:1030 - CMSIS Pack Vendor :STMicroelectronics FreeRTOS 0.0.1
2025-04-12 14:10:05,783 [INFO] ThirdParty:1030 - CMSIS Pack Vendor :STMicroelectronics X-CUBE-AZRTOS-G0 1.1.0
2025-04-12 14:10:05,783 [INFO] ThirdParty:1030 - CMSIS Pack Vendor :STMicroelectronics X-CUBE-SAFEA1 1.2.2
2025-04-12 14:10:05,783 [INFO] ThirdParty:1030 - CMSIS Pack Vendor :STMicroelectronics X-CUBE-NFC4 3.0.0
2025-04-12 14:10:05,783 [INFO] ThirdParty:1030 - CMSIS Pack Vendor :STMicroelectronics X-CUBE-DPower 1.2.0
2025-04-12 14:10:05,783 [INFO] ThirdParty:1030 - CMSIS Pack Vendor :STMicroelectronics X-CUBE-SUBG2 5.0.0
2025-04-12 14:10:05,783 [INFO] ThirdParty:1030 - CMSIS Pack Vendor :STMicroelectronics X-CUBE-AZRTOS-H7RS 1.1.0
2025-04-12 14:10:05,783 [INFO] ThirdParty:1030 - CMSIS Pack Vendor :STMicroelectronics STM32_WPAN 1.0.0
2025-04-12 14:10:05,783 [INFO] ThirdParty:1030 - CMSIS Pack Vendor :EmbeddedOffice I-CUBE-FS-RTOS 1.0.1
2025-04-12 14:10:05,783 [INFO] ThirdParty:1030 - CMSIS Pack Vendor :STMicroelectronics lwIP 2.0.3
2025-04-12 14:10:05,783 [INFO] ThirdParty:1030 - CMSIS Pack Vendor :STMicroelectronics FP-SNS-FLIGHT1 5.0.2
2025-04-12 14:10:05,783 [INFO] ThirdParty:1030 - CMSIS Pack Vendor :Cesanta I-CUBE-Mongoose 7.13.0
2025-04-12 14:10:05,783 [INFO] ThirdParty:1030 - CMSIS Pack Vendor :STMicroelectronics USB_HOST 1.0.0
2025-04-12 14:10:05,784 [INFO] ThirdParty:1030 - CMSIS Pack Vendor :Infineon AIROC-Wi-Fi-Bluetooth-STM32 1.7.0
2025-04-12 14:10:05,784 [INFO] ThirdParty:1030 - CMSIS Pack Vendor :STMicroelectronics X-CUBE-AZRTOS-G4 2.0.0
2025-04-12 14:10:05,784 [INFO] ThirdParty:1030 - CMSIS Pack Vendor :STMicroelectronics PDM2PCM 3.1.0
2025-04-12 14:10:05,784 [INFO] ThirdParty:1030 - CMSIS Pack Vendor :STMicroelectronics PDM2PCM 3.3.0
2025-04-12 14:10:05,784 [INFO] ThirdParty:1030 - CMSIS Pack Vendor :wolfSSL I-CUBE-wolfTPM 3.8.0
2025-04-12 14:10:05,784 [INFO] ThirdParty:1030 - CMSIS Pack Vendor :STMicroelectronics X-CUBE-DISPLAY 3.0.0
2025-04-12 14:10:05,784 [INFO] ThirdParty:1030 - CMSIS Pack Vendor :wolfSSL I-CUBE-wolfSSH 1.4.20
2025-04-12 14:10:05,784 [INFO] ThirdParty:1030 - CMSIS Pack Vendor :STMicroelectronics X-CUBE-TCPP 4.2.0
2025-04-12 14:10:05,784 [INFO] ThirdParty:1030 - CMSIS Pack Vendor :RealThread X-CUBE-RT-Thread_Nano 4.1.1
2025-04-12 14:10:05,784 [INFO] ThirdParty:1030 - CMSIS Pack Vendor :STMicroelectronics X-CUBE-BLE1 7.0.0
2025-04-12 14:10:05,784 [INFO] ThirdParty:1030 - CMSIS Pack Vendor :STMicroelectronics FP-ATR-SIGFOX1 3.2.0
2025-04-12 14:10:05,784 [INFO] ThirdParty:1030 - CMSIS Pack Vendor :STMicroelectronics X-CUBE-NFC10 1.0.0
2025-04-12 14:10:05,784 [INFO] ThirdParty:1030 - CMSIS Pack Vendor :quantropi X-CUBE-qispace-sdk-base 1.9.3
2025-04-12 14:10:05,784 [INFO] ThirdParty:1030 - CMSIS Pack Vendor :STMicroelectronics X-CUBE-BLEMGR 4.0.0
2025-04-12 14:10:05,784 [INFO] ThirdParty:1030 - CMSIS Pack Vendor :STMicroelectronics X-CUBE-EEPRMA1 5.1.0
2025-04-12 14:10:05,784 [INFO] ThirdParty:1030 - CMSIS Pack Vendor :STMicroelectronics HAL Drivers 0.0.0
2025-04-12 14:10:05,784 [INFO] ThirdParty:1030 - CMSIS Pack Vendor :STMicroelectronics MBEDTLS 2.16.2
2025-04-12 14:10:05,784 [INFO] ThirdParty:1030 - CMSIS Pack Vendor :STMicroelectronics X-CUBE-IPS 3.1.0
2025-04-12 14:10:05,784 [INFO] ThirdParty:1030 - CMSIS Pack Vendor :STMicroelectronics X-CUBE-ALS 1.0.2
2025-04-12 14:10:05,784 [INFO] ThirdParty:1030 - CMSIS Pack Vendor :emotas I-CUBE-CANOPEN 1.3.0
2025-04-12 14:10:05,784 [INFO] ThirdParty:1030 - CMSIS Pack Vendor :STMicroelectronics X-CUBE-FREERTOS 1.3.0
2025-04-12 14:10:05,784 [INFO] ThirdParty:1030 - CMSIS Pack Vendor :STMicroelectronics X-CUBE-NFC7 1.0.1
2025-04-12 14:10:05,784 [INFO] ThirdParty:1030 - CMSIS Pack Vendor :STMicroelectronics MBEDTLS 2.14.1
2025-04-12 14:10:05,784 [INFO] ThirdParty:1030 - CMSIS Pack Vendor :wolfSSL I-CUBE-wolfSSL 5.7.6
2025-04-12 14:10:05,784 [INFO] ThirdParty:1030 - CMSIS Pack Vendor :ITTIA_DB I-CUBE-ITTIADB 8.9.0
2025-04-12 14:10:05,784 [INFO] ThirdParty:1030 - CMSIS Pack Vendor :STMicroelectronics X-CUBE-TOUCHGFX 4.24.2
2025-04-12 14:10:05,784 [INFO] ThirdParty:1030 - CMSIS Pack Vendor :portGmbH I-Cube-SoM-uGOAL 1.1.0
2025-04-12 14:10:05,784 [INFO] ThirdParty:1030 - CMSIS Pack Vendor :STMicroelectronics X-CUBE-AI 10.0.0
2025-04-12 14:10:05,784 [INFO] ThirdParty:1030 - CMSIS Pack Vendor :STMicroelectronics ThreadX 1.0.0
2025-04-12 14:10:05,784 [INFO] ThirdParty:1030 - CMSIS Pack Vendor :STMicroelectronics FP-SNS-SMARTAG2 1.2.0
2025-04-12 14:10:05,785 [INFO] ThirdParty:1030 - CMSIS Pack Vendor :STMicroelectronics FP-SNS-FLIGHT1 5.1.0
2025-04-12 14:10:05,785 [INFO] ThirdParty:1030 - CMSIS Pack Vendor :STMicroelectronics X-CUBE-MEMS1 11.1.0
2025-04-12 14:10:05,785 [INFO] ThirdParty:1030 - CMSIS Pack Vendor :STMicroelectronics X-CUBE-AZRTOS-WL 2.0.0
2025-04-12 14:10:05,785 [INFO] ThirdParty:1030 - CMSIS Pack Vendor :SEGGER I-CUBE-embOS 1.3.1
2025-04-12 14:10:05,785 [INFO] ThirdParty:1030 - CMSIS Pack Vendor :STMicroelectronics X-CUBE-ALGOBUILD 1.4.0
2025-04-12 14:10:05,785 [INFO] ThirdParty:1030 - CMSIS Pack Vendor :STMicroelectronics X-CUBE-DPower 1.3.0
2025-04-12 14:10:05,785 [INFO] ThirdParty:1030 - CMSIS Pack Vendor :STMicroelectronics FP-SNS-MOTENV1 5.0.0
2025-04-12 14:10:05,785 [INFO] ThirdParty:1030 - CMSIS Pack Vendor :STMicroelectronics USB_DEVICE 1.0.0
2025-04-12 14:10:05,785 [INFO] ThirdParty:1030 - CMSIS Pack Vendor :STMicroelectronics X-CUBE-AZRTOS-H7RS 1.0.0
2025-04-12 14:10:05,785 [INFO] ThirdParty:1030 - CMSIS Pack Vendor :STMicroelectronics X-CUBE-AZRTOS-L4 2.0.0
2025-04-12 14:10:05,785 [INFO] ThirdParty:1030 - CMSIS Pack Vendor :STMicroelectronics ThreadX 0.0.2
2025-04-12 14:10:05,785 [INFO] ThirdParty:1030 - CMSIS Pack Vendor :WES I-CUBE-Cesium 1.3.0
2025-04-12 14:10:05,785 [INFO] ThirdParty:1030 - CMSIS Pack Vendor :STMicroelectronics lwIP 2.1.2
2025-04-12 14:10:05,785 [INFO] ThirdParty:1030 - CMSIS Pack Vendor :STMicroelectronics X-CUBE-SFXS2LP1 4.0.0
2025-04-12 14:10:05,785 [INFO] ThirdParty:1030 - CMSIS Pack Vendor :STMicroelectronics X-CUBE-BLE2 3.3.0
2025-04-12 14:10:05,785 [INFO] ThirdParty:1030 - CMSIS Pack Vendor :STMicroelectronics X-CUBE-TOF1 3.4.2
2025-04-12 14:10:05,785 [INFO] ThirdParty:1030 - CMSIS Pack Vendor :STMicroelectronics PDM2PCM 3.2.0
2025-04-12 14:10:05,786 [INFO] ThirdParty:841 - exiting critical section [change project]
2025-04-12 14:10:05,944 [INFO] PinOutPanel:1589 - setPackage(No Configuration,No Configuration)
2025-04-12 14:10:05,945 [INFO] PinOutPanel:1589 - setPackage(STM32F411RETx,LQFP64)
2025-04-12 14:10:06,170 [INFO] UtilMem:75 - Before build in PCC Used Memory: 991007984 Bytes (1073741824)
2025-04-12 14:10:06,407 [INFO] UtilMem:75 - After build in PCC Used Memory: 837117984 Bytes (1073741824)
2025-04-12 14:10:06,431 [INFO] IPUIPlugin:80 - create IPUIPlugin
2025-04-12 14:10:06,431 [INFO] IPUIPlugin:80 - create IPUIPlugin
2025-04-12 14:10:06,431 [INFO] IPUIPlugin:80 - create IPUIPlugin
2025-04-12 14:10:06,431 [INFO] IPUIPlugin:80 - create IPUIPlugin
2025-04-12 14:10:06,431 [INFO] IPUIPlugin:80 - create IPUIPlugin
2025-04-12 14:10:06,431 [INFO] IPUIPlugin:80 - create IPUIPlugin
2025-04-12 14:10:06,431 [INFO] IPUIPlugin:80 - create IPUIPlugin
2025-04-12 14:10:06,431 [INFO] IPUIPlugin:80 - create IPUIPlugin
2025-04-12 14:10:06,432 [INFO] IPUIPlugin:80 - create IPUIPlugin
2025-04-12 14:10:06,432 [INFO] IPUIPlugin:80 - create IPUIPlugin
2025-04-12 14:10:06,432 [INFO] IPUIPlugin:80 - create IPUIPlugin
2025-04-12 14:10:06,432 [INFO] IPUIPlugin:80 - create IPUIPlugin
2025-04-12 14:10:06,432 [INFO] IPUIPlugin:80 - create IPUIPlugin
2025-04-12 14:10:06,432 [INFO] IPUIPlugin:80 - create IPUIPlugin
2025-04-12 14:10:06,432 [INFO] IPUIPlugin:80 - create IPUIPlugin
2025-04-12 14:10:06,433 [INFO] IPUIPlugin:80 - create IPUIPlugin
2025-04-12 14:10:06,433 [INFO] IPUIPlugin:80 - create IPUIPlugin
2025-04-12 14:10:06,433 [INFO] IPUIPlugin:80 - create IPUIPlugin
2025-04-12 14:10:06,433 [INFO] IPUIPlugin:80 - create IPUIPlugin
2025-04-12 14:10:06,434 [INFO] IPUIPlugin:80 - create IPUIPlugin
2025-04-12 14:10:06,434 [INFO] IPUIPlugin:80 - create IPUIPlugin
2025-04-12 14:10:06,434 [INFO] IPUIPlugin:80 - create IPUIPlugin
2025-04-12 14:10:06,434 [INFO] IPUIPlugin:80 - create IPUIPlugin
2025-04-12 14:10:06,435 [INFO] IPUIPlugin:80 - create IPUIPlugin
2025-04-12 14:10:06,435 [INFO] IPUIPlugin:80 - create IPUIPlugin
2025-04-12 14:10:06,435 [INFO] IPUIPlugin:80 - create IPUIPlugin
2025-04-12 14:10:06,435 [INFO] IPUIPlugin:80 - create IPUIPlugin
2025-04-12 14:10:06,435 [INFO] IPUIPlugin:80 - create IPUIPlugin
2025-04-12 14:10:06,436 [INFO] IPUIPlugin:80 - create IPUIPlugin
2025-04-12 14:10:06,436 [INFO] IPUIPlugin:80 - create IPUIPlugin
2025-04-12 14:10:06,437 [INFO] IPUIPlugin:80 - create IPUIPlugin
2025-04-12 14:10:06,437 [INFO] IPUIPlugin:80 - create IPUIPlugin
2025-04-12 14:10:06,438 [INFO] IPUIPlugin:80 - create IPUIPlugin
2025-04-12 14:10:06,438 [INFO] IPUIPlugin:80 - create IPUIPlugin
2025-04-12 14:10:06,438 [INFO] IPUIPlugin:80 - create IPUIPlugin
2025-04-12 14:10:06,439 [INFO] IPUIPlugin:80 - create IPUIPlugin
2025-04-12 14:10:06,439 [INFO] IPUIPlugin:80 - create IPUIPlugin
2025-04-12 14:10:06,439 [INFO] IPUIPlugin:80 - create IPUIPlugin
2025-04-12 14:10:06,440 [INFO] IPUIPlugin:80 - create IPUIPlugin
2025-04-12 14:10:06,440 [INFO] IPUIPlugin:80 - create IPUIPlugin
2025-04-12 14:10:06,441 [INFO] IPUIPlugin:80 - create IPUIPlugin
2025-04-12 14:10:06,441 [INFO] IPUIPlugin:80 - create IPUIPlugin
2025-04-12 14:10:06,442 [INFO] IPUIPlugin:80 - create IPUIPlugin
2025-04-12 14:10:06,446 [INFO] ApiDbMcu:508 - Load IP Config File for PDM2PCM
2025-04-12 14:10:06,525 [INFO] CADModel:165 - CPN selected for project levelSTM32F411RET6
2025-04-12 14:10:06,526 [INFO] CADModel:114 - Register for checkConnection events
2025-04-12 14:10:06,586 [INFO] OpenFileManager:363 - Restore cursor
2025-04-12 14:10:07,022 [INFO] UtilMem:75 - End SaveConfig() Used Memory: 927772840 Bytes (1073741824)
2025-04-12 14:10:07,090 [INFO] UtilMem:75 - End SaveConfig() Used Memory: 943546400 Bytes (1073741824)
2025-04-12 14:10:07,246 [INFO] BlockDiagram:2766 - set Specific Code input for plugin: NVIC
2025-04-12 14:10:07,246 [INFO] BlockDiagram:2766 - set Specific Code input for plugin: USART
2025-04-12 14:10:07,246 [INFO] BlockDiagram:2766 - set Specific Code input for plugin: SYS
2025-04-12 14:10:07,246 [INFO] BlockDiagram:2766 - set Specific Code input for plugin: GPIO
2025-04-12 14:10:07,246 [INFO] BlockDiagram:2766 - set Specific Code input for plugin: RCC
2025-04-12 14:10:07,248 [INFO] CodeGenerator:896 - code generatio: config db path: C:\ST\STM32CubeIDE_1.17.0\STM32CubeIDE\plugins\com.st.stm32cube.common.mx_6.13.0.202411220809\\db\
2025-04-12 14:10:07,364 [INFO] CodeEngine:255 - oldGeneratedFile, C:\Users\Flori\Documents\Project\Tech\IT\firmware-development\NucleoF411RE-ApplicationShield\nucleo-AppShield\MXTmpFiles\license.tmp_save
2025-04-12 14:10:07,481 [INFO] CodeEngine:279 - Generated code: C:\Users\Flori\Documents\Project\Tech\IT\firmware-development\NucleoF411RE-ApplicationShield\nucleo-AppShield\MXTmpFiles\license.tmp
2025-04-12 14:10:07,511 [INFO] CodeEngine:255 - oldGeneratedFile, C:\Users\Flori\Documents\Project\Tech\IT\firmware-development\NucleoF411RE-ApplicationShield\nucleo-AppShield\MXTmpFiles\gpio.tmp_save
2025-04-12 14:10:07,617 [INFO] CodeEngine:279 - Generated code: C:\Users\Flori\Documents\Project\Tech\IT\firmware-development\NucleoF411RE-ApplicationShield\nucleo-AppShield\MXTmpFiles\gpio.tmp
2025-04-12 14:10:07,673 [INFO] CodeEngine:255 - oldGeneratedFile, C:\Users\Flori\Documents\Project\Tech\IT\firmware-development\NucleoF411RE-ApplicationShield\nucleo-AppShield\Core\Src\stm32f4xx_it.c_save
2025-04-12 14:10:07,767 [INFO] CodeEngine:279 - Generated code: C:\Users\Flori\Documents\Project\Tech\IT\firmware-development\NucleoF411RE-ApplicationShield\nucleo-AppShield\Core\Src\stm32f4xx_it.c
2025-04-12 14:10:07,770 [INFO] CodeEngine:255 - oldGeneratedFile, C:\Users\Flori\Documents\Project\Tech\IT\firmware-development\NucleoF411RE-ApplicationShield\nucleo-AppShield\Core\Inc\stm32f4xx_it.h_save
2025-04-12 14:10:07,835 [INFO] CodeEngine:279 - Generated code: C:\Users\Flori\Documents\Project\Tech\IT\firmware-development\NucleoF411RE-ApplicationShield\nucleo-AppShield\Core\Inc\stm32f4xx_it.h
2025-04-12 14:10:07,844 [INFO] CodeEngine:255 - oldGeneratedFile, C:\Users\Flori\Documents\Project\Tech\IT\firmware-development\NucleoF411RE-ApplicationShield\nucleo-AppShield\Core\Src\stm32f4xx_hal_msp.c_save
2025-04-12 14:10:07,943 [INFO] CodeEngine:279 - Generated code: C:\Users\Flori\Documents\Project\Tech\IT\firmware-development\NucleoF411RE-ApplicationShield\nucleo-AppShield\Core\Src\stm32f4xx_hal_msp.c
2025-04-12 14:10:07,946 [INFO] CodeEngine:255 - oldGeneratedFile, C:\Users\Flori\Documents\Project\Tech\IT\firmware-development\NucleoF411RE-ApplicationShield\nucleo-AppShield\MXTmpFiles\system.tmp_save
2025-04-12 14:10:07,996 [INFO] CodeEngine:279 - Generated code: C:\Users\Flori\Documents\Project\Tech\IT\firmware-development\NucleoF411RE-ApplicationShield\nucleo-AppShield\MXTmpFiles\system.tmp
2025-04-12 14:10:08,011 [INFO] CodeEngine:311 - oldGeneratedFile, C:\Users\Flori\Documents\Project\Tech\IT\firmware-development\NucleoF411RE-ApplicationShield\nucleo-AppShield\Core\Inc\stm32f4xx_hal_conf.h_save
2025-04-12 14:10:08,132 [INFO] CodeEngine:335 - Generated code: C:\Users\Flori\Documents\Project\Tech\IT\firmware-development\NucleoF411RE-ApplicationShield\nucleo-AppShield\Core\Inc\stm32f4xx_hal_conf.h
2025-04-12 14:10:08,171 [INFO] ApiDbMcu:508 - Load IP Config File for USART2
2025-04-12 14:10:08,178 [INFO] ApiDbMcu:508 - Load IP Config File for RCC
2025-04-12 14:10:08,186 [INFO] CodeEngine:255 - oldGeneratedFile, C:\Users\Flori\Documents\Project\Tech\IT\firmware-development\NucleoF411RE-ApplicationShield\nucleo-AppShield\Core\Inc\main.h_save
2025-04-12 14:10:08,285 [INFO] CodeEngine:279 - Generated code: C:\Users\Flori\Documents\Project\Tech\IT\firmware-development\NucleoF411RE-ApplicationShield\nucleo-AppShield\Core\Inc\main.h
2025-04-12 14:10:08,290 [INFO] CodeEngine:255 - oldGeneratedFile, C:\Users\Flori\Documents\Project\Tech\IT\firmware-development\NucleoF411RE-ApplicationShield\nucleo-AppShield\Core\Src\main.c_save
2025-04-12 14:10:08,382 [INFO] CodeEngine:279 - Generated code: C:\Users\Flori\Documents\Project\Tech\IT\firmware-development\NucleoF411RE-ApplicationShield\nucleo-AppShield\Core\Src\main.c
2025-04-12 14:10:08,753 [INFO] ProjectBuilder:3289 - Time for Copy HAL[1] : 225mS.
2025-04-12 14:10:08,758 [INFO] ProjectBuilder:4876 - Project Generator version: 4.5.0-RC5
2025-04-12 14:10:08,872 [INFO] ConfigFileManager:1579 - The Die is : DIE431
2025-04-12 14:10:08,882 [INFO] ApiDbMcu:508 - Load IP Config File for FATFS
2025-04-12 14:10:08,910 [INFO] ApiDbMcu:508 - Load IP Config File for FREERTOS
2025-04-12 14:10:08,917 [INFO] ApiDbMcu:508 - Load IP Config File for LIBJPEG
2025-04-12 14:10:08,956 [INFO] ApiDbMcu:508 - Load IP Config File for MBEDTLS
2025-04-12 14:10:08,996 [INFO] ApiDbMcu:508 - Load IP Config File for USB_DEVICE
2025-04-12 14:10:09,007 [INFO] ApiDbMcu:508 - Load IP Config File for USB_HOST
2025-04-12 14:10:11,281 [INFO] ProjectBuilder:5154 - Time for Generating toolchain IDE Files: 2523mS.
2025-04-12 14:10:11,283 [INFO] ProjectBuilder:3146 - Time for Copy CMSIS : 1mS.
2025-04-12 14:10:11,293 [INFO] ProjectBuilder:3146 - Time for Copy CMSIS : 0mS.
2025-04-12 14:10:12,238 [INFO] McuFinderGlobals:76 - Set McuFinderConnectedMode to true
2025-04-12 14:10:12,241 [INFO] ApiDb:448 - Save user favorites file C:\Users\Flori/.stm32cubeide/favorites.mcus.txt: 0 item(s)
2025-04-12 14:10:12,241 [INFO] ApiDb:452 - User favorites MCUs=[]
2025-04-12 14:10:12,243 [INFO] ApiDb:448 - Save user favorites file C:\Users\Flori/.stm32cubeide/favorites.boards.txt: 0 item(s)
2025-04-12 14:10:12,243 [INFO] ApiDb:452 - User favorites Boards=[]
2025-04-12 14:10:37,457 [INFO] MainUpdater:2872 - connection check result : 10
2025-04-12 14:10:37,583 [INFO] McuFinderGlobals:76 - Set McuFinderConnectedMode to true
2025-04-12 14:10:37,583 [INFO] MultiScanPanel:200 - Auto-refresh data requested => check proxy status ongoing
2025-04-12 14:10:37,583 [INFO] FinderPluginLoader:95 - Searching for filters in installed packs
2025-04-12 14:10:39,738 [INFO] LoadUrlFilesThread:185 - End of LoadServerUrlFiles without Thread
2025-04-12 14:10:39,738 [INFO] DetailPanel:341 - Set advertising image to C:/Users/Flori/STM32Cube/Repository/\en.prom-stm32u3-mcu-finder.jpg
2025-04-12 14:10:48,795 [INFO] McuFinderGlobals:76 - Set McuFinderConnectedMode to true
2025-04-12 14:10:49,068 [INFO] ApiDb:448 - Save user favorites file C:\Users\Flori/.stm32cubeide/favorites.mcus.txt: 0 item(s)
2025-04-12 14:10:49,068 [INFO] ApiDb:452 - User favorites MCUs=[]
2025-04-12 14:11:02,799 [INFO] MainUpdater:2872 - connection check result : 10
2025-04-12 14:11:02,917 [INFO] McuFinderGlobals:76 - Set McuFinderConnectedMode to true
2025-04-12 14:11:02,918 [INFO] MultiScanPanel:200 - Auto-refresh data requested => check proxy status ongoing
2025-04-12 14:11:02,918 [INFO] FinderPluginLoader:95 - Searching for filters in installed packs
2025-04-12 14:11:03,911 [INFO] LoadUrlFilesThread:185 - End of LoadServerUrlFiles without Thread
2025-04-12 14:11:03,911 [INFO] DetailPanel:341 - Set advertising image to C:/Users/Flori/STM32Cube/Repository/\en.prom-stm32u3-mcu-finder.jpg
2025-04-12 14:12:44,157 [INFO] MultiScanPanel:200 - Auto-refresh data requested => check proxy status ongoing
2025-04-12 14:12:44,218 [INFO] LoadUrlFilesThread:185 - End of LoadServerUrlFiles without Thread
2025-04-12 14:12:44,218 [INFO] DetailPanel:341 - Set advertising image to C:/Users/Flori/STM32Cube/Repository/\en.prom-stm32u3-mcu-finder.jpg
2025-04-12 14:13:10,613 [INFO] MainUpdater:2872 - connection check result : 10
2025-04-12 14:13:10,613 [INFO] MainUpdater:2872 - connection check result : 10
2025-04-12 14:13:10,843 [INFO] MicroXplorer:468 - Change Database Path : 
2025-04-12 14:13:10,843 [INFO] MicroXplorer:498 - Change Database Version : DB.6.0.130
2025-04-12 14:13:10,848 [ERROR] ProjectManagerView:394 - 
java.lang.NullPointerException: Cannot invoke "javax.swing.JTextField.getText()" because the return value of "java.util.List.get(int)" is null
	at com.st.microxplorer.plugins.projectmanager.gui.ProjectChoiceTab$9.caretUpdate(ProjectChoiceTab.java:2616) ~[filemanager.jar:?]
	at javax.swing.text.JTextComponent.fireCaretUpdate(JTextComponent.java:408) ~[?:?]
	at javax.swing.text.JTextComponent$MutableCaretEvent.fire(JTextComponent.java:4484) ~[?:?]
	at javax.swing.text.JTextComponent$MutableCaretEvent.stateChanged(JTextComponent.java:4506) ~[?:?]
	at javax.swing.text.DefaultCaret.fireStateChanged(DefaultCaret.java:857) ~[?:?]
	at javax.swing.text.DefaultCaret.changeCaretPosition(DefaultCaret.java:1343) ~[?:?]
	at javax.swing.text.DefaultCaret.handleSetDot(DefaultCaret.java:1242) ~[?:?]
	at javax.swing.text.DefaultCaret.setDot(DefaultCaret.java:1223) ~[?:?]
	at javax.swing.text.DefaultCaret$Handler.insertUpdate(DefaultCaret.java:1819) ~[?:?]
	at javax.swing.text.AbstractDocument.fireInsertUpdate(AbstractDocument.java:227) ~[?:?]
	at javax.swing.text.AbstractDocument.handleInsertString(AbstractDocument.java:781) ~[?:?]
	at javax.swing.text.AbstractDocument.insertString(AbstractDocument.java:740) ~[?:?]
	at javax.swing.text.PlainDocument.insertString(PlainDocument.java:131) ~[?:?]
	at javax.swing.text.AbstractDocument.replace(AbstractDocument.java:699) ~[?:?]
	at javax.swing.text.JTextComponent.setText(JTextComponent.java:1725) ~[?:?]
	at com.st.microxplorer.plugins.projectmanager.gui.ProjectChoiceTab.createHeapStackFields(ProjectChoiceTab.java:975) ~[filemanager.jar:?]
	at com.st.microxplorer.plugins.projectmanager.gui.ProjectChoiceTab.buildLinkSettingsPanel(ProjectChoiceTab.java:3666) ~[filemanager.jar:?]
	at com.st.microxplorer.plugins.projectmanager.gui.ProjectChoiceTab.defineWindowsFields(ProjectChoiceTab.java:1934) ~[filemanager.jar:?]
	at com.st.microxplorer.plugins.projectmanager.gui.ProjectChoiceTab.updateSettings(ProjectChoiceTab.java:553) ~[filemanager.jar:?]
	at com.st.microxplorer.plugins.projectmanager.gui.ProjectSettingsPanel.UpdateDialog(ProjectSettingsPanel.java:245) ~[filemanager.jar:?]
	at com.st.microxplorer.plugins.projectmanager.ProjectManagerView.propertyChange(ProjectManagerView.java:391) ~[filemanager.jar:?]
	at java.beans.PropertyChangeSupport.fire(PropertyChangeSupport.java:343) ~[?:?]
	at java.beans.PropertyChangeSupport.firePropertyChange(PropertyChangeSupport.java:335) ~[?:?]
	at java.beans.PropertyChangeSupport.firePropertyChange(PropertyChangeSupport.java:268) ~[?:?]
	at com.st.microxplorer.util.MXPropertyChangeSupport.firePropertyChange(MXPropertyChangeSupport.java:54) ~[STM32CubeMX.jar:?]
	at com.st.microxplorer.mxsystem.MxSystem.closeConfig(MxSystem.java:899) ~[STM32CubeMX.jar:?]
	at com.st.microxplorer.maingui.MainPanel.closeConfig(MainPanel.java:789) ~[STM32CubeMX.jar:?]
	at com.st.microxplorer.plugins.filemanager.engine.OpenFileManager.loadConfigurationFile(OpenFileManager.java:265) ~[filemanager.jar:?]
	at com.st.microxplorer.plugins.filemanager.engine.MainFileManager.userLoadConfig(MainFileManager.java:340) ~[filemanager.jar:?]
	at com.st.microxplorer.plugins.filemanager.FileManagerView.getSpecificTask(FileManagerView.java:250) ~[filemanager.jar:?]
	at com.st.stm32cube.common.mx.editor.CubeMxEditor.getMxTabbedPaneInstance(CubeMxEditor.java:1191) ~[com.st.stm32cube.common.mx_6.13.0.202411220809/:?]
	at com.st.stm32cube.common.mx.editor.CubeMxEditor$12$1.createSwingComponent(CubeMxEditor.java:1068) ~[com.st.stm32cube.common.mx_6.13.0.202411220809/:?]
	at com.st.stm32cube.common.mx.oss.core.awtswtbridge.EmbeddedSwingComposite.doComponentCreation(EmbeddedSwingComposite.java:492) ~[com.st.stm32cube.common.mx.oss_6.13.0.202411220809/:?]
	at com.st.stm32cube.common.mx.oss.core.awtswtbridge.EmbeddedSwingComposite$4.run(EmbeddedSwingComposite.java:291) ~[com.st.stm32cube.common.mx.oss_6.13.0.202411220809/:?]
	at com.st.stm32cube.common.mx.oss.core.awtswtbridge.AwtEnvironment$2.run(AwtEnvironment.java:166) ~[com.st.stm32cube.common.mx.oss_6.13.0.202411220809/:?]
	at java.awt.event.InvocationEvent.dispatch(InvocationEvent.java:318) ~[?:?]
	at java.awt.EventQueue.dispatchEventImpl(EventQueue.java:773) ~[?:?]
	at java.awt.EventQueue$4.run(EventQueue.java:720) ~[?:?]
	at java.awt.EventQueue$4.run(EventQueue.java:714) ~[?:?]
	at java.security.AccessController.doPrivileged(AccessController.java:400) ~[?:?]
	at java.security.ProtectionDomain$JavaSecurityAccessImpl.doIntersectionPrivilege(ProtectionDomain.java:87) ~[?:?]
	at java.awt.EventQueue.dispatchEvent(EventQueue.java:742) ~[?:?]
	at java.awt.EventDispatchThread.pumpOneEventForFilters(EventDispatchThread.java:203) ~[?:?]
	at java.awt.EventDispatchThread.pumpEventsForFilter(EventDispatchThread.java:124) ~[?:?]
	at java.awt.EventDispatchThread.pumpEventsForHierarchy(EventDispatchThread.java:113) ~[?:?]
	at java.awt.EventDispatchThread.pumpEvents(EventDispatchThread.java:109) ~[?:?]
	at java.awt.EventDispatchThread.pumpEvents(EventDispatchThread.java:101) ~[?:?]
	at java.awt.EventDispatchThread.run(EventDispatchThread.java:90) ~[?:?]
2025-04-12 14:13:10,850 [WARN] ThirdParty:871 - waiting for thirdparty lock release [close project]
2025-04-12 14:13:10,850 [INFO] ThirdParty:873 - entering critical section [close project]
2025-04-12 14:13:10,850 [INFO] ThirdParty:883 - exiting critical section [close project]
2025-04-12 14:13:10,850 [INFO] PinOutPanel:1589 - setPackage(No Configuration,No Configuration)
2025-04-12 14:13:10,856 [WARN] IpParametersView:154 - Warning: This peripheral hasn't parameters
2025-04-12 14:13:10,858 [WARN] MainPanel:289 - <html><b><center>Warning: This peripheral has no parameters to be configured<br></b></html>
2025-04-12 14:13:10,858 [ERROR] MainPanel:599 - java.lang.IndexOutOfBoundsException: Index: 0, Tab count: 0
2025-04-12 14:13:10,860 [INFO] UtilMem:75 - Begin LoadConfig() Used Memory: 912886024 Bytes (1073741824)
2025-04-12 14:13:10,861 [INFO] OpenFileManager:332 - Change cursor
2025-04-12 14:13:10,871 [INFO] RulesReader:64 - Compatibility file has been processed (297 Rules)
2025-04-12 14:13:10,874 [INFO] ProjectFactory:442 - No CPN specified for board NUCLEO-F411RE => set CPN to STM32F411RET6
2025-04-12 14:13:10,874 [INFO] Mcu:2035 - Initializing MCU STM32F411R(C-E)Tx STM32F411RETx STM32F411RET6
2025-04-12 14:13:11,740 [INFO] Context:748 - Trying to add GPIOservice into a context  which must be forbidden
2025-04-12 14:13:12,296 [INFO] Rule:228 - rule 117617 - U5Cobra4M][GTZC] default value MPCBB3 and MPCBB5 - Not Secured memory - MPCBB1 is applicable
2025-04-12 14:13:12,296 [INFO] Rule:228 - rule 117617 - U5Cobra4M][GTZC] default value MPCBB3 and MPCBB5 - Not Secured memory - MPCBB1 is applicable
2025-04-12 14:13:12,296 [INFO] Rule:228 - rule 117617 - U5Cobra4M][GTZC] default value MPCBB3 and MPCBB5 - Not Secured memory - MPCBB2 is applicable
2025-04-12 14:13:12,296 [INFO] Rule:228 - rule 117617 - U5Cobra4M][GTZC] default value MPCBB3 and MPCBB5 - Not Secured memory - MPCBB2 is applicable
2025-04-12 14:13:12,296 [INFO] Rule:228 - rule 117617 - U5Cobra4M][GTZC] default value MPCBB3 and MPCBB5 - Not Secured memory - MPCBB3 is applicable
2025-04-12 14:13:12,296 [INFO] Rule:228 - rule 117617 - U5Cobra4M][GTZC] default value MPCBB3 and MPCBB5 - Not Secured memory - MPCBB3 is applicable
2025-04-12 14:13:12,296 [INFO] Rule:228 - rule 117617 - U5Cobra4M][GTZC] default value MPCBB3 and MPCBB5 - Not Secured memory - MPCBB4 is applicable
2025-04-12 14:13:12,296 [INFO] Rule:228 - rule 117617 - U5Cobra4M][GTZC] default value MPCBB3 and MPCBB5 - Not Secured memory - MPCBB4 is applicable
2025-04-12 14:13:12,296 [INFO] Rule:228 - rule 117617 - U5Cobra4M][GTZC] default value MPCBB3 and MPCBB5 - Secured memory - MPCBB1 is applicable
2025-04-12 14:13:12,296 [INFO] Rule:228 - rule 117617 - U5Cobra4M][GTZC] default value MPCBB3 and MPCBB5 - Secured memory - MPCBB2 is applicable
2025-04-12 14:13:12,296 [INFO] Rule:228 - rule 117617 - U5Cobra4M][GTZC] default value MPCBB3 and MPCBB5 - Secured memory - MPCBB3 is applicable
2025-04-12 14:13:12,296 [INFO] Rule:228 - rule 117617 - U5Cobra4M][GTZC] default value MPCBB3 and MPCBB5 - Secured memory - MPCBB4 is applicable
2025-04-12 14:13:12,296 [INFO] Rule:228 - rule 117617 - U5Cobra4M][GTZC] default value MPCBB3 and MPCBB5 - Privileged memory - MPCBB1 is applicable
2025-04-12 14:13:12,296 [INFO] Rule:228 - rule 117617 - U5Cobra4M][GTZC] default value MPCBB3 and MPCBB5 - Privileged memory - MPCBB2 is applicable
2025-04-12 14:13:12,296 [INFO] Rule:228 - rule 117617 - U5Cobra4M][GTZC] default value MPCBB3 and MPCBB5 - Privileged memory - MPCBB3 is applicable
2025-04-12 14:13:12,296 [INFO] Rule:228 - rule 117617 - U5Cobra4M][GTZC] default value MPCBB3 and MPCBB5 - Privileged memory - MPCBB4 is applicable
2025-04-12 14:13:12,296 [INFO] Rule:228 - rule 117617 - U5Cobra4M][GTZC] default value MPCBB3 and MPCBB5 - Not Privileged memory - MPCBB1 is applicable
2025-04-12 14:13:12,296 [INFO] Rule:228 - rule 117617 - U5Cobra4M][GTZC] default value MPCBB3 and MPCBB5 - Not Privileged memory - MPCBB2 is applicable
2025-04-12 14:13:12,296 [INFO] Rule:228 - rule 117617 - U5Cobra4M][GTZC] default value MPCBB3 and MPCBB5 - Not Privileged memory - MPCBB3 is applicable
2025-04-12 14:13:12,296 [INFO] Rule:228 - rule 117617 - U5Cobra4M][GTZC] default value MPCBB3 and MPCBB5 - Not Privileged memory - MPCBB4 is applicable
2025-04-12 14:13:12,296 [INFO] Rule:228 - rule 117617 - U5Cobra4M][GTZC] default value MPCBB3 and MPCBB5 - Privileged memory - MPCBB1 is applicable
2025-04-12 14:13:12,296 [INFO] Rule:228 - rule 117617 - U5Cobra4M][GTZC] default value MPCBB3 and MPCBB5 - Privileged memory - MPCBB2 is applicable
2025-04-12 14:13:12,296 [INFO] Rule:228 - rule 117617 - U5Cobra4M][GTZC] default value MPCBB3 and MPCBB5 - Privileged memory - MPCBB3 is applicable
2025-04-12 14:13:12,297 [INFO] Rule:228 - rule 117617 - U5Cobra4M][GTZC] default value MPCBB3 and MPCBB5 - Privileged memory - MPCBB4 is applicable
2025-04-12 14:13:12,297 [INFO] Rule:228 - rule 117617 - U5Cobra4M][GTZC] default value MPCBB3 and MPCBB5 - Privileged memory - MPCBB1 is applicable
2025-04-12 14:13:12,297 [INFO] Rule:228 - rule 117617 - U5Cobra4M][GTZC] default value MPCBB3 and MPCBB5 - Privileged memory - MPCBB2 is applicable
2025-04-12 14:13:12,297 [INFO] Rule:228 - rule 117617 - U5Cobra4M][GTZC] default value MPCBB3 and MPCBB5 - Privileged memory - MPCBB3 is applicable
2025-04-12 14:13:12,297 [INFO] Rule:228 - rule 117617 - U5Cobra4M][GTZC] default value MPCBB3 and MPCBB5 - Privileged memory - MPCBB4 is applicable
2025-04-12 14:13:12,297 [INFO] Rule:228 - rule 117617 - U5Cobra4M][GTZC] default value MPCBB3 and MPCBB5 - Not Privileged memory - MPCBB1 is applicable
2025-04-12 14:13:12,297 [INFO] Rule:228 - rule 117617 - U5Cobra4M][GTZC] default value MPCBB3 and MPCBB5 - Not Privileged memory - MPCBB2 is applicable
2025-04-12 14:13:12,297 [INFO] Rule:228 - rule 117617 - U5Cobra4M][GTZC] default value MPCBB3 and MPCBB5 - Not Privileged memory - MPCBB3 is applicable
2025-04-12 14:13:12,297 [INFO] Rule:228 - rule 117617 - U5Cobra4M][GTZC] default value MPCBB3 and MPCBB5 - Not Privileged memory - MPCBB4 is applicable
2025-04-12 14:13:12,297 [INFO] Rule:228 - rule 117617 - U5Cobra4M][GTZC] default value MPCBB3 and MPCBB5 - Privileged memory - MPCBB1 is applicable
2025-04-12 14:13:12,297 [INFO] Rule:228 - rule 117617 - U5Cobra4M][GTZC] default value MPCBB3 and MPCBB5 - Privileged memory - MPCBB2 is applicable
2025-04-12 14:13:12,297 [INFO] Rule:228 - rule 117617 - U5Cobra4M][GTZC] default value MPCBB3 and MPCBB5 - Privileged memory - MPCBB3 is applicable
2025-04-12 14:13:12,297 [INFO] Rule:228 - rule 117617 - U5Cobra4M][GTZC] default value MPCBB3 and MPCBB5 - Privileged memory - MPCBB4 is applicable
2025-04-12 14:13:12,297 [INFO] Rule:228 - rule Rename SubGHz_Phy SUBGHZ_APPLICATION SUBGHZ_PINGPONG to SUBGHZ_ADV_APPLICATION is applicable
2025-04-12 14:13:12,297 [INFO] Rule:228 - rule Rename Enabled to IBEACON is applicable
2025-04-12 14:13:12,297 [INFO] Rule:228 - rule GTZC_S instance for project manager is applicable
2025-04-12 14:13:12,297 [INFO] Rule:228 - rule GTZC_S instance for context M33S is applicable
2025-04-12 14:13:12,297 [INFO] Rule:228 - rule GTZC_S instance value for IP GTZC is applicable
2025-04-12 14:13:12,297 [INFO] Rule:228 - rule GTZC_S instance for mcu.IP is applicable
2025-04-12 14:13:12,297 [INFO] Rule:228 - rule GTZC_S instance for VP is applicable
2025-04-12 14:13:12,297 [INFO] Rule:228 - rule GTZC_S instance for signal is applicable
2025-04-12 14:13:12,297 [INFO] Rule:228 - rule GTZC_S instance for mcu.Pin is applicable
2025-04-12 14:13:12,297 [INFO] Rule:228 - rule GTZC_S instance for VP is applicable
2025-04-12 14:13:12,297 [INFO] Rule:228 - rule GTZC_S instance for signal is applicable
2025-04-12 14:13:12,297 [INFO] Rule:228 - rule GTZC_S instance for mcu is applicable
2025-04-12 14:13:12,297 [INFO] Rule:228 - rule GTZC_S instance for mcu.Pin is applicable
2025-04-12 14:13:12,297 [INFO] Rule:228 - rule GTZC_S instance value for IP GTZC is applicable
2025-04-12 14:13:12,297 [INFO] Rule:228 - rule GTZC_S instance for project manager is applicable
2025-04-12 14:13:12,297 [INFO] Rule:228 - rule GTZC_S instance for context M33S is applicable
2025-04-12 14:13:12,297 [INFO] Rule:228 - rule GTZC_S instance for VP is applicable
2025-04-12 14:13:12,298 [INFO] Rule:228 - rule GTZC_S instance for signal is applicable
2025-04-12 14:13:12,298 [INFO] Rule:228 - rule SPDIFRX instance for mcu is applicable
2025-04-12 14:13:12,298 [INFO] Rule:228 - rule Rename Tracer Mode is applicable
2025-04-12 14:13:12,298 [INFO] Rule:228 - rule SPDIFRX instance value for IP SPDIFRX is applicable
2025-04-12 14:13:12,298 [INFO] Rule:228 - rule SPDIFRX instance for signal is applicable
2025-04-12 14:13:12,298 [INFO] Rule:228 - rule SPDIFRX instance for project manager is applicable
2025-04-12 14:13:12,298 [INFO] Rule:228 - rule SPDIFRX instance for project manager is applicable
2025-04-12 14:13:12,298 [INFO] Rule:228 - rule ADC Scan  fix with FW F7 is applicable
2025-04-12 14:13:12,298 [INFO] Rule:228 - rule ADC Scan  fix with FW F7 is applicable
2025-04-12 14:13:12,298 [INFO] Rule:228 - rule WakeUp0 Mode is applicable
2025-04-12 14:13:12,298 [INFO] Rule:228 - rule WakeUp0 SIGNAL is applicable
2025-04-12 14:13:12,298 [INFO] Rule:228 - rule WakeUp1 Mode is applicable
2025-04-12 14:13:12,298 [INFO] Rule:228 - rule WakeUp1 SIGNAL is applicable
2025-04-12 14:13:12,298 [INFO] Rule:228 - rule WakeUp2 Mode is applicable
2025-04-12 14:13:12,298 [INFO] Rule:228 - rule WakeUp2 SIGNAL is applicable
2025-04-12 14:13:12,298 [INFO] Rule:228 - rule WakeUp4 Mode is applicable
2025-04-12 14:13:12,298 [INFO] Rule:228 - rule WakeUp4 SIGNAL is applicable
2025-04-12 14:13:12,298 [INFO] Rule:228 - rule WakeUp5 Mode is applicable
2025-04-12 14:13:12,298 [INFO] Rule:228 - rule WakeUp5 SIGNAL is applicable
2025-04-12 14:13:12,298 [INFO] Rule:228 - rule Add RTC Activate Clock Source is applicable
2025-04-12 14:13:12,298 [INFO] Rule:228 - rule Add RTC Activate Calendar 1 is applicable
2025-04-12 14:13:12,298 [INFO] Rule:228 - rule Add RTC Activate Calendar 2 is applicable
2025-04-12 14:13:12,298 [INFO] Rule:228 - rule Add RTC Activate Calendar 3 is applicable
2025-04-12 14:13:12,298 [INFO] Rule:228 - rule UART/USART TX Mode is applicable
2025-04-12 14:13:12,298 [INFO] Rule:228 - rule UART/USART RX Mode is applicable
2025-04-12 14:13:12,298 [INFO] Rule:228 - rule UART/USART RX TX Mode is applicable
2025-04-12 14:13:12,298 [INFO] Rule:228 - rule UART/USART PARITY NONE is applicable
2025-04-12 14:13:12,298 [INFO] Rule:228 - rule UART/USART PARITY EVEN is applicable
2025-04-12 14:13:12,298 [INFO] Rule:228 - rule UART/USART PARITY ODD is applicable
2025-04-12 14:13:12,298 [INFO] Rule:228 - rule USART StopBits 1 is applicable
2025-04-12 14:13:12,299 [INFO] Rule:228 - rule USART StopBits 2 is applicable
2025-04-12 14:13:12,299 [INFO] Rule:228 - rule USART StopBits 1.5 is applicable
2025-04-12 14:13:12,299 [INFO] Rule:228 - rule USART StopBits 0.5 is applicable
2025-04-12 14:13:12,299 [INFO] Rule:228 - rule UART/USART WORD LENGTH 7 is applicable
2025-04-12 14:13:12,299 [INFO] Rule:228 - rule UART/USART WORD LENGTH 8 is applicable
2025-04-12 14:13:12,299 [INFO] Rule:228 - rule UART/USART WORD LENGTH 9 is applicable
2025-04-12 14:13:12,299 [INFO] Rule:228 - rule Rename FMC NAND NCE signal is applicable
2025-04-12 14:13:12,299 [INFO] Rule:228 - rule Rename FMC NAND INT signal is applicable
2025-04-12 14:13:12,299 [INFO] Rule:228 - rule Change Default Value for LSE Drive Capability for WB family is applicable
2025-04-12 14:13:12,299 [INFO] Rule:228 - rule Change Default Value for ADC Clock Prescaler G0 family is applicable
2025-04-12 14:13:12,299 [INFO] Rule:228 - rule Change Default Value for ADC ExternalTrigConv L4 family is applicable
2025-04-12 14:13:12,299 [INFO] Rule:228 - rule Change Default Value for ADC ExternalTrigInjecConv L4 family is applicable
2025-04-12 14:13:12,299 [INFO] Rule:228 - rule Change Default Value for ADC ExternalTrigConv F3 family is applicable
2025-04-12 14:13:12,299 [INFO] Rule:228 - rule Change Default Value for ADC ExternalTrigInjecConv F3 family is applicable
2025-04-12 14:13:12,299 [INFO] Rule:228 - rule Change Default Value for ADC ExternalTrigConv Goldfish serie is applicable
2025-04-12 14:13:12,299 [INFO] Rule:228 - rule Change Default Value for ADC ExternalTrigInjecConv Goldfish serie is applicable
2025-04-12 14:13:12,299 [INFO] Rule:228 - rule Change Default Value for ADC ExternalTrigConv L0 family is applicable
2025-04-12 14:13:12,299 [INFO] Rule:228 - rule Change Default Value for ADC ExternalTrigConv F0 family is applicable
2025-04-12 14:13:12,299 [INFO] Rule:228 - rule Change Default Value for ADC ExternalTrigConvn L1 family is applicable
2025-04-12 14:13:12,299 [INFO] Rule:228 - rule Change Default Value for ADC ExternalTrigInjecConv L1 family is applicable
2025-04-12 14:13:12,299 [INFO] Rule:228 - rule Change Default Value for ADC ExternalTrigConv F1 family is applicable
2025-04-12 14:13:12,299 [INFO] Rule:228 - rule Change Default Value for ADC ExternalTrigInjecConv F1 family is applicable
2025-04-12 14:13:12,299 [INFO] Rule:228 - rule Change Default Value for ADC ExternalTrigConv F7 family is applicable
2025-04-12 14:13:12,299 [INFO] Rule:228 - rule Change Default Value for ADC ExternalTrigInjecConv F7 family is applicable
2025-04-12 14:13:12,299 [INFO] Rule:228 - rule Change Default Value for ADC ExternalTrigConv F4 and F2 family is applicable
2025-04-12 14:13:12,299 [INFO] Rule:228 - rule Change Default Value for ADC ExternalTrigInjecConv F4 and F2 family is applicable
2025-04-12 14:13:12,299 [INFO] Rule:228 - rule ADC SamplingTime fix with FW L0  is applicable
2025-04-12 14:13:12,299 [INFO] Rule:228 - rule ADC SamplingTime fix with FW L0  is applicable
2025-04-12 14:13:12,299 [INFO] Rule:228 - rule ADC SamplingTime fix with FW L0 is applicable
2025-04-12 14:13:12,299 [INFO] Rule:228 - rule ADC SamplingTime fix with FW L0 is applicable
2025-04-12 14:13:12,299 [INFO] Rule:228 - rule ADC SamplingTime fix with FW L0  is applicable
2025-04-12 14:13:12,299 [INFO] Rule:228 - rule ADC SamplingTime fix with FW L0 is applicable
2025-04-12 14:13:12,299 [INFO] Rule:228 - rule Rename USB_OE Signal is applicable
2025-04-12 14:13:12,299 [INFO] Rule:228 - rule Rename Activate_OE Mode is applicable
2025-04-12 14:13:12,299 [INFO] Rule:228 - rule Rename DIE462/DIE415 pin PC14/OSC32_IN -> PC14-OSC32_IN (PC14) is applicable
2025-04-12 14:13:12,299 [INFO] Rule:228 - rule Rename DIE462/DIE415 pin PC15/OSC32_OUT -> PC15-OSC32_OUT (PC15) is applicable
2025-04-12 14:13:12,299 [INFO] Rule:228 - rule Rename DIE462/DIE415 pin PH0/OSC_IN -> PH0-OSC_IN (PH0) is applicable
2025-04-12 14:13:12,299 [INFO] Rule:228 - rule Rename DIE462/DIE415 pin PH1/OSC_OUT -> PH1-OSC_OUT (PH1) is applicable
2025-04-12 14:13:12,299 [INFO] Rule:228 - rule Rename DIE462 pin PA13 -> PA13 (JTMS/SWDIO) is applicable
2025-04-12 14:13:12,299 [INFO] Rule:228 - rule Rename DIE415 pin PA13 -> PA13 (JTMS/SWDIO) is applicable
2025-04-12 14:13:12,300 [INFO] Rule:228 - rule Rename DIE462 pin PA14 -> PA14 (JTCK/SWCLK) is applicable
2025-04-12 14:13:12,300 [INFO] Rule:228 - rule Rename DIE415 pin PA14 -> PA14 (JTCK/SWCLK) is applicable
2025-04-12 14:13:12,300 [INFO] Rule:228 - rule Rename DIE462/DIE415 pin PA15 -> PA15 (JTDI) is applicable
2025-04-12 14:13:12,300 [INFO] Rule:228 - rule Rename DIE462 pin PB3 -> PB3 (JTD0/TRACESWO) is applicable
2025-04-12 14:13:12,300 [INFO] Rule:228 - rule Rename DIE415 pin PB3 -> PB3 (JTD0-TRACESWO) is applicable
2025-04-12 14:13:12,300 [INFO] Rule:228 - rule Rename DIE462/DIE415 pin PB4 -> PB4 (NJTRST) is applicable
2025-04-12 14:13:12,300 [INFO] Rule:228 - rule Rename DIE462 pin PH3/BOOT0 -> PH3-BOOT0 (BOOT0) is applicable
2025-04-12 14:13:12,300 [INFO] Rule:228 - rule Rename CRYP DataEncryptionTypesList to Algorithm is applicable
2025-04-12 14:13:12,300 [INFO] Rule:228 - rule Rename AES DataEncryptionTypesList to Algorithm is applicable
2025-04-12 14:13:12,300 [INFO] Rule:228 - rule Rename TDESECB to CRYP_TDES_ECB is applicable
2025-04-12 14:13:12,300 [INFO] Rule:228 - rule Rename TDESCBC to CRYP_TDES_CBC is applicable
2025-04-12 14:13:12,300 [INFO] Rule:228 - rule Rename DESECB to CRYP_DES_ECB is applicable
2025-04-12 14:13:12,300 [INFO] Rule:228 - rule Rename DESCBC to CRYP_DES_CBC is applicable
2025-04-12 14:13:12,300 [INFO] Rule:228 - rule Rename AESECB to CRYP_AES_ECB is applicable
2025-04-12 14:13:12,300 [INFO] Rule:228 - rule Rename AESCBC to CRYP_AES_CBC is applicable
2025-04-12 14:13:12,300 [INFO] Rule:228 - rule Rename AESCTR to CRYP_AES_CTR is applicable
2025-04-12 14:13:12,300 [INFO] Rule:228 - rule Rename AESGCM to CRYP_AES_GCM is applicable
2025-04-12 14:13:12,300 [INFO] Rule:228 - rule Rename AESCCM to CRYP_AES_CCM is applicable
2025-04-12 14:13:12,300 [INFO] Rule:228 - rule Rename CAN TimeSeg1 to BS1 is applicable
2025-04-12 14:13:12,300 [INFO] Rule:228 - rule Rename CAN TimeSeg2 to BS2 is applicable
2025-04-12 14:13:12,300 [INFO] Rule:228 - rule Rename CAN SyncJumpWidth to SJW is applicable
2025-04-12 14:13:12,300 [INFO] Rule:228 - rule TimeTriggeredMode to TTCM is applicable
2025-04-12 14:13:12,300 [INFO] Rule:228 - rule Rename CAN AutoBusOff to ABOM is applicable
2025-04-12 14:13:12,300 [INFO] Rule:228 - rule Rename CAN AutoWakeUp to AWUM is applicable
2025-04-12 14:13:12,300 [INFO] Rule:228 - rule Rename CAN AutoRetransmission to NART is applicable
2025-04-12 14:13:12,300 [INFO] Rule:228 - rule Rename CAN ReceiveFifoLocked to RFLM is applicable
2025-04-12 14:13:12,300 [INFO] Rule:228 - rule Rename CAN TransmitFifoPriority to TXFP is applicable
2025-04-12 14:13:12,300 [INFO] Rule:228 - rule Rename HRTIMER HRTIM_OUTPUTFAULTLEVEL_HIGH in HRTIMER HRTIM_OUTPUTFAULTLEVEL_HIGHZ is applicable
2025-04-12 14:13:12,301 [INFO] Rule:228 - rule Rename TIMER TIM_CLEARINPUTSOURCE_OCREFCLR in  TIMER TIM_CLEARINPUTSOURCE_NONE for F7 family is applicable
2025-04-12 14:13:12,301 [INFO] Rule:228 - rule FDCAN_R1 - Rename FDCAN mode Master into Classic is applicable
2025-04-12 14:13:12,301 [INFO] Rule:228 - rule FDCAN_R2 - Rename FDCAN mode Slave into Classic is applicable
2025-04-12 14:13:12,301 [INFO] Rule:228 - rule FDCAN1_R3 - if PA10.Mode=FullDuplex, add Pin PA12 is applicable
2025-04-12 14:13:12,301 [INFO] Rule:228 - rule FDCAN1_R3 - if PA9.Mode=FullDuplex, add Pin PA11 is applicable
2025-04-12 14:13:12,301 [INFO] Rule:228 - rule FDCAN1_R3 - Alternatepin_1 - if PE1.Mode=FullDuplex, add Pin PB9 is applicable
2025-04-12 14:13:12,301 [INFO] Rule:228 - rule FDCAN1_R3 - Alternatepin_1 - if PE0.Mode=FullDuplex, add Pin PB8 is applicable
2025-04-12 14:13:12,301 [INFO] Rule:228 - rule FDCAN1_R3 - Alternatepin_2 - if PD5.Mode=FullDuplex, add Pin PD1 is applicable
2025-04-12 14:13:12,301 [INFO] Rule:228 - rule FDCAN1_R3 - Alternatepin_2 - if PD4.Mode=FullDuplex, add Pin PD0 is applicable
2025-04-12 14:13:12,301 [INFO] Rule:228 - rule FDCAN1_R4 - Rename Mode FullDuplex into Enable FDCAN_TXFD for pin PA10 is applicable
2025-04-12 14:13:12,301 [INFO] Rule:228 - rule FDCAN1_R4 - Rename Mode FullDuplex into Enable FDCAN_TXFD for pin PA9 is applicable
2025-04-12 14:13:12,301 [INFO] Rule:228 - rule FDCAN1_R4 - Alternatepin_1 - Rename Mode FullDuplex into Enable FDCAN_TXFD for pin PE1 is applicable
2025-04-12 14:13:12,301 [INFO] Rule:228 - rule FDCAN1_R4 - Alternatepin_1 - Rename Mode FullDuplex into Enable FDCAN_TXFD for pin PE0 is applicable
2025-04-12 14:13:12,301 [INFO] Rule:228 - rule FDCAN1_R4 - Alternatepin_2 - Rename Mode FullDuplex into Enable FDCAN_TXFD for pin PD5 is applicable
2025-04-12 14:13:12,301 [INFO] Rule:228 - rule FDCAN1_R4 - Alternatepin_2 - Rename Mode FullDuplex into Enable FDCAN_TXFD for pin PD4 is applicable
2025-04-12 14:13:12,301 [INFO] Rule:228 - rule FDCAN2_R3 - if PD10.Mode=FullDuplex, add Pin PB13 is applicable
2025-04-12 14:13:12,301 [INFO] Rule:228 - rule FDCAN2_R3 - if PD9.Mode=FullDuplex, add Pin PB12 is applicable
2025-04-12 14:13:12,301 [INFO] Rule:228 - rule FDCAN2_R3 - Alternatepin_1 - if PB7.Mode=FullDuplex, add Pin PB6 is applicable
2025-04-12 14:13:12,301 [INFO] Rule:228 - rule FDCAN2_R3 - Alternatepin_1 - if PD9.Mode=FullDuplex, add Pin PB12 is applicable
2025-04-12 14:13:12,301 [INFO] Rule:228 - rule FDCAN2_R4 - Rename Mode FullDuplex into Enable FDCAN_TXFD for pin PD10 is applicable
2025-04-12 14:13:12,301 [INFO] Rule:228 - rule FDCAN2_R4 - Rename Mode FullDuplex into Enable FDCAN_TXFD for pin PD9 is applicable
2025-04-12 14:13:12,301 [INFO] Rule:228 - rule FDCAN2_R4 - Alternatepin_1 - Rename Mode FullDuplex into Enable FDCAN_TXFD for pin PB7 is applicable
2025-04-12 14:13:12,301 [INFO] Rule:228 - rule FDCAN2_R4 - Alternatepin_1 - Rename Mode FullDuplex into Enable FDCAN_TXFD for pin PD6 is applicable
2025-04-12 14:13:12,301 [INFO] Rule:228 - rule USART TxPinLevelInvertParam Mode is applicable
2025-04-12 14:13:12,301 [INFO] Rule:228 - rule USART RxPinLevelInvertParam Mode is applicable
2025-04-12 14:13:12,301 [INFO] Rule:228 - rule USART DataInvertParam Mode is applicable
2025-04-12 14:13:12,301 [INFO] Rule:228 - rule USART SwapParam Mode is applicable
2025-04-12 14:13:12,301 [INFO] Rule:228 - rule USART OverrunDisableParam Mode is applicable
2025-04-12 14:13:12,301 [INFO] Rule:228 - rule USART DMADisableonRxErrorParam Mode is applicable
2025-04-12 14:13:12,301 [INFO] Rule:228 - rule USART MSBFirstParam Mode is applicable
2025-04-12 14:13:12,301 [INFO] Rule:228 - rule Update MwName for USB_DEVICE is applicable
2025-04-12 14:13:12,301 [INFO] Rule:228 - rule Change PWR_Regulator_Voltage_Scale Default Value for RCC  H7 family is applicable
2025-04-12 14:13:12,302 [INFO] Rule:228 - rule UART/USART IPParameter rename Prescaler parameter to ClockPrescaler is applicable
2025-04-12 14:13:12,302 [INFO] Rule:228 - rule UART/USART Prescaler rename Prescaler parameter to ClockPrescaler is applicable
2025-04-12 14:13:12,302 [INFO] Rule:228 - rule TIM1CLockSelection is applicable
2025-04-12 14:13:12,302 [INFO] Rule:228 - rule TIM15CLockSelection is applicable
2025-04-12 14:13:12,302 [INFO] Rule:228 - rule align RCC SDMMC3CLockSelection default value on MP1 is applicable
2025-04-12 14:13:12,302 [INFO] Rule:228 - rule align RCC SDMMC12CLockSelection default value on MP1 is applicable
2025-04-12 14:13:12,302 [INFO] Rule:228 - rule align RCC QSPICLockSelection default value on MP1 is applicable
2025-04-12 14:13:12,302 [INFO] Rule:228 - rule align RCC QSPICLockSelection default value on MP1 is applicable
2025-04-12 14:13:12,302 [INFO] Rule:228 - rule align RCC SPI6CLockSelection default value on MP1 is applicable
2025-04-12 14:13:12,302 [INFO] Rule:228 - rule align RCC LPTIM23CLockSelection default value on MP1 is applicable
2025-04-12 14:13:12,302 [INFO] Rule:228 - rule align RCC LPTIM1CLockSelection default value on MP1 is applicable
2025-04-12 14:13:12,302 [INFO] Rule:228 - rule align RCC USART1CLockSelection default value on MP1 is applicable
2025-04-12 14:13:12,302 [INFO] Rule:228 - rule align RCC USART24CLockSelection default value on MP1 is applicable
2025-04-12 14:13:12,302 [INFO] Rule:228 - rule align RCC USART6CLockSelection default value on MP1 is applicable
2025-04-12 14:13:12,302 [INFO] Rule:228 - rule align RCC UART78CLockSelection default value on MP1 is applicable
2025-04-12 14:13:12,302 [INFO] Rule:228 - rule align RCC USART35CLockSelection default value on MP1 is applicable
2025-04-12 14:13:12,302 [INFO] Rule:228 - rule align RCC SPI45CLockSelection default value on MP1 is applicable
2025-04-12 14:13:12,302 [INFO] Rule:228 - rule align RCC I2C46CLockSelection BCLK value on MP1 is applicable
2025-04-12 14:13:12,302 [INFO] Rule:228 - rule align RCC SPI45CLockSelection default value on MP1 is applicable
2025-04-12 14:13:12,302 [INFO] Rule:228 - rule align RCC I2C12CLockSelection default value on MP1 is applicable
2025-04-12 14:13:12,302 [INFO] Rule:228 - rule align RCC I2C35CLockSelection default value on MP1 is applicable
2025-04-12 14:13:12,302 [INFO] Rule:228 - rule align RCC LPTIM45CLockSelection default value on MP1 is applicable
2025-04-12 14:13:12,302 [INFO] Rule:228 - rule Rename DCMI PIXCK signal is applicable
2025-04-12 14:13:12,303 [INFO] Rule:228 - rule Change Default Value for I2C46CLockSelection MP1 family is applicable
2025-04-12 14:13:12,303 [INFO] Rule:228 - rule Change Default Value for UART for G4, G0 and WB families is applicable
2025-04-12 14:13:12,303 [INFO] Rule:228 - rule Change Default Value for USART for G4, G0 and WB families is applicable
2025-04-12 14:13:12,303 [INFO] Rule:228 - rule Change Default Value for USART for G4 family is applicable
2025-04-12 14:13:12,303 [INFO] Rule:228 - rule Change USART1CLockSelection refparam name for MP1 is applicable
2025-04-12 14:13:12,303 [INFO] Rule:228 - rule Change USART2CLockSelection refparam name for MP1 is applicable
2025-04-12 14:13:12,303 [INFO] Rule:228 - rule Change USART3CLockSelection refparam name for MP1 is applicable
2025-04-12 14:13:12,303 [INFO] Rule:228 - rule Change UART4CLockSelection refparam name for MP1 is applicable
2025-04-12 14:13:12,303 [INFO] Rule:228 - rule Change UART5CLockSelection refparam name for MP1 is applicable
2025-04-12 14:13:12,303 [INFO] Rule:228 - rule Change LPUART1CLockSelection refparam name for MP1 is applicable
2025-04-12 14:13:12,303 [INFO] Rule:228 - rule Change LPTIM1CLockSelection refparam name for MP1 is applicable
2025-04-12 14:13:12,303 [INFO] Rule:228 - rule Change LPTIM2CLockSelection refparam name for MP1 is applicable
2025-04-12 14:13:12,303 [INFO] Rule:228 - rule Change RCC_MCO1Source refparam name for MP1 is applicable
2025-04-12 14:13:12,303 [INFO] Rule:228 - rule Change LSCOSource1 refparam name for MP1 is applicable
2025-04-12 14:13:12,303 [INFO] Rule:228 - rule Change SMPSCLockSelection refparam name for MP1 is applicable
2025-04-12 14:13:12,303 [INFO] Rule:228 - rule Change LPTIM3CLockSelection refparam name for MP1 is applicable
2025-04-12 14:13:12,303 [INFO] Rule:228 - rule Change MPCBB* Default Template Mode to Parameters is applicable
2025-04-12 14:13:12,303 [INFO] Rule:228 - rule Change MPCWM* or MPCBB* Secure Mode to Parameters is applicable
2025-04-12 14:13:12,303 [INFO] Rule:228 - rule Change MPCWM* or MPCBB* No Secure Mode to Parameters is applicable
2025-04-12 14:13:12,303 [INFO] Rule:228 - rule Change TZSC IP Secure Mode to Parameters is applicable
2025-04-12 14:13:12,303 [INFO] Rule:228 - rule Change TZSC IP No Secure Mode to Parameters is applicable
2025-04-12 14:13:12,303 [INFO] Rule:228 - rule Change TZSC IP Privilege Mode to Parameters is applicable
2025-04-12 14:13:12,303 [INFO] Rule:228 - rule Change TZSC IP No Privilege Mode to Parameters is applicable
2025-04-12 14:13:12,303 [INFO] Rule:228 - rule Change TZIC IT Secure Mode to Parameters is applicable
2025-04-12 14:13:12,303 [INFO] Rule:228 - rule Change TZIC IT No Secure Mode to Parameters is applicable
2025-04-12 14:13:12,303 [INFO] Rule:228 - rule Add MPCBB1_NonSecureArea_Start_Address value with referenced to MPCBB1_NonSecureArea_Start value is applicable
2025-04-12 14:13:12,303 [INFO] Rule:228 - rule Add MPCBB2_NonSecureArea_Start_Address value with referenced to MPCBB2_NonSecureArea_Start value is applicable
2025-04-12 14:13:12,303 [INFO] Rule:228 - rule Add MPCWM1_NonSecureArea*_Start_Address value with referenced to MPCWM1_NonSecureArea*_Start value is applicable
2025-04-12 14:13:12,303 [INFO] Rule:228 - rule Add MPCWM2_NonSecureArea*_Start_Address value with referenced to MPCWM2_NonSecureArea*_Start value is applicable
2025-04-12 14:13:12,303 [INFO] Rule:228 - rule Add MPCWM3_NonSecureArea_Start_Address value with referenced to MPCWM3_NonSecureArea_Start value is applicable
2025-04-12 14:13:12,303 [INFO] Rule:228 - rule Change Default Value for PLL1UserDefinedConfig is applicable
2025-04-12 14:13:12,303 [INFO] Rule:228 - rule Change GPIO_PuPd Default Value for USART in async mode is applicable
2025-04-12 14:13:12,303 [INFO] Rule:228 - rule Change SMPSDivider Default Value is applicable
2025-04-12 14:13:12,303 [INFO] Rule:228 - rule OPAMP is applicable
2025-04-12 14:13:12,303 [INFO] Rule:228 - rule LPUART IPParameter rename Prescaler parameter to ClockPrescaler for STM32H7 is applicable
2025-04-12 14:13:12,303 [INFO] Rule:228 - rule LPUART IPParameter rename Prescaler parameter to ClockPrescaler for STM32H7 is applicable
2025-04-12 14:13:12,304 [INFO] Rule:228 - rule LPUART IPParameter rename Prescaler parameter to ClockPrescaler for STM32WB is applicable
2025-04-12 14:13:12,304 [INFO] Rule:228 - rule LPUART IPParameter rename Prescaler parameter to ClockPrescaler for STM32WB is applicable
2025-04-12 14:13:12,304 [INFO] Rule:228 - rule LPUART IPParameter rename Prescaler parameter to ClockPrescaler for STM32G4 is applicable
2025-04-12 14:13:12,304 [INFO] Rule:228 - rule LPUART IPParameter rename Prescaler parameter to ClockPrescaler for STM32G4 is applicable
2025-04-12 14:13:12,304 [INFO] Rule:228 - rule LPUART IPParameter rename Prescaler parameter to ClockPrescaler for STM32L5 is applicable
2025-04-12 14:13:12,304 [INFO] Rule:228 - rule LPUART IPParameter rename Prescaler parameter to ClockPrescaler for STM32L5 is applicable
2025-04-12 14:13:12,304 [INFO] Rule:228 - rule LPUART IPParameter rename Prescaler parameter to ClockPrescaler for STM32G4 is applicable
2025-04-12 14:13:12,304 [INFO] Rule:228 - rule LPUART IPParameter rename Prescaler parameter to ClockPrescaler for STM32G4 is applicable
2025-04-12 14:13:12,304 [INFO] Rule:228 - rule USB device lib V2.5.3 for L0 rename USBD_SUPPORT_USER_STRING parameter to USBD_SUPPORT_USER_STRING_DESC4 is applicable
2025-04-12 14:13:12,304 [INFO] Rule:228 - rule I2SCLockSelection clock entry align is applicable
2025-04-12 14:13:12,304 [INFO] Rule:228 - rule Assign TIMx context if used as SYS timebase is applicable
2025-04-12 14:13:12,304 [INFO] Rule:228 - rule Change GPIO_Pu Default Value for I2C is applicable
2025-04-12 14:13:12,304 [INFO] Rule:228 - rule Change GPIO_Pu Default Value for SMBus is applicable
2025-04-12 14:13:12,304 [INFO] Rule:228 - rule change FDCAN default value is applicable
2025-04-12 14:13:12,304 [INFO] Rule:228 - rule Change mode sai is applicable
2025-04-12 14:13:12,304 [INFO] Rule:228 - rule **Change sai mode is applicable
2025-04-12 14:13:12,304 [INFO] Rule:228 - rule Rename STM32WPAN CFG_BLE_IRK to CFG_BLE_IR is applicable
2025-04-12 14:13:12,304 [INFO] Rule:228 - rule Rename STM32WPAN CFG_BLE_ERK to CFG_BLE_ER is applicable
2025-04-12 14:13:12,304 [INFO] Rule:228 - rule Rename STM32WPAN CFG_BLE_IRK_HEX to CFG_BLE_IR_HEX is applicable
2025-04-12 14:13:12,304 [INFO] Rule:228 - rule Rename STM32WPAN CFG_BLE_ERK_HEX to CFG_BLE_ER_HEX is applicable
2025-04-12 14:13:12,316 [INFO] DbConfProperties:307 - Apply Compatibility (49/262 Rules)
2025-04-12 14:13:12,330 [INFO] ImportTextPane:218 - (OptionalMessage_ERROR) Unable to find key (Mcu.ThirdPartyNb) in loaded IOC file
2025-04-12 14:13:12,383 [INFO] RtosManager:555 - Registered RTOS mode: class=CMSIS, group=RTOS, mode=CMSIS_V1, owner=FREERTOS
2025-04-12 14:13:12,383 [INFO] RtosManager:555 - Registered RTOS mode: class=CMSIS, group=RTOS2, mode=CMSIS_V2, owner=FREERTOS
2025-04-12 14:13:12,383 [INFO] RtosManager:555 - Registered RTOS mode: class=RTOS, group=Core, mode=CMSIS_V1, owner=FREERTOS
2025-04-12 14:13:12,383 [INFO] RtosManager:555 - Registered RTOS mode: class=RTOS, group=Core, mode=CMSIS_V2, owner=FREERTOS
2025-04-12 14:13:12,383 [WARN] ModelIntegratedComponent:184 - Missing modes for component STMicroelectronics:FreeRTOS:0.0.1:STMicroelectronics:RTOS:FreeRTOS:Core:::10.2.0:
2025-04-12 14:13:12,403 [WARN] ModelIntegratedComponent:182 - Modes not found for component STMicroelectronics:USB_HOST:1.0.0:STMicroelectronics:USB::USB Host:Audio HS::1.0:USB_HOST_1_0_RESTRICTED_HS
2025-04-12 14:13:12,403 [WARN] ModelIntegratedComponent:188 - Modes not found for component STMicroelectronics:USB_HOST:1.0.0:STMicroelectronics:USB::USB Host:Audio HS::1.0:USB_HOST_1_0_RESTRICTED_HS
2025-04-12 14:13:12,404 [WARN] ModelIntegratedComponent:182 - Modes not found for component STMicroelectronics:USB_HOST:1.0.0:STMicroelectronics:USB::USB Host:CDC HS::1.0:USB_HOST_1_0_RESTRICTED_HS
2025-04-12 14:13:12,404 [WARN] ModelIntegratedComponent:188 - Modes not found for component STMicroelectronics:USB_HOST:1.0.0:STMicroelectronics:USB::USB Host:CDC HS::1.0:USB_HOST_1_0_RESTRICTED_HS
2025-04-12 14:13:12,404 [WARN] ModelIntegratedComponent:182 - Modes not found for component STMicroelectronics:USB_HOST:1.0.0:STMicroelectronics:USB::USB Host:MSC HS::1.0:USB_HOST_1_0_RESTRICTED_HS
2025-04-12 14:13:12,404 [WARN] ModelIntegratedComponent:188 - Modes not found for component STMicroelectronics:USB_HOST:1.0.0:STMicroelectronics:USB::USB Host:MSC HS::1.0:USB_HOST_1_0_RESTRICTED_HS
2025-04-12 14:13:12,404 [WARN] ModelIntegratedComponent:182 - Modes not found for component STMicroelectronics:USB_HOST:1.0.0:STMicroelectronics:USB::USB Host:HID HS::1.0:USB_HOST_1_0_RESTRICTED_HS
2025-04-12 14:13:12,404 [WARN] ModelIntegratedComponent:188 - Modes not found for component STMicroelectronics:USB_HOST:1.0.0:STMicroelectronics:USB::USB Host:HID HS::1.0:USB_HOST_1_0_RESTRICTED_HS
2025-04-12 14:13:12,404 [WARN] ModelIntegratedComponent:182 - Modes not found for component STMicroelectronics:USB_HOST:1.0.0:STMicroelectronics:USB::USB Host:MTP HS::1.0:USB_HOST_1_0_RESTRICTED_HS
2025-04-12 14:13:12,404 [WARN] ModelIntegratedComponent:188 - Modes not found for component STMicroelectronics:USB_HOST:1.0.0:STMicroelectronics:USB::USB Host:MTP HS::1.0:USB_HOST_1_0_RESTRICTED_HS
2025-04-12 14:13:12,422 [WARN] ModelIntegratedComponent:63 - No mode defined for component null
2025-04-12 14:13:12,422 [WARN] ModelIntegratedComponent:63 - No mode defined for component null
2025-04-12 14:13:12,422 [WARN] ModelIntegratedComponent:63 - No mode defined for component null
2025-04-12 14:13:12,422 [WARN] ModelIntegratedComponent:63 - No mode defined for component null
2025-04-12 14:13:12,423 [WARN] ModelIntegratedComponent:63 - No mode defined for component null
2025-04-12 14:13:12,423 [WARN] ModelIntegratedComponent:63 - No mode defined for component null
2025-04-12 14:13:12,423 [WARN] ModelIntegratedComponent:63 - No mode defined for component null
2025-04-12 14:13:12,423 [WARN] ModelIntegratedComponent:63 - No mode defined for component null
2025-04-12 14:13:12,423 [WARN] ModelIntegratedComponent:63 - No mode defined for component null
2025-04-12 14:13:12,423 [WARN] ModelIntegratedComponent:63 - No mode defined for component null
2025-04-12 14:13:12,423 [WARN] ModelIntegratedComponent:63 - No mode defined for component null
2025-04-12 14:13:12,423 [WARN] ModelIntegratedComponent:63 - No mode defined for component null
2025-04-12 14:13:12,423 [WARN] ModelIntegratedComponent:63 - No mode defined for component null
2025-04-12 14:13:12,423 [WARN] ModelIntegratedComponent:63 - No mode defined for component null
2025-04-12 14:13:12,423 [WARN] ModelIntegratedComponent:63 - No mode defined for component null
2025-04-12 14:13:12,423 [WARN] ModelIntegratedComponent:63 - No mode defined for component null
2025-04-12 14:13:12,423 [WARN] ModelIntegratedComponent:63 - No mode defined for component null
2025-04-12 14:13:12,423 [WARN] ModelIntegratedComponent:63 - No mode defined for component null
2025-04-12 14:13:12,423 [WARN] ModelIntegratedComponent:63 - No mode defined for component null
2025-04-12 14:13:12,423 [WARN] ModelIntegratedComponent:63 - No mode defined for component null
2025-04-12 14:13:12,423 [WARN] ModelIntegratedComponent:63 - No mode defined for component null
2025-04-12 14:13:12,423 [WARN] ModelIntegratedComponent:63 - No mode defined for component null
2025-04-12 14:13:12,423 [WARN] ModelIntegratedComponent:63 - No mode defined for component null
2025-04-12 14:13:12,423 [WARN] ModelIntegratedComponent:63 - No mode defined for component null
2025-04-12 14:13:12,423 [WARN] ModelIntegratedComponent:63 - No mode defined for component null
2025-04-12 14:13:12,423 [WARN] ModelIntegratedComponent:63 - No mode defined for component null
2025-04-12 14:13:12,424 [WARN] ModelIntegratedComponent:63 - No mode defined for component null
2025-04-12 14:13:12,424 [WARN] ModelIntegratedComponent:63 - No mode defined for component null
2025-04-12 14:13:12,424 [WARN] ModelIntegratedComponent:63 - No mode defined for component null
2025-04-12 14:13:12,424 [WARN] ModelIntegratedComponent:63 - No mode defined for component null
2025-04-12 14:13:12,424 [WARN] ModelIntegratedComponent:63 - No mode defined for component null
2025-04-12 14:13:12,424 [WARN] ModelIntegratedComponent:63 - No mode defined for component null
2025-04-12 14:13:12,424 [WARN] ModelIntegratedComponent:63 - No mode defined for component null
2025-04-12 14:13:12,424 [WARN] ModelIntegratedComponent:63 - No mode defined for component null
2025-04-12 14:13:12,424 [WARN] ModelIntegratedComponent:63 - No mode defined for component null
2025-04-12 14:13:12,424 [WARN] ModelPack:524 - Component already loaded: STMicroelectronics:HAL Drivers:0.0.0:STMicroelectronics:Device:STMicro_Driver:XSPI:HAL::0.0.1:HAL_XSPI
2025-04-12 14:13:12,531 [WARN] ModelIntegratedComponent:182 - Modes not found for component STMicroelectronics:USB_DEVICE:1.0.0:STMicroelectronics:USB::USB Device:Audio HS::1.0:USB_DEVICE_1_0_RESTRICTED_HS
2025-04-12 14:13:12,531 [WARN] ModelIntegratedComponent:188 - Modes not found for component STMicroelectronics:USB_DEVICE:1.0.0:STMicroelectronics:USB::USB Device:Audio HS::1.0:USB_DEVICE_1_0_RESTRICTED_HS
2025-04-12 14:13:12,531 [WARN] ModelIntegratedComponent:182 - Modes not found for component STMicroelectronics:USB_DEVICE:1.0.0:STMicroelectronics:USB::USB Device:CDC HS::1.0:USB_DEVICE_1_0_RESTRICTED_HS
2025-04-12 14:13:12,531 [WARN] ModelIntegratedComponent:188 - Modes not found for component STMicroelectronics:USB_DEVICE:1.0.0:STMicroelectronics:USB::USB Device:CDC HS::1.0:USB_DEVICE_1_0_RESTRICTED_HS
2025-04-12 14:13:12,531 [WARN] ModelIntegratedComponent:182 - Modes not found for component STMicroelectronics:USB_DEVICE:1.0.0:STMicroelectronics:USB::USB Device:DFU HS::1.0:USB_DEVICE_1_0_RESTRICTED_HS
2025-04-12 14:13:12,531 [WARN] ModelIntegratedComponent:188 - Modes not found for component STMicroelectronics:USB_DEVICE:1.0.0:STMicroelectronics:USB::USB Device:DFU HS::1.0:USB_DEVICE_1_0_RESTRICTED_HS
2025-04-12 14:13:12,531 [WARN] ModelIntegratedComponent:182 - Modes not found for component STMicroelectronics:USB_DEVICE:1.0.0:STMicroelectronics:USB::USB Device:HID HS::1.0:USB_DEVICE_1_0_RESTRICTED_HS
2025-04-12 14:13:12,531 [WARN] ModelIntegratedComponent:188 - Modes not found for component STMicroelectronics:USB_DEVICE:1.0.0:STMicroelectronics:USB::USB Device:HID HS::1.0:USB_DEVICE_1_0_RESTRICTED_HS
2025-04-12 14:13:12,531 [WARN] ModelIntegratedComponent:182 - Modes not found for component STMicroelectronics:USB_DEVICE:1.0.0:STMicroelectronics:USB::USB Device:Custom HID HS::1.0:USB_DEVICE_1_0_RESTRICTED_HS
2025-04-12 14:13:12,531 [WARN] ModelIntegratedComponent:188 - Modes not found for component STMicroelectronics:USB_DEVICE:1.0.0:STMicroelectronics:USB::USB Device:Custom HID HS::1.0:USB_DEVICE_1_0_RESTRICTED_HS
2025-04-12 14:13:12,531 [WARN] ModelIntegratedComponent:182 - Modes not found for component STMicroelectronics:USB_DEVICE:1.0.0:STMicroelectronics:USB::USB Device:MSC HS::1.0:USB_DEVICE_1_0_RESTRICTED_HS
2025-04-12 14:13:12,531 [WARN] ModelIntegratedComponent:188 - Modes not found for component STMicroelectronics:USB_DEVICE:1.0.0:STMicroelectronics:USB::USB Device:MSC HS::1.0:USB_DEVICE_1_0_RESTRICTED_HS
2025-04-12 14:13:12,540 [INFO] ThirdPartyModel:298 - Start build external matchings
2025-04-12 14:13:13,124 [INFO] ThirdPartyModel:316 - End build external matchings
2025-04-12 14:13:13,138 [INFO] ImportTextPane:218 - (OptionalMessage_ERROR) IP (RCC) : Parameter (48MHZClocksFreq_Value) has invalid value (84000000)
2025-04-12 14:13:13,139 [INFO] ImportTextPane:218 - (OptionalMessage_ERROR) IP (RCC) : Parameter (FLatency) has Id (AdvancedSettings) currently not set
2025-04-12 14:13:13,140 [INFO] ImportTextPane:218 - (OptionalMessage_ERROR) IP (RCC) : Parameter (RTCHSEDivFreq_Value) has invalid value (4000000)
2025-04-12 14:13:13,384 [INFO] UtilMem:75 - End LoadConfig() Used Memory: 774056472 Bytes (1073741824)
2025-04-12 14:13:13,416 [WARN] ThirdParty:833 - waiting for thirdparty lock release [change project]
2025-04-12 14:13:13,416 [INFO] ThirdParty:835 - entering critical section [change project]
2025-04-12 14:13:13,416 [INFO] ThirdParty:1030 - CMSIS Pack Vendor :STMicroelectronics USBPD 4.1
2025-04-12 14:13:13,416 [INFO] ThirdParty:1030 - CMSIS Pack Vendor :STMicroelectronics X-CUBE-AZRTOS-H7 3.3.0
2025-04-12 14:13:13,416 [INFO] ThirdParty:1030 - CMSIS Pack Vendor :STMicroelectronics X-CUBE-NFC9 1.0.0
2025-04-12 14:13:13,416 [INFO] ThirdParty:1030 - CMSIS Pack Vendor :STMicroelectronics USB_HOST 2.0.0
2025-04-12 14:13:13,416 [INFO] ThirdParty:1030 - CMSIS Pack Vendor :STMicroelectronics FP-SNS-MOTENVWB1 1.4.0
2025-04-12 14:13:13,416 [INFO] ThirdParty:1030 - CMSIS Pack Vendor :STMicroelectronics X-CUBE-AZRTOS-F4 1.1.0
2025-04-12 14:13:13,416 [INFO] ThirdParty:1030 - CMSIS Pack Vendor :STMicroelectronics LIBJPEG 8.0.0
2025-04-12 14:13:13,416 [INFO] ThirdParty:1030 - CMSIS Pack Vendor :STMicroelectronics FP-ATR-ASTRA1 2.0.2
2025-04-12 14:13:13,416 [INFO] ThirdParty:1030 - CMSIS Pack Vendor :STMicroelectronics X-CUBE-BLE1 7.1.0
2025-04-12 14:13:13,416 [INFO] ThirdParty:1030 - CMSIS Pack Vendor :Avnet-IotConnect X-CUBE-IoTC-DA16k-PMOD 1.0.0
2025-04-12 14:13:13,416 [INFO] ThirdParty:1030 - CMSIS Pack Vendor :STMicroelectronics X-CUBE-SMBUS 2.1.0
2025-04-12 14:13:13,417 [INFO] ThirdParty:1030 - CMSIS Pack Vendor :STMicroelectronics X-CUBE-WB05N 1.1.0
2025-04-12 14:13:13,417 [INFO] ThirdParty:1030 - CMSIS Pack Vendor :wolfSSL I-CUBE-wolfMQTT 1.19.2
2025-04-12 14:13:13,417 [INFO] ThirdParty:1030 - CMSIS Pack Vendor :STMicroelectronics USB_DEVICE 3.0.0
2025-04-12 14:13:13,417 [INFO] ThirdParty:1030 - CMSIS Pack Vendor :STMicroelectronics X-CUBE-ISPU 2.1.0
2025-04-12 14:13:13,417 [INFO] ThirdParty:1030 - CMSIS Pack Vendor :STMicroelectronics X-CUBE-AZRTOS-WB 2.0.0
2025-04-12 14:13:13,417 [INFO] ThirdParty:1030 - CMSIS Pack Vendor :STMicroelectronics X-CUBE-GNSS1 7.0.1
2025-04-12 14:13:13,417 [INFO] ThirdParty:1030 - CMSIS Pack Vendor :STMicroelectronics X-CUBE-AZRTOS-F7 1.1.0
2025-04-12 14:13:13,417 [INFO] ThirdParty:1030 - CMSIS Pack Vendor :STMicroelectronics X-CUBE-AZRTOS-L5 2.0.0
2025-04-12 14:13:13,417 [INFO] ThirdParty:1030 - CMSIS Pack Vendor :STMicroelectronics X-CUBE-TOUCHGFX 4.25.0
2025-04-12 14:13:13,417 [INFO] ThirdParty:1030 - CMSIS Pack Vendor :STMicroelectronics USB_DEVICE 2.0.0
2025-04-12 14:13:13,417 [INFO] ThirdParty:1030 - CMSIS Pack Vendor :STMicroelectronics X-CUBE-NFC6 3.1.0
2025-04-12 14:13:13,417 [INFO] ThirdParty:1030 - CMSIS Pack Vendor :STMicroelectronics FP-SNS-STBOX1 2.0.0
2025-04-12 14:13:13,417 [INFO] ThirdParty:1030 - CMSIS Pack Vendor :STMicroelectronics FreeRTOS 0.0.1
2025-04-12 14:13:13,417 [INFO] ThirdParty:1030 - CMSIS Pack Vendor :STMicroelectronics X-CUBE-AZRTOS-G0 1.1.0
2025-04-12 14:13:13,417 [INFO] ThirdParty:1030 - CMSIS Pack Vendor :STMicroelectronics X-CUBE-SAFEA1 1.2.2
2025-04-12 14:13:13,417 [INFO] ThirdParty:1030 - CMSIS Pack Vendor :STMicroelectronics X-CUBE-NFC4 3.0.0
2025-04-12 14:13:13,417 [INFO] ThirdParty:1030 - CMSIS Pack Vendor :STMicroelectronics X-CUBE-DPower 1.2.0
2025-04-12 14:13:13,417 [INFO] ThirdParty:1030 - CMSIS Pack Vendor :STMicroelectronics X-CUBE-SUBG2 5.0.0
2025-04-12 14:13:13,417 [INFO] ThirdParty:1030 - CMSIS Pack Vendor :STMicroelectronics X-CUBE-AZRTOS-H7RS 1.1.0
2025-04-12 14:13:13,417 [INFO] ThirdParty:1030 - CMSIS Pack Vendor :STMicroelectronics STM32_WPAN 1.0.0
2025-04-12 14:13:13,417 [INFO] ThirdParty:1030 - CMSIS Pack Vendor :EmbeddedOffice I-CUBE-FS-RTOS 1.0.1
2025-04-12 14:13:13,417 [INFO] ThirdParty:1030 - CMSIS Pack Vendor :STMicroelectronics lwIP 2.0.3
2025-04-12 14:13:13,417 [INFO] ThirdParty:1030 - CMSIS Pack Vendor :STMicroelectronics FP-SNS-FLIGHT1 5.0.2
2025-04-12 14:13:13,417 [INFO] ThirdParty:1030 - CMSIS Pack Vendor :Cesanta I-CUBE-Mongoose 7.13.0
2025-04-12 14:13:13,417 [INFO] ThirdParty:1030 - CMSIS Pack Vendor :STMicroelectronics USB_HOST 1.0.0
2025-04-12 14:13:13,417 [INFO] ThirdParty:1030 - CMSIS Pack Vendor :Infineon AIROC-Wi-Fi-Bluetooth-STM32 1.7.0
2025-04-12 14:13:13,417 [INFO] ThirdParty:1030 - CMSIS Pack Vendor :STMicroelectronics X-CUBE-AZRTOS-G4 2.0.0
2025-04-12 14:13:13,417 [INFO] ThirdParty:1030 - CMSIS Pack Vendor :STMicroelectronics PDM2PCM 3.1.0
2025-04-12 14:13:13,417 [INFO] ThirdParty:1030 - CMSIS Pack Vendor :STMicroelectronics PDM2PCM 3.3.0
2025-04-12 14:13:13,417 [INFO] ThirdParty:1030 - CMSIS Pack Vendor :wolfSSL I-CUBE-wolfTPM 3.8.0
2025-04-12 14:13:13,417 [INFO] ThirdParty:1030 - CMSIS Pack Vendor :STMicroelectronics X-CUBE-DISPLAY 3.0.0
2025-04-12 14:13:13,418 [INFO] ThirdParty:1030 - CMSIS Pack Vendor :wolfSSL I-CUBE-wolfSSH 1.4.20
2025-04-12 14:13:13,418 [INFO] ThirdParty:1030 - CMSIS Pack Vendor :STMicroelectronics X-CUBE-TCPP 4.2.0
2025-04-12 14:13:13,418 [INFO] ThirdParty:1030 - CMSIS Pack Vendor :RealThread X-CUBE-RT-Thread_Nano 4.1.1
2025-04-12 14:13:13,418 [INFO] ThirdParty:1030 - CMSIS Pack Vendor :STMicroelectronics X-CUBE-BLE1 7.0.0
2025-04-12 14:13:13,418 [INFO] ThirdParty:1030 - CMSIS Pack Vendor :STMicroelectronics FP-ATR-SIGFOX1 3.2.0
2025-04-12 14:13:13,418 [INFO] ThirdParty:1030 - CMSIS Pack Vendor :STMicroelectronics X-CUBE-NFC10 1.0.0
2025-04-12 14:13:13,418 [INFO] ThirdParty:1030 - CMSIS Pack Vendor :quantropi X-CUBE-qispace-sdk-base 1.9.3
2025-04-12 14:13:13,418 [INFO] ThirdParty:1030 - CMSIS Pack Vendor :STMicroelectronics X-CUBE-BLEMGR 4.0.0
2025-04-12 14:13:13,418 [INFO] ThirdParty:1030 - CMSIS Pack Vendor :STMicroelectronics X-CUBE-EEPRMA1 5.1.0
2025-04-12 14:13:13,418 [INFO] ThirdParty:1030 - CMSIS Pack Vendor :STMicroelectronics HAL Drivers 0.0.0
2025-04-12 14:13:13,418 [INFO] ThirdParty:1030 - CMSIS Pack Vendor :STMicroelectronics MBEDTLS 2.16.2
2025-04-12 14:13:13,418 [INFO] ThirdParty:1030 - CMSIS Pack Vendor :STMicroelectronics X-CUBE-IPS 3.1.0
2025-04-12 14:13:13,418 [INFO] ThirdParty:1030 - CMSIS Pack Vendor :STMicroelectronics X-CUBE-ALS 1.0.2
2025-04-12 14:13:13,418 [INFO] ThirdParty:1030 - CMSIS Pack Vendor :emotas I-CUBE-CANOPEN 1.3.0
2025-04-12 14:13:13,418 [INFO] ThirdParty:1030 - CMSIS Pack Vendor :STMicroelectronics X-CUBE-FREERTOS 1.3.0
2025-04-12 14:13:13,418 [INFO] ThirdParty:1030 - CMSIS Pack Vendor :STMicroelectronics X-CUBE-NFC7 1.0.1
2025-04-12 14:13:13,418 [INFO] ThirdParty:1030 - CMSIS Pack Vendor :STMicroelectronics MBEDTLS 2.14.1
2025-04-12 14:13:13,418 [INFO] ThirdParty:1030 - CMSIS Pack Vendor :wolfSSL I-CUBE-wolfSSL 5.7.6
2025-04-12 14:13:13,418 [INFO] ThirdParty:1030 - CMSIS Pack Vendor :ITTIA_DB I-CUBE-ITTIADB 8.9.0
2025-04-12 14:13:13,418 [INFO] ThirdParty:1030 - CMSIS Pack Vendor :STMicroelectronics X-CUBE-TOUCHGFX 4.24.2
2025-04-12 14:13:13,418 [INFO] ThirdParty:1030 - CMSIS Pack Vendor :portGmbH I-Cube-SoM-uGOAL 1.1.0
2025-04-12 14:13:13,418 [INFO] ThirdParty:1030 - CMSIS Pack Vendor :STMicroelectronics X-CUBE-AI 10.0.0
2025-04-12 14:13:13,418 [INFO] ThirdParty:1030 - CMSIS Pack Vendor :STMicroelectronics ThreadX 1.0.0
2025-04-12 14:13:13,418 [INFO] ThirdParty:1030 - CMSIS Pack Vendor :STMicroelectronics FP-SNS-SMARTAG2 1.2.0
2025-04-12 14:13:13,418 [INFO] ThirdParty:1030 - CMSIS Pack Vendor :STMicroelectronics FP-SNS-FLIGHT1 5.1.0
2025-04-12 14:13:13,418 [INFO] ThirdParty:1030 - CMSIS Pack Vendor :STMicroelectronics X-CUBE-MEMS1 11.1.0
2025-04-12 14:13:13,418 [INFO] ThirdParty:1030 - CMSIS Pack Vendor :STMicroelectronics X-CUBE-AZRTOS-WL 2.0.0
2025-04-12 14:13:13,418 [INFO] ThirdParty:1030 - CMSIS Pack Vendor :SEGGER I-CUBE-embOS 1.3.1
2025-04-12 14:13:13,418 [INFO] ThirdParty:1030 - CMSIS Pack Vendor :STMicroelectronics X-CUBE-ALGOBUILD 1.4.0
2025-04-12 14:13:13,418 [INFO] ThirdParty:1030 - CMSIS Pack Vendor :STMicroelectronics X-CUBE-DPower 1.3.0
2025-04-12 14:13:13,418 [INFO] ThirdParty:1030 - CMSIS Pack Vendor :STMicroelectronics FP-SNS-MOTENV1 5.0.0
2025-04-12 14:13:13,419 [INFO] ThirdParty:1030 - CMSIS Pack Vendor :STMicroelectronics USB_DEVICE 1.0.0
2025-04-12 14:13:13,419 [INFO] ThirdParty:1030 - CMSIS Pack Vendor :STMicroelectronics X-CUBE-AZRTOS-H7RS 1.0.0
2025-04-12 14:13:13,419 [INFO] ThirdParty:1030 - CMSIS Pack Vendor :STMicroelectronics X-CUBE-AZRTOS-L4 2.0.0
2025-04-12 14:13:13,419 [INFO] ThirdParty:1030 - CMSIS Pack Vendor :STMicroelectronics ThreadX 0.0.2
2025-04-12 14:13:13,419 [INFO] ThirdParty:1030 - CMSIS Pack Vendor :WES I-CUBE-Cesium 1.3.0
2025-04-12 14:13:13,419 [INFO] ThirdParty:1030 - CMSIS Pack Vendor :STMicroelectronics lwIP 2.1.2
2025-04-12 14:13:13,419 [INFO] ThirdParty:1030 - CMSIS Pack Vendor :STMicroelectronics X-CUBE-SFXS2LP1 4.0.0
2025-04-12 14:13:13,419 [INFO] ThirdParty:1030 - CMSIS Pack Vendor :STMicroelectronics X-CUBE-BLE2 3.3.0
2025-04-12 14:13:13,419 [INFO] ThirdParty:1030 - CMSIS Pack Vendor :STMicroelectronics X-CUBE-TOF1 3.4.2
2025-04-12 14:13:13,419 [INFO] ThirdParty:1030 - CMSIS Pack Vendor :STMicroelectronics PDM2PCM 3.2.0
2025-04-12 14:13:13,419 [INFO] ThirdParty:841 - exiting critical section [change project]
2025-04-12 14:13:13,540 [INFO] PinOutPanel:1589 - setPackage(No Configuration,No Configuration)
2025-04-12 14:13:13,541 [INFO] PinOutPanel:1589 - setPackage(STM32F411RETx,LQFP64)
2025-04-12 14:13:13,759 [INFO] UtilMem:75 - Before build in PCC Used Memory: 928824336 Bytes (1073741824)
2025-04-12 14:13:14,066 [INFO] UtilMem:75 - After build in PCC Used Memory: 973390864 Bytes (1073741824)
2025-04-12 14:13:14,083 [INFO] IPUIPlugin:80 - create IPUIPlugin
2025-04-12 14:13:14,083 [INFO] IPUIPlugin:80 - create IPUIPlugin
2025-04-12 14:13:14,083 [INFO] IPUIPlugin:80 - create IPUIPlugin
2025-04-12 14:13:14,083 [INFO] IPUIPlugin:80 - create IPUIPlugin
2025-04-12 14:13:14,083 [INFO] IPUIPlugin:80 - create IPUIPlugin
2025-04-12 14:13:14,083 [INFO] IPUIPlugin:80 - create IPUIPlugin
2025-04-12 14:13:14,084 [INFO] IPUIPlugin:80 - create IPUIPlugin
2025-04-12 14:13:14,084 [INFO] IPUIPlugin:80 - create IPUIPlugin
2025-04-12 14:13:14,084 [INFO] IPUIPlugin:80 - create IPUIPlugin
2025-04-12 14:13:14,084 [INFO] IPUIPlugin:80 - create IPUIPlugin
2025-04-12 14:13:14,084 [INFO] IPUIPlugin:80 - create IPUIPlugin
2025-04-12 14:13:14,084 [INFO] IPUIPlugin:80 - create IPUIPlugin
2025-04-12 14:13:14,084 [INFO] IPUIPlugin:80 - create IPUIPlugin
2025-04-12 14:13:14,084 [INFO] IPUIPlugin:80 - create IPUIPlugin
2025-04-12 14:13:14,084 [INFO] IPUIPlugin:80 - create IPUIPlugin
2025-04-12 14:13:14,084 [INFO] IPUIPlugin:80 - create IPUIPlugin
2025-04-12 14:13:14,085 [INFO] IPUIPlugin:80 - create IPUIPlugin
2025-04-12 14:13:14,085 [INFO] IPUIPlugin:80 - create IPUIPlugin
2025-04-12 14:13:14,085 [INFO] IPUIPlugin:80 - create IPUIPlugin
2025-04-12 14:13:14,085 [INFO] IPUIPlugin:80 - create IPUIPlugin
2025-04-12 14:13:14,086 [INFO] IPUIPlugin:80 - create IPUIPlugin
2025-04-12 14:13:14,087 [INFO] IPUIPlugin:80 - create IPUIPlugin
2025-04-12 14:13:14,087 [INFO] IPUIPlugin:80 - create IPUIPlugin
2025-04-12 14:13:14,087 [INFO] IPUIPlugin:80 - create IPUIPlugin
2025-04-12 14:13:14,087 [INFO] IPUIPlugin:80 - create IPUIPlugin
2025-04-12 14:13:14,087 [INFO] IPUIPlugin:80 - create IPUIPlugin
2025-04-12 14:13:14,088 [INFO] IPUIPlugin:80 - create IPUIPlugin
2025-04-12 14:13:14,088 [INFO] IPUIPlugin:80 - create IPUIPlugin
2025-04-12 14:13:14,088 [INFO] IPUIPlugin:80 - create IPUIPlugin
2025-04-12 14:13:14,088 [INFO] IPUIPlugin:80 - create IPUIPlugin
2025-04-12 14:13:14,088 [INFO] IPUIPlugin:80 - create IPUIPlugin
2025-04-12 14:13:14,088 [INFO] IPUIPlugin:80 - create IPUIPlugin
2025-04-12 14:13:14,089 [INFO] IPUIPlugin:80 - create IPUIPlugin
2025-04-12 14:13:14,089 [INFO] IPUIPlugin:80 - create IPUIPlugin
2025-04-12 14:13:14,089 [INFO] IPUIPlugin:80 - create IPUIPlugin
2025-04-12 14:13:14,089 [INFO] IPUIPlugin:80 - create IPUIPlugin
2025-04-12 14:13:14,090 [INFO] IPUIPlugin:80 - create IPUIPlugin
2025-04-12 14:13:14,090 [INFO] IPUIPlugin:80 - create IPUIPlugin
2025-04-12 14:13:14,091 [INFO] IPUIPlugin:80 - create IPUIPlugin
2025-04-12 14:13:14,091 [INFO] IPUIPlugin:80 - create IPUIPlugin
2025-04-12 14:13:14,091 [INFO] IPUIPlugin:80 - create IPUIPlugin
2025-04-12 14:13:14,092 [INFO] IPUIPlugin:80 - create IPUIPlugin
2025-04-12 14:13:14,092 [INFO] IPUIPlugin:80 - create IPUIPlugin
2025-04-12 14:13:14,095 [INFO] ApiDbMcu:508 - Load IP Config File for PDM2PCM
2025-04-12 14:13:14,153 [INFO] CADModel:165 - CPN selected for project levelSTM32F411RET6
2025-04-12 14:13:14,153 [INFO] CADModel:114 - Register for checkConnection events
2025-04-12 14:13:14,210 [INFO] OpenFileManager:363 - Restore cursor
2025-04-12 14:13:14,566 [INFO] UtilMem:75 - End SaveConfig() Used Memory: 835696984 Bytes (1073741824)
2025-04-12 14:13:14,633 [INFO] UtilMem:75 - End SaveConfig() Used Memory: 851425624 Bytes (1073741824)
2025-04-12 14:13:14,881 [INFO] BlockDiagram:2766 - set Specific Code input for plugin: NVIC
2025-04-12 14:13:14,881 [INFO] BlockDiagram:2766 - set Specific Code input for plugin: USART
2025-04-12 14:13:14,881 [INFO] BlockDiagram:2766 - set Specific Code input for plugin: SYS
2025-04-12 14:13:14,881 [INFO] BlockDiagram:2766 - set Specific Code input for plugin: GPIO
2025-04-12 14:13:14,881 [INFO] BlockDiagram:2766 - set Specific Code input for plugin: RCC
2025-04-12 14:13:14,883 [INFO] CodeGenerator:896 - code generatio: config db path: C:\ST\STM32CubeIDE_1.17.0\STM32CubeIDE\plugins\com.st.stm32cube.common.mx_6.13.0.202411220809\\db\
2025-04-12 14:13:15,002 [INFO] CodeEngine:255 - oldGeneratedFile, C:\Users\Flori\Documents\Project\Tech\IT\firmware-development\NucleoF411RE-ApplicationShield\nucleo-AppShield\MXTmpFiles\license.tmp_save
2025-04-12 14:13:15,215 [INFO] CodeEngine:279 - Generated code: C:\Users\Flori\Documents\Project\Tech\IT\firmware-development\NucleoF411RE-ApplicationShield\nucleo-AppShield\MXTmpFiles\license.tmp
2025-04-12 14:13:15,264 [INFO] CodeEngine:255 - oldGeneratedFile, C:\Users\Flori\Documents\Project\Tech\IT\firmware-development\NucleoF411RE-ApplicationShield\nucleo-AppShield\MXTmpFiles\gpio.tmp_save
2025-04-12 14:13:15,404 [INFO] CodeEngine:279 - Generated code: C:\Users\Flori\Documents\Project\Tech\IT\firmware-development\NucleoF411RE-ApplicationShield\nucleo-AppShield\MXTmpFiles\gpio.tmp
2025-04-12 14:13:15,466 [INFO] CodeEngine:255 - oldGeneratedFile, C:\Users\Flori\Documents\Project\Tech\IT\firmware-development\NucleoF411RE-ApplicationShield\nucleo-AppShield\Core\Src\stm32f4xx_it.c_save
2025-04-12 14:13:15,619 [INFO] CodeEngine:279 - Generated code: C:\Users\Flori\Documents\Project\Tech\IT\firmware-development\NucleoF411RE-ApplicationShield\nucleo-AppShield\Core\Src\stm32f4xx_it.c
2025-04-12 14:13:15,626 [INFO] CodeEngine:255 - oldGeneratedFile, C:\Users\Flori\Documents\Project\Tech\IT\firmware-development\NucleoF411RE-ApplicationShield\nucleo-AppShield\Core\Inc\stm32f4xx_it.h_save
2025-04-12 14:13:15,717 [INFO] CodeEngine:279 - Generated code: C:\Users\Flori\Documents\Project\Tech\IT\firmware-development\NucleoF411RE-ApplicationShield\nucleo-AppShield\Core\Inc\stm32f4xx_it.h
2025-04-12 14:13:15,731 [INFO] CodeEngine:255 - oldGeneratedFile, C:\Users\Flori\Documents\Project\Tech\IT\firmware-development\NucleoF411RE-ApplicationShield\nucleo-AppShield\Core\Src\stm32f4xx_hal_msp.c_save
2025-04-12 14:13:15,877 [INFO] CodeEngine:279 - Generated code: C:\Users\Flori\Documents\Project\Tech\IT\firmware-development\NucleoF411RE-ApplicationShield\nucleo-AppShield\Core\Src\stm32f4xx_hal_msp.c
2025-04-12 14:13:15,882 [INFO] CodeEngine:255 - oldGeneratedFile, C:\Users\Flori\Documents\Project\Tech\IT\firmware-development\NucleoF411RE-ApplicationShield\nucleo-AppShield\MXTmpFiles\system.tmp_save
2025-04-12 14:13:15,967 [INFO] CodeEngine:279 - Generated code: C:\Users\Flori\Documents\Project\Tech\IT\firmware-development\NucleoF411RE-ApplicationShield\nucleo-AppShield\MXTmpFiles\system.tmp
2025-04-12 14:13:15,978 [INFO] CodeEngine:311 - oldGeneratedFile, C:\Users\Flori\Documents\Project\Tech\IT\firmware-development\NucleoF411RE-ApplicationShield\nucleo-AppShield\Core\Inc\stm32f4xx_hal_conf.h_save
2025-04-12 14:13:16,164 [INFO] CodeEngine:335 - Generated code: C:\Users\Flori\Documents\Project\Tech\IT\firmware-development\NucleoF411RE-ApplicationShield\nucleo-AppShield\Core\Inc\stm32f4xx_hal_conf.h
2025-04-12 14:13:16,218 [INFO] ApiDbMcu:508 - Load IP Config File for USART2
2025-04-12 14:13:16,230 [INFO] ApiDbMcu:508 - Load IP Config File for RCC
2025-04-12 14:13:16,239 [INFO] CodeEngine:255 - oldGeneratedFile, C:\Users\Flori\Documents\Project\Tech\IT\firmware-development\NucleoF411RE-ApplicationShield\nucleo-AppShield\Core\Inc\main.h_save
2025-04-12 14:13:16,353 [INFO] CodeEngine:279 - Generated code: C:\Users\Flori\Documents\Project\Tech\IT\firmware-development\NucleoF411RE-ApplicationShield\nucleo-AppShield\Core\Inc\main.h
2025-04-12 14:13:16,358 [INFO] CodeEngine:255 - oldGeneratedFile, C:\Users\Flori\Documents\Project\Tech\IT\firmware-development\NucleoF411RE-ApplicationShield\nucleo-AppShield\Core\Src\main.c_save
2025-04-12 14:13:16,481 [INFO] CodeEngine:279 - Generated code: C:\Users\Flori\Documents\Project\Tech\IT\firmware-development\NucleoF411RE-ApplicationShield\nucleo-AppShield\Core\Src\main.c
2025-04-12 14:13:17,081 [INFO] ProjectBuilder:3289 - Time for Copy HAL[1] : 308mS.
2025-04-12 14:13:17,088 [INFO] ProjectBuilder:4876 - Project Generator version: 4.5.0-RC5
2025-04-12 14:13:17,224 [INFO] ConfigFileManager:1579 - The Die is : DIE431
2025-04-12 14:13:17,238 [INFO] ApiDbMcu:508 - Load IP Config File for FATFS
2025-04-12 14:13:17,274 [INFO] ApiDbMcu:508 - Load IP Config File for FREERTOS
2025-04-12 14:13:17,280 [INFO] ApiDbMcu:508 - Load IP Config File for LIBJPEG
2025-04-12 14:13:17,331 [INFO] ApiDbMcu:508 - Load IP Config File for MBEDTLS
2025-04-12 14:13:17,378 [INFO] ApiDbMcu:508 - Load IP Config File for USB_DEVICE
2025-04-12 14:13:17,389 [INFO] ApiDbMcu:508 - Load IP Config File for USB_HOST
2025-04-12 14:13:19,142 [INFO] ProjectBuilder:5154 - Time for Generating toolchain IDE Files: 2053mS.
2025-04-12 14:13:19,147 [INFO] ProjectBuilder:3146 - Time for Copy CMSIS : 3mS.
2025-04-12 14:13:19,150 [INFO] ProjectBuilder:3146 - Time for Copy CMSIS : 0mS.
2025-04-12 14:13:19,988 [INFO] McuFinderGlobals:76 - Set McuFinderConnectedMode to true
2025-04-12 14:13:19,990 [INFO] ApiDb:448 - Save user favorites file C:\Users\Flori/.stm32cubeide/favorites.mcus.txt: 0 item(s)
2025-04-12 14:13:19,990 [INFO] ApiDb:452 - User favorites MCUs=[]
2025-04-12 14:13:19,991 [INFO] ApiDb:448 - Save user favorites file C:\Users\Flori/.stm32cubeide/favorites.boards.txt: 0 item(s)
2025-04-12 14:13:19,991 [INFO] ApiDb:452 - User favorites Boards=[]
2025-04-12 14:17:11,951 [INFO] Gpio:277 - dependency for GPIO [RCC, SYS, USART2]
2025-04-12 14:17:56,076 [INFO] UtilMem:75 - End SaveConfig() Used Memory: 943611264 Bytes (1073741824)
2025-04-12 14:17:56,195 [INFO] UtilMem:75 - End SaveConfig() Used Memory: 961437056 Bytes (1073741824)
2025-04-12 14:17:56,934 [INFO] UtilMem:75 - End SaveConfig() Used Memory: 1044277280 Bytes (1073741824)
2025-04-12 14:17:57,377 [INFO] BlockDiagram:2766 - set Specific Code input for plugin: NVIC
2025-04-12 14:17:57,378 [INFO] BlockDiagram:2766 - set Specific Code input for plugin: USART
2025-04-12 14:17:57,378 [INFO] BlockDiagram:2766 - set Specific Code input for plugin: SYS
2025-04-12 14:17:57,378 [INFO] BlockDiagram:2766 - set Specific Code input for plugin: GPIO
2025-04-12 14:17:57,378 [INFO] BlockDiagram:2766 - set Specific Code input for plugin: RCC
2025-04-12 14:17:57,380 [INFO] CodeGenerator:896 - code generatio: config db path: C:\ST\STM32CubeIDE_1.17.0\STM32CubeIDE\plugins\com.st.stm32cube.common.mx_6.13.0.202411220809\\db\
2025-04-12 14:17:57,468 [INFO] CodeEngine:255 - oldGeneratedFile, C:\Users\Flori\Documents\Project\Tech\IT\firmware-development\NucleoF411RE-ApplicationShield\nucleo-AppShield\MXTmpFiles\license.tmp_save
2025-04-12 14:17:57,670 [INFO] CodeEngine:279 - Generated code: C:\Users\Flori\Documents\Project\Tech\IT\firmware-development\NucleoF411RE-ApplicationShield\nucleo-AppShield\MXTmpFiles\license.tmp
2025-04-12 14:17:57,711 [INFO] CodeEngine:255 - oldGeneratedFile, C:\Users\Flori\Documents\Project\Tech\IT\firmware-development\NucleoF411RE-ApplicationShield\nucleo-AppShield\MXTmpFiles\gpio.tmp_save
2025-04-12 14:17:57,866 [INFO] CodeEngine:279 - Generated code: C:\Users\Flori\Documents\Project\Tech\IT\firmware-development\NucleoF411RE-ApplicationShield\nucleo-AppShield\MXTmpFiles\gpio.tmp
2025-04-12 14:17:57,965 [INFO] CodeEngine:255 - oldGeneratedFile, C:\Users\Flori\Documents\Project\Tech\IT\firmware-development\NucleoF411RE-ApplicationShield\nucleo-AppShield\Core\Src\stm32f4xx_it.c_save
2025-04-12 14:17:58,082 [INFO] CodeEngine:279 - Generated code: C:\Users\Flori\Documents\Project\Tech\IT\firmware-development\NucleoF411RE-ApplicationShield\nucleo-AppShield\Core\Src\stm32f4xx_it.c
2025-04-12 14:17:58,091 [INFO] CodeEngine:255 - oldGeneratedFile, C:\Users\Flori\Documents\Project\Tech\IT\firmware-development\NucleoF411RE-ApplicationShield\nucleo-AppShield\Core\Inc\stm32f4xx_it.h_save
2025-04-12 14:17:58,190 [INFO] CodeEngine:279 - Generated code: C:\Users\Flori\Documents\Project\Tech\IT\firmware-development\NucleoF411RE-ApplicationShield\nucleo-AppShield\Core\Inc\stm32f4xx_it.h
2025-04-12 14:17:58,223 [INFO] CodeEngine:255 - oldGeneratedFile, C:\Users\Flori\Documents\Project\Tech\IT\firmware-development\NucleoF411RE-ApplicationShield\nucleo-AppShield\Core\Src\stm32f4xx_hal_msp.c_save
2025-04-12 14:17:58,360 [INFO] CodeEngine:279 - Generated code: C:\Users\Flori\Documents\Project\Tech\IT\firmware-development\NucleoF411RE-ApplicationShield\nucleo-AppShield\Core\Src\stm32f4xx_hal_msp.c
2025-04-12 14:17:58,365 [INFO] CodeEngine:255 - oldGeneratedFile, C:\Users\Flori\Documents\Project\Tech\IT\firmware-development\NucleoF411RE-ApplicationShield\nucleo-AppShield\MXTmpFiles\system.tmp_save
2025-04-12 14:17:58,438 [INFO] CodeEngine:279 - Generated code: C:\Users\Flori\Documents\Project\Tech\IT\firmware-development\NucleoF411RE-ApplicationShield\nucleo-AppShield\MXTmpFiles\system.tmp
2025-04-12 14:17:58,475 [INFO] CodeEngine:311 - oldGeneratedFile, C:\Users\Flori\Documents\Project\Tech\IT\firmware-development\NucleoF411RE-ApplicationShield\nucleo-AppShield\Core\Inc\stm32f4xx_hal_conf.h_save
2025-04-12 14:17:58,606 [INFO] CodeEngine:335 - Generated code: C:\Users\Flori\Documents\Project\Tech\IT\firmware-development\NucleoF411RE-ApplicationShield\nucleo-AppShield\Core\Inc\stm32f4xx_hal_conf.h
2025-04-12 14:17:58,677 [INFO] CodeEngine:255 - oldGeneratedFile, C:\Users\Flori\Documents\Project\Tech\IT\firmware-development\NucleoF411RE-ApplicationShield\nucleo-AppShield\Core\Inc\main.h_save
2025-04-12 14:17:58,785 [INFO] CodeEngine:279 - Generated code: C:\Users\Flori\Documents\Project\Tech\IT\firmware-development\NucleoF411RE-ApplicationShield\nucleo-AppShield\Core\Inc\main.h
2025-04-12 14:17:58,805 [INFO] CodeEngine:255 - oldGeneratedFile, C:\Users\Flori\Documents\Project\Tech\IT\firmware-development\NucleoF411RE-ApplicationShield\nucleo-AppShield\Core\Src\main.c_save
2025-04-12 14:17:58,958 [INFO] CodeEngine:279 - Generated code: C:\Users\Flori\Documents\Project\Tech\IT\firmware-development\NucleoF411RE-ApplicationShield\nucleo-AppShield\Core\Src\main.c
2025-04-12 14:17:59,498 [INFO] ProjectBuilder:3289 - Time for Copy HAL[1] : 238mS.
2025-04-12 14:17:59,505 [INFO] ProjectBuilder:4876 - Project Generator version: 4.5.0-RC5
2025-04-12 14:17:59,642 [INFO] ConfigFileManager:1579 - The Die is : DIE431
2025-04-12 14:18:01,353 [INFO] ProjectBuilder:5154 - Time for Generating toolchain IDE Files: 1847mS.
2025-04-12 14:18:01,354 [INFO] ProjectBuilder:3146 - Time for Copy CMSIS : 1mS.
2025-04-12 14:18:01,356 [INFO] ProjectBuilder:3146 - Time for Copy CMSIS : 0mS.
2025-04-12 14:19:44,191 [ERROR] LogOutputStream:75 - [STDERR_REDIRECT] Exception in thread "AWT-EventQueue-0" org.eclipse.swt.SWTException: Device is disposed
2025-04-12 14:19:44,193 [ERROR] LogOutputStream:75 - [STDERR_REDIRECT] 	at org.eclipse.swt.SWT.error(SWT.java:4918)
2025-04-12 14:19:44,194 [ERROR] LogOutputStream:75 - [STDERR_REDIRECT] 	at org.eclipse.swt.SWT.error(SWT.java:4833)
2025-04-12 14:19:44,198 [ERROR] LogOutputStream:75 - [STDERR_REDIRECT] 	at org.eclipse.swt.SWT.error(SWT.java:4804)
2025-04-12 14:19:44,200 [ERROR] LogOutputStream:75 - [STDERR_REDIRECT] 	at org.eclipse.swt.widgets.Display.error(Display.java:1278)
2025-04-12 14:19:44,202 [ERROR] LogOutputStream:75 - [STDERR_REDIRECT] 	at org.eclipse.swt.widgets.Display.asyncExec(Display.java:774)
2025-04-12 14:19:44,205 [ERROR] LogOutputStream:75 - [STDERR_REDIRECT] 	at com.st.stm32cube.common.mx.oss.core.awtswtbridge.AwtEnvironment$2.run(AwtEnvironment.java:168)
2025-04-12 14:19:44,207 [ERROR] LogOutputStream:75 - [STDERR_REDIRECT] 	at java.desktop/java.awt.event.InvocationEvent.dispatch(InvocationEvent.java:318)
2025-04-12 14:19:44,209 [ERROR] LogOutputStream:75 - [STDERR_REDIRECT] 	at java.desktop/java.awt.EventQueue.dispatchEventImpl(EventQueue.java:773)
2025-04-12 14:19:44,212 [ERROR] LogOutputStream:75 - [STDERR_REDIRECT] 	at java.desktop/java.awt.EventQueue$4.run(EventQueue.java:720)
2025-04-12 14:19:44,216 [ERROR] LogOutputStream:75 - [STDERR_REDIRECT] 	at java.desktop/java.awt.EventQueue$4.run(EventQueue.java:714)
2025-04-12 14:19:44,220 [ERROR] LogOutputStream:75 - [STDERR_REDIRECT] 	at java.base/java.security.AccessController.doPrivileged(AccessController.java:400)
2025-04-12 14:19:44,223 [ERROR] LogOutputStream:75 - [STDERR_REDIRECT] 	at java.base/java.security.ProtectionDomain$JavaSecurityAccessImpl.doIntersectionPrivilege(ProtectionDomain.java:87)
2025-04-12 14:19:44,224 [ERROR] LogOutputStream:75 - [STDERR_REDIRECT] 	at java.desktop/java.awt.EventQueue.dispatchEvent(EventQueue.java:742)
2025-04-12 14:19:44,226 [ERROR] LogOutputStream:75 - [STDERR_REDIRECT] 	at java.desktop/java.awt.EventDispatchThread.pumpOneEventForFilters(EventDispatchThread.java:203)
2025-04-12 14:19:44,232 [ERROR] LogOutputStream:75 - [STDERR_REDIRECT] 	at java.desktop/java.awt.EventDispatchThread.pumpEventsForFilter(EventDispatchThread.java:124)
2025-04-12 14:19:44,234 [ERROR] LogOutputStream:75 - [STDERR_REDIRECT] 	at java.desktop/java.awt.EventDispatchThread.pumpEventsForHierarchy(EventDispatchThread.java:113)
2025-04-12 14:19:44,237 [ERROR] LogOutputStream:75 - [STDERR_REDIRECT] 	at java.desktop/java.awt.EventDispatchThread.pumpEvents(EventDispatchThread.java:109)
2025-04-12 14:19:44,239 [ERROR] LogOutputStream:75 - [STDERR_REDIRECT] 	at java.desktop/java.awt.EventDispatchThread.pumpEvents(EventDispatchThread.java:101)
2025-04-12 14:19:44,240 [ERROR] LogOutputStream:75 - [STDERR_REDIRECT] 	at java.desktop/java.awt.EventDispatchThread.run(EventDispatchThread.java:90)
2025-04-12 14:19:44,315 [ERROR] LogOutputStream:75 - [STDERR_REDIRECT] 
2025-04-12 14:19:44,316 [ERROR] LogOutputStream:75 - [STDERR_REDIRECT] 
