2025-05-18 10:29:06,553 [INFO] Activator:176 - 


2025-05-18 10:29:06,563 [INFO] Activator:177 - !SESSION log4j initialized
2025-05-18 10:29:14,790 [INFO] LogOutputStream:77 - [STDOUT_REDIRECT] 
2025-05-18 10:29:15,104 [ERROR] ConfigurationRetriever:142 - IOException on connection: sw-center.st.com
2025-05-18 10:29:15,104 [ERROR] ConfigurationRetriever:142 - IOException on connection: sw-center.st.com
2025-05-18 10:29:15,104 [ERROR] ConfigurationRetriever:142 - IOException on connection: sw-center.st.com
2025-05-18 10:29:15,104 [ERROR] ConfigurationRetriever:142 - IOException on connection: sw-center.st.com
2025-05-18 10:29:15,104 [ERROR] ConfigurationRetriever:142 - IOException on connection: sw-center.st.com
2025-05-18 10:29:15,104 [ERROR] ConfigurationRetriever:142 - IOException on connection: sw-center.st.com
2025-05-18 10:29:17,023 [INFO] ApplicationProperties:184 - Using Application install path: C:\ST\STM32CubeIDE_1.17.0\STM32CubeIDE\plugins\com.st.stm32cube.common.mx_6.13.0.202411220809
2025-05-18 10:29:17,044 [INFO] DbMcusXml:78 - Set database path to: C:\ST\STM32CubeIDE_1.17.0\STM32CubeIDE\plugins\com.st.stm32cube.common.mx_6.13.0.202411220809\\db\/mcu/
2025-05-18 10:29:17,044 [INFO] ApiDb:274 - Set plugin database path to: C:\ST\STM32CubeIDE_1.17.0\STM32CubeIDE\plugins\com.st.stm32cube.common.mx_6.13.0.202411220809\\db\/plugins/boardmanager/
2025-05-18 10:29:17,044 [WARN] ApiDb:259 - Overriding images path with different value:  => C:\ST\STM32CubeIDE_1.17.0\STM32CubeIDE\plugins\com.st.stm32cube.common.mx_6.13.0.202411220809\\db\/plugins/mcufinder/images/
2025-05-18 10:29:17,059 [INFO] ApiDb:250 - Set database path to: C:\Users\Flori\.stmcufinder\plugins\mcufinder//mcu/
2025-05-18 10:29:17,060 [INFO] DbMcusAds:125 - Set database path to: C:\Users\Flori\.stmcufinder\plugins\mcufinder//mcu/
2025-05-18 10:29:17,062 [INFO] CrossReferenceDbSqlite:203 - Set database path to: C:\Users\Flori\.stmcufinder\plugins\mcufinder//mcu/cs/
2025-05-18 10:29:17,189 [INFO] RulesReader:64 - Compatibility file has been processed (297 Rules)
2025-05-18 10:29:17,286 [INFO] DbMcusXml:78 - Set database path to: C:\ST\STM32CubeIDE_1.17.0\STM32CubeIDE\plugins\com.st.stm32cube.common.mx_6.13.0.202411220809\\db\/mcu/
2025-05-18 10:29:17,287 [INFO] ApiDb:274 - Set plugin database path to: C:\ST\STM32CubeIDE_1.17.0\STM32CubeIDE\plugins\com.st.stm32cube.common.mx_6.13.0.202411220809\\db\/plugins/boardmanager/
2025-05-18 10:29:17,287 [INFO] ApiDb:261 - Set plugin images path to: C:\ST\STM32CubeIDE_1.17.0\STM32CubeIDE\plugins\com.st.stm32cube.common.mx_6.13.0.202411220809\\db\/plugins/mcufinder/images/
2025-05-18 10:29:17,287 [WARN] DbFile:41 - Overriding database path with different value: C:\Users\Flori\.stmcufinder\plugins\mcufinder/ => C:\Users\Flori\.stmcufinder\plugins\mcufinder
2025-05-18 10:29:17,287 [INFO] ApiDb:250 - Set database path to: C:\Users\Flori\.stmcufinder\plugins\mcufinder//mcu/
2025-05-18 10:29:17,287 [WARN] DbFile:41 - Overriding database path with different value: C:\Users\Flori\.stmcufinder\plugins\mcufinder/ => C:\Users\Flori\.stmcufinder\plugins\mcufinder
2025-05-18 10:29:17,287 [INFO] DbMcusAds:125 - Set database path to: C:\Users\Flori\.stmcufinder\plugins\mcufinder//mcu/
2025-05-18 10:29:17,287 [WARN] DbFile:41 - Overriding database path with different value: C:\Users\Flori\.stmcufinder\plugins\mcufinder/ => C:\Users\Flori\.stmcufinder\plugins\mcufinder
2025-05-18 10:29:17,288 [WARN] DbFile:41 - Overriding database path with different value: C:\Users\Flori\.stmcufinder\plugins\mcufinder/ => C:\Users\Flori\.stmcufinder\plugins\mcufinder
2025-05-18 10:29:17,288 [INFO] CrossReferenceDbSqlite:203 - Set database path to: C:\Users\Flori\.stmcufinder\plugins\mcufinder//mcu/cs/
2025-05-18 10:29:17,376 [INFO] MainPanel:272 - HeapMemory: 268435456
2025-05-18 10:29:17,525 [INFO] DbMcusXml:78 - Set database path to: C:\ST\STM32CubeIDE_1.17.0\STM32CubeIDE\plugins\com.st.stm32cube.common.mx_6.13.0.202411220809\\db\/mcu/
2025-05-18 10:29:17,526 [INFO] ApiDb:274 - Set plugin database path to: C:\ST\STM32CubeIDE_1.17.0\STM32CubeIDE\plugins\com.st.stm32cube.common.mx_6.13.0.202411220809\\db\/plugins/boardmanager/
2025-05-18 10:29:17,526 [INFO] ApiDb:261 - Set plugin images path to: C:\ST\STM32CubeIDE_1.17.0\STM32CubeIDE\plugins\com.st.stm32cube.common.mx_6.13.0.202411220809\\db\/plugins/mcufinder/images/
2025-05-18 10:29:17,526 [WARN] DbFile:41 - Overriding database path with different value: C:\Users\Flori\.stmcufinder\plugins\mcufinder/ => C:\Users\Flori\.stmcufinder\plugins\mcufinder
2025-05-18 10:29:17,526 [INFO] ApiDb:250 - Set database path to: C:\Users\Flori\.stmcufinder\plugins\mcufinder//mcu/
2025-05-18 10:29:17,526 [WARN] DbFile:41 - Overriding database path with different value: C:\Users\Flori\.stmcufinder\plugins\mcufinder/ => C:\Users\Flori\.stmcufinder\plugins\mcufinder
2025-05-18 10:29:17,526 [INFO] DbMcusAds:125 - Set database path to: C:\Users\Flori\.stmcufinder\plugins\mcufinder//mcu/
2025-05-18 10:29:17,526 [WARN] DbFile:41 - Overriding database path with different value: C:\Users\Flori\.stmcufinder\plugins\mcufinder/ => C:\Users\Flori\.stmcufinder\plugins\mcufinder
2025-05-18 10:29:17,527 [WARN] DbFile:41 - Overriding database path with different value: C:\Users\Flori\.stmcufinder\plugins\mcufinder/ => C:\Users\Flori\.stmcufinder\plugins\mcufinder
2025-05-18 10:29:17,527 [INFO] CrossReferenceDbSqlite:203 - Set database path to: C:\Users\Flori\.stmcufinder\plugins\mcufinder//mcu/cs/
2025-05-18 10:29:17,547 [INFO] ApplicationProperties:184 - Using Application install path: C:\ST\STM32CubeIDE_1.17.0\STM32CubeIDE\plugins\com.st.stm32cube.common.mx_6.13.0.202411220809
2025-05-18 10:29:17,552 [INFO] PluginManage:196 - Search for loadable plugins [exclusion list=, ]
2025-05-18 10:29:17,555 [INFO] PluginManage:310 - Check plugin analytics
2025-05-18 10:29:17,782 [INFO] AnalyticsPlugin:253 - Accepted Software Licenses: 
2025-05-18 10:29:17,782 [INFO] AnalyticsPlugin:255 - Accepted CMSIS Pack Licenses: 
2025-05-18 10:29:17,782 [INFO] AnalyticsPlugin:257 - Accepted Firmware Licenses: FW.F4.1.28.0
2025-05-18 10:29:17,785 [ERROR] ConfigurationRetriever:142 - IOException on connection: sw-center.st.com
2025-05-18 10:29:17,786 [INFO] PluginManage:359 - Loaded plugin analytics (category:tool,tabindex:-1)
2025-05-18 10:29:17,786 [ERROR] ConfigurationRetriever:142 - IOException on connection: sw-center.st.com
2025-05-18 10:29:17,786 [INFO] PluginManage:310 - Check plugin cadmodel
2025-05-18 10:29:17,786 [ERROR] ConfigurationRetriever:142 - IOException on connection: sw-center.st.com
2025-05-18 10:29:17,812 [INFO] CADModel:105 - Init CAD model plugin
2025-05-18 10:29:17,813 [INFO] PluginManage:359 - Loaded plugin cadmodel (category:power,tabindex:5)
2025-05-18 10:29:17,813 [INFO] PluginManage:310 - Check plugin clock
2025-05-18 10:29:17,835 [INFO] PluginManage:359 - Loaded plugin clock (category:base,tabindex:2)
2025-05-18 10:29:17,836 [INFO] PluginManage:310 - Check plugin ddr
2025-05-18 10:29:17,838 [INFO] PluginManage:359 - Loaded plugin ddr (category:tool,tabindex:6)
2025-05-18 10:29:17,838 [INFO] PluginManage:310 - Check plugin filemanager
2025-05-18 10:29:17,990 [INFO] PluginManage:359 - Loaded plugin filemanager (category:base,tabindex:10)
2025-05-18 10:29:17,991 [INFO] PluginManage:310 - Check plugin ipmanager
2025-05-18 10:29:17,999 [INFO] PluginManage:359 - Loaded plugin ipmanager (category:base,tabindex:5)
2025-05-18 10:29:17,999 [INFO] PluginManage:310 - Check plugin lpbam
2025-05-18 10:29:18,023 [INFO] PluginManage:359 - Loaded plugin lpbam (category:base,tabindex:0)
2025-05-18 10:29:18,023 [INFO] PluginManage:310 - Check plugin memorymap
2025-05-18 10:29:18,050 [INFO] PluginManage:359 - Loaded plugin memorymap (category:base,tabindex:4)
2025-05-18 10:29:18,050 [INFO] PluginManage:310 - Check plugin pinoutandconfiguration
2025-05-18 10:29:18,071 [INFO] PluginManage:359 - Loaded plugin pinoutandconfiguration (category:base,tabindex:1)
2025-05-18 10:29:18,071 [INFO] PluginManage:310 - Check plugin pinoutconfig
2025-05-18 10:29:18,200 [WARN] SupportedApi:132 - Cannot load RTOS API schema: s4s-elt-must-match.1: The content of 'definitions' must match (annotation?, (simpleType | complexType)?, (unique | key | keyref)*)). A problem was found starting at: attribute.
2025-05-18 10:29:18,371 [INFO] PluginManage:359 - Loaded plugin pinoutconfig (category:base,tabindex:0)
2025-05-18 10:29:18,372 [INFO] PluginManage:310 - Check plugin power
2025-05-18 10:29:18,401 [INFO] PluginManage:359 - Loaded plugin power (category:power,tabindex:4)
2025-05-18 10:29:18,401 [INFO] PluginManage:310 - Check plugin projectmanager
2025-05-18 10:29:18,417 [INFO] PluginManage:359 - Loaded plugin projectmanager (category:projectmanager,tabindex:4)
2025-05-18 10:29:18,417 [INFO] PluginManage:310 - Check plugin rif
2025-05-18 10:29:18,438 [INFO] PluginManage:359 - Loaded plugin rif (category:base,tabindex:3)
2025-05-18 10:29:18,438 [INFO] PluginManage:310 - Check plugin thirdparty
2025-05-18 10:29:18,815 [WARN] IntegrityCheckThread:84 - waiting for thirdparty lock release [integrity check]
2025-05-18 10:29:18,815 [INFO] IntegrityCheckThread:86 - entering critical section [integrity check]
2025-05-18 10:29:18,816 [INFO] ThirdPartyUpdaterWithRetryManager:70 - Updater plugin not ready yet. [1/15]
2025-05-18 10:29:18,816 [INFO] PluginManage:359 - Loaded plugin thirdparty (category:base,tabindex:-1)
2025-05-18 10:29:18,816 [INFO] PluginManage:310 - Check plugin tools
2025-05-18 10:29:18,892 [INFO] PluginManage:359 - Loaded plugin tools (category:base,tabindex:7)
2025-05-18 10:29:18,892 [INFO] PluginManage:310 - Check plugin tutovideos
2025-05-18 10:29:19,175 [INFO] PluginManage:359 - Loaded plugin tutovideos (category:base,tabindex:-1)
2025-05-18 10:29:19,175 [INFO] PluginManage:310 - Check plugin updater
2025-05-18 10:29:19,208 [INFO] PluginManage:359 - Loaded plugin updater (category:base,tabindex:12)
2025-05-18 10:29:19,208 [INFO] PluginManage:310 - Check plugin userauth
2025-05-18 10:29:19,215 [INFO] UserAuth:118 - Init User Auth plugin
2025-05-18 10:29:19,216 [INFO] PluginManage:359 - Loaded plugin userauth (category:base,tabindex:14)
2025-05-18 10:29:19,217 [INFO] PluginManage:283 - PluginManage : Loaded plugins [18]
2025-05-18 10:29:19,576 [INFO] PinOutPanel:1589 - setPackage(No Configuration,No Configuration)
2025-05-18 10:29:19,666 [INFO] CADModel:165 - CPN selected for project level
2025-05-18 10:29:19,666 [INFO] CADModel:114 - Register for checkConnection events
2025-05-18 10:29:19,703 [INFO] IPUIPlugin:80 - create IPUIPlugin
2025-05-18 10:29:19,703 [INFO] PluginManager:220 - loadIPPluginJar : add adc
2025-05-18 10:29:19,760 [INFO] IPUIPlugin:80 - create IPUIPlugin
2025-05-18 10:29:19,760 [INFO] PluginManager:220 - loadIPPluginJar : add aes
2025-05-18 10:29:19,817 [INFO] IPUIPlugin:80 - create IPUIPlugin
2025-05-18 10:29:19,817 [INFO] PluginManager:220 - loadIPPluginJar : add can
2025-05-18 10:29:19,860 [INFO] IPUIPlugin:80 - create IPUIPlugin
2025-05-18 10:29:19,861 [INFO] PluginManager:220 - loadIPPluginJar : add comp
2025-05-18 10:29:19,902 [INFO] IPUIPlugin:80 - create IPUIPlugin
2025-05-18 10:29:19,903 [INFO] PluginManager:220 - loadIPPluginJar : add cryp
2025-05-18 10:29:19,917 [INFO] IPUIPlugin:80 - create IPUIPlugin
2025-05-18 10:29:19,917 [INFO] PluginManager:220 - loadIPPluginJar : add ddr_ctrl_phy
2025-05-18 10:29:19,951 [INFO] IPUIPlugin:80 - create IPUIPlugin
2025-05-18 10:29:19,951 [INFO] PluginManager:220 - loadIPPluginJar : add dfsdm
2025-05-18 10:29:19,966 [INFO] IPUIPlugin:80 - create IPUIPlugin
2025-05-18 10:29:19,966 [INFO] PluginManager:220 - loadIPPluginJar : add dma
2025-05-18 10:29:20,036 [INFO] IPUIPlugin:80 - create IPUIPlugin
2025-05-18 10:29:20,037 [INFO] PluginManager:220 - loadIPPluginJar : add dma3
2025-05-18 10:29:20,126 [INFO] IPUIPlugin:80 - create IPUIPlugin
2025-05-18 10:29:20,126 [INFO] PluginManager:220 - loadIPPluginJar : add extmemmanager
2025-05-18 10:29:20,166 [INFO] IPUIPlugin:80 - create IPUIPlugin
2025-05-18 10:29:20,167 [INFO] PluginManager:220 - loadIPPluginJar : add fatfs
2025-05-18 10:29:20,267 [INFO] IPUIPlugin:80 - create IPUIPlugin
2025-05-18 10:29:20,267 [INFO] PluginManager:220 - loadIPPluginJar : add fmc
2025-05-18 10:29:20,298 [INFO] IPUIPlugin:80 - create IPUIPlugin
2025-05-18 10:29:20,298 [INFO] PluginManager:220 - loadIPPluginJar : add freertos
2025-05-18 10:29:20,330 [INFO] IPUIPlugin:80 - create IPUIPlugin
2025-05-18 10:29:20,330 [INFO] PluginManager:220 - loadIPPluginJar : add genericplugin
2025-05-18 10:29:20,458 [INFO] IPUIPlugin:80 - create IPUIPlugin
2025-05-18 10:29:20,458 [INFO] PluginManager:220 - loadIPPluginJar : add gfxmmu
2025-05-18 10:29:20,633 [INFO] IPUIPlugin:80 - create IPUIPlugin
2025-05-18 10:29:20,633 [INFO] PluginManager:220 - loadIPPluginJar : add gic
2025-05-18 10:29:20,663 [INFO] IPUIPlugin:80 - create IPUIPlugin
2025-05-18 10:29:20,664 [INFO] PluginManager:220 - loadIPPluginJar : add gpio
2025-05-18 10:29:20,831 [INFO] IPUIPlugin:80 - create IPUIPlugin
2025-05-18 10:29:20,831 [INFO] PluginManager:220 - loadIPPluginJar : add gtzc
2025-05-18 10:29:20,869 [INFO] IPUIPlugin:80 - create IPUIPlugin
2025-05-18 10:29:20,869 [INFO] PluginManager:220 - loadIPPluginJar : add hash
2025-05-18 10:29:20,926 [INFO] IPUIPlugin:80 - create IPUIPlugin
2025-05-18 10:29:20,926 [INFO] PluginManager:220 - loadIPPluginJar : add i2c
2025-05-18 10:29:20,969 [INFO] IPUIPlugin:80 - create IPUIPlugin
2025-05-18 10:29:20,969 [INFO] PluginManager:220 - loadIPPluginJar : add i2s
2025-05-18 10:29:21,016 [INFO] IPUIPlugin:80 - create IPUIPlugin
2025-05-18 10:29:21,016 [INFO] PluginManager:220 - loadIPPluginJar : add i3c
2025-05-18 10:29:21,129 [INFO] IPUIPlugin:80 - create IPUIPlugin
2025-05-18 10:29:21,129 [INFO] PluginManager:220 - loadIPPluginJar : add ipddr
2025-05-18 10:29:21,250 [INFO] IPUIPlugin:80 - create IPUIPlugin
2025-05-18 10:29:21,250 [INFO] PluginManager:220 - loadIPPluginJar : add linkedlist
2025-05-18 10:29:21,290 [INFO] IPUIPlugin:80 - create IPUIPlugin
2025-05-18 10:29:21,291 [INFO] PluginManager:220 - loadIPPluginJar : add lorawan
2025-05-18 10:29:21,332 [INFO] IPUIPlugin:80 - create IPUIPlugin
2025-05-18 10:29:21,332 [INFO] PluginManager:220 - loadIPPluginJar : add ltdc
2025-05-18 10:29:21,348 [INFO] IPUIPlugin:80 - create IPUIPlugin
2025-05-18 10:29:21,348 [INFO] PluginManager:220 - loadIPPluginJar : add mdma
2025-05-18 10:29:21,363 [INFO] IPUIPlugin:80 - create IPUIPlugin
2025-05-18 10:29:21,363 [INFO] PluginManager:220 - loadIPPluginJar : add nvic
2025-05-18 10:29:21,408 [INFO] IPUIPlugin:80 - create IPUIPlugin
2025-05-18 10:29:21,408 [INFO] PluginManager:220 - loadIPPluginJar : add opamp
2025-05-18 10:29:21,487 [INFO] IPUIPlugin:80 - create IPUIPlugin
2025-05-18 10:29:21,487 [INFO] PluginManager:220 - loadIPPluginJar : add openamp
2025-05-18 10:29:21,534 [INFO] IPUIPlugin:80 - create IPUIPlugin
2025-05-18 10:29:21,534 [INFO] PluginManager:220 - loadIPPluginJar : add pdm2pcm
2025-05-18 10:29:21,554 [INFO] IPUIPlugin:80 - create IPUIPlugin
2025-05-18 10:29:21,556 [INFO] PluginManager:220 - loadIPPluginJar : add plateformsettings
2025-05-18 10:29:21,590 [INFO] IPUIPlugin:80 - create IPUIPlugin
2025-05-18 10:29:21,590 [INFO] PluginManager:220 - loadIPPluginJar : add quadspi
2025-05-18 10:29:21,623 [INFO] IPUIPlugin:80 - create IPUIPlugin
2025-05-18 10:29:21,623 [INFO] PluginManager:220 - loadIPPluginJar : add radio
2025-05-18 10:29:21,639 [INFO] IPUIPlugin:80 - create IPUIPlugin
2025-05-18 10:29:21,639 [INFO] PluginManager:220 - loadIPPluginJar : add resmgrutility
2025-05-18 10:29:21,692 [INFO] IPUIPlugin:80 - create IPUIPlugin
2025-05-18 10:29:21,692 [INFO] PluginManager:220 - loadIPPluginJar : add sai
2025-05-18 10:29:21,732 [INFO] IPUIPlugin:80 - create IPUIPlugin
2025-05-18 10:29:21,733 [INFO] PluginManager:220 - loadIPPluginJar : add spi
2025-05-18 10:29:21,808 [INFO] IPUIPlugin:80 - create IPUIPlugin
2025-05-18 10:29:21,808 [INFO] PluginManager:220 - loadIPPluginJar : add stm32_wpan
2025-05-18 10:29:21,817 [INFO] ThirdPartyUpdaterWithRetryManager:70 - Updater plugin not ready yet. [2/15]
2025-05-18 10:29:21,834 [INFO] IPUIPlugin:80 - create IPUIPlugin
2025-05-18 10:29:21,834 [INFO] PluginManager:220 - loadIPPluginJar : add tim
2025-05-18 10:29:21,900 [INFO] IPUIPlugin:80 - create IPUIPlugin
2025-05-18 10:29:21,900 [INFO] PluginManager:220 - loadIPPluginJar : add touchsensing
2025-05-18 10:29:21,926 [INFO] IPUIPlugin:80 - create IPUIPlugin
2025-05-18 10:29:21,926 [INFO] PluginManager:220 - loadIPPluginJar : add tracer_emb
2025-05-18 10:29:21,952 [INFO] IPUIPlugin:80 - create IPUIPlugin
2025-05-18 10:29:21,952 [INFO] PluginManager:220 - loadIPPluginJar : add ts
2025-05-18 10:29:21,978 [INFO] IPUIPlugin:80 - create IPUIPlugin
2025-05-18 10:29:21,978 [INFO] PluginManager:220 - loadIPPluginJar : add tsc
2025-05-18 10:29:22,007 [INFO] IPUIPlugin:80 - create IPUIPlugin
2025-05-18 10:29:22,007 [INFO] PluginManager:220 - loadIPPluginJar : add ucpd
2025-05-18 10:29:22,057 [INFO] IPUIPlugin:80 - create IPUIPlugin
2025-05-18 10:29:22,057 [INFO] PluginManager:220 - loadIPPluginJar : add usart
2025-05-18 10:29:22,109 [INFO] IPUIPlugin:80 - create IPUIPlugin
2025-05-18 10:29:22,109 [INFO] PluginManager:220 - loadIPPluginJar : add usbx
2025-05-18 10:29:22,233 [FATAL] Updater:351 - Updater called before beeing initialized
2025-05-18 10:29:22,258 [INFO] RulesReader:64 - Compatibility file has been processed (297 Rules)
2025-05-18 10:29:22,271 [INFO] RulesReader:64 - Compatibility file has been processed (297 Rules)
2025-05-18 10:29:22,280 [INFO] CADModel:165 - CPN selected for project level
2025-05-18 10:29:22,280 [INFO] CADModel:114 - Register for checkConnection events
2025-05-18 10:29:22,280 [FATAL] Updater:351 - Updater called before beeing initialized
2025-05-18 10:29:22,280 [ERROR] CADModel:125 - Updater not yet initialized, retry later 
2025-05-18 10:29:22,463 [FATAL] Updater:351 - Updater called before beeing initialized
2025-05-18 10:29:22,467 [INFO] CADModel:165 - CPN selected for project level
2025-05-18 10:29:22,467 [INFO] CADModel:114 - Register for checkConnection events
2025-05-18 10:29:22,467 [FATAL] Updater:351 - Updater called before beeing initialized
2025-05-18 10:29:22,468 [ERROR] CADModel:125 - Updater not yet initialized, retry later 
2025-05-18 10:29:22,471 [FATAL] Updater:351 - Updater called before beeing initialized
2025-05-18 10:29:22,636 [FATAL] Updater:351 - Updater called before beeing initialized
2025-05-18 10:29:22,646 [INFO] DbMcusAds:53 - JSON generation date=Thu Mar 06 15:54:22 CET 2025 (1741272862204)
2025-05-18 10:29:22,647 [FATAL] Updater:351 - Updater called before beeing initialized
2025-05-18 10:29:22,682 [WARN] DetailPanel:346 - Failed to get advertising image, set to default
2025-05-18 10:29:22,908 [FATAL] Updater:351 - Updater called before beeing initialized
2025-05-18 10:29:22,910 [FATAL] Updater:351 - Updater called before beeing initialized
2025-05-18 10:29:22,910 [FATAL] Updater:351 - Updater called before beeing initialized
2025-05-18 10:29:22,911 [WARN] DetailPanel:346 - Failed to get advertising image, set to default
2025-05-18 10:29:22,911 [FATAL] Updater:351 - Updater called before beeing initialized
2025-05-18 10:29:22,979 [ERROR] Updater:1198 - MainUpdater not yet initialized. External WinMGr cannot be set.
2025-05-18 10:29:22,991 [INFO] Updater:1134 - Updater Version found : 6.13.0
2025-05-18 10:29:23,009 [INFO] ApplicationProperties:184 - Using Application install path: C:\ST\STM32CubeIDE_1.17.0\STM32CubeIDE\plugins\com.st.stm32cube.common.mx_6.13.0.202411220809
2025-05-18 10:29:24,602 [ERROR] LogOutputStream:75 - [STDERR_REDIRECT] May 18, 2025 10:29:24 AM java.util.prefs.WindowsPreferences <init>
2025-05-18 10:29:24,605 [ERROR] LogOutputStream:75 - [STDERR_REDIRECT] WARNING: Could not open/create prefs root node Software\JavaSoft\Prefs at root 0xffffffff80000002. Windows RegCreateKeyEx(...) returned error code 5.
2025-05-18 10:29:24,605 [ERROR] LogOutputStream:75 - [STDERR_REDIRECT] 
2025-05-18 10:29:24,818 [INFO] ThirdPartyUpdaterWithRetryManager:70 - Updater plugin not ready yet. [3/15]
2025-05-18 10:29:24,868 [INFO] MainUpdater:2872 - connection check result : 22
2025-05-18 10:29:24,869 [INFO] MainUpdater:289 - Updater Check For Update Now.
2025-05-18 10:29:24,869 [INFO] MicroXplorer:498 - Change Database Version : DB.6.0.130
2025-05-18 10:29:24,905 [INFO] McuFinderGlobals:63 - Set McuFinder mode to 2 (CubeIDE integrated)
2025-05-18 10:29:24,916 [INFO] UserAuth:486 - Internet connection configuration mode: 2
2025-05-18 10:29:24,926 [INFO] UserAuth:486 - Internet connection configuration mode: 2
2025-05-18 10:29:25,175 [INFO] CheckServerUpdateThread:120 - End of CheckServer Thread
2025-05-18 10:29:28,099 [WARN] PackLoader:240 - Cannot read IP mode file for STMicroelectronics.FP-SNS-MOTENVWB1.1.4.0
2025-05-18 10:29:28,131 [WARN] PackLoader:240 - Cannot read IP mode file for STMicroelectronics.FP-ATR-ASTRA1.2.0.2
2025-05-18 10:29:28,168 [WARN] PackLoader:240 - Cannot read IP mode file for STMicroelectronics.X-CUBE-SMBUS.2.1.0
2025-05-18 10:29:28,198 [WARN] PackLoader:240 - Cannot read IP mode file for STMicroelectronics.X-CUBE-WB05N.1.1.0
2025-05-18 10:29:28,259 [WARN] PackLoader:240 - Cannot read IP mode file for STMicroelectronics.X-CUBE-AZRTOS-F7.1.1.0
2025-05-18 10:29:28,287 [WARN] PackLoader:240 - Cannot read IP mode file for STMicroelectronics.FP-SNS-FLIGHT1.5.0.2
2025-05-18 10:29:28,375 [WARN] PackLoader:240 - Cannot read IP mode file for Infineon.AIROC-Wi-Fi-Bluetooth-STM32.1.7.0
2025-05-18 10:29:28,422 [WARN] PackLoader:240 - Cannot read IP mode file for STMicroelectronics.X-CUBE-DISPLAY.3.0.0
2025-05-18 10:29:28,462 [WARN] PackLoader:240 - Cannot read IP mode file for STMicroelectronics.X-CUBE-BLE1.7.0.0
2025-05-18 10:29:28,493 [WARN] PackLoader:240 - Cannot read IP mode file for STMicroelectronics.X-CUBE-NFC10.1.0.0
2025-05-18 10:29:28,529 [WARN] PackLoader:240 - Cannot read IP mode file for STMicroelectronics.X-CUBE-BLEMGR.4.0.0
2025-05-18 10:29:28,558 [WARN] PackLoader:240 - Cannot read IP mode file for emotas.I-CUBE-CANOPEN.1.3.0
2025-05-18 10:29:28,578 [WARN] PackLoader:240 - Cannot read IP mode file for STMicroelectronics.X-CUBE-AI.10.0.0
2025-05-18 10:29:28,600 [WARN] PackLoader:240 - Cannot read IP mode file for STMicroelectronics.FP-SNS-SMARTAG2.1.2.0
2025-05-18 10:29:28,620 [WARN] PackLoader:240 - Cannot read IP mode file for STMicroelectronics.FP-SNS-FLIGHT1.5.1.0
2025-05-18 10:29:28,708 [WARN] PackLoader:240 - Cannot read IP mode file for STMicroelectronics.X-CUBE-MEMS1.11.1.0
2025-05-18 10:29:28,982 [INFO] LogOutputStream:77 - [STDOUT_REDIRECT] 1 : Invalid condition id : UX_CORESTACK_Condition cause : null
2025-05-18 10:29:28,983 [INFO] LogOutputStream:77 - [STDOUT_REDIRECT] 1 : Invalid condition id : UX_CORESTACK_Condition cause : null
2025-05-18 10:29:28,985 [INFO] LogOutputStream:77 - [STDOUT_REDIRECT] 1 : Invalid condition id : UX_CORESTACK_Condition cause : null
2025-05-18 10:29:28,987 [INFO] LogOutputStream:77 - [STDOUT_REDIRECT] 1 : Invalid condition id : UX_CORESTACK_Condition cause : null
2025-05-18 10:29:28,989 [INFO] LogOutputStream:77 - [STDOUT_REDIRECT] 1 : Invalid condition id : UX_CORESTACK_Condition cause : null
2025-05-18 10:29:28,994 [WARN] PackLoader:240 - Cannot read IP mode file for STMicroelectronics.X-CUBE-AZRTOS-WL.2.0.0
2025-05-18 10:29:29,022 [WARN] PackLoader:240 - Cannot read IP mode file for STMicroelectronics.FP-SNS-MOTENV1.5.0.0
2025-05-18 10:29:29,073 [WARN] PackLoader:240 - Cannot read IP mode file for WES.I-CUBE-Cesium.1.3.0
2025-05-18 10:29:29,100 [WARN] PackLoader:240 - Cannot read IP mode file for STMicroelectronics.X-CUBE-BLE2.3.3.0
2025-05-18 10:29:29,126 [WARN] PackLoader:240 - Cannot read IP mode file for STMicroelectronics.X-CUBE-NFC9.1.0.0
2025-05-18 10:29:29,152 [WARN] PackLoader:240 - Cannot read IP mode file for STMicroelectronics.X-CUBE-BLE1.7.1.0
2025-05-18 10:29:29,174 [WARN] PackLoader:240 - Cannot read IP mode file for wolfSSL.I-CUBE-wolfMQTT.1.19.2
2025-05-18 10:29:29,272 [WARN] PackLoader:240 - Cannot read IP mode file for STMicroelectronics.X-CUBE-MEMS1.11.2.0
2025-05-18 10:29:29,459 [WARN] PackLoader:240 - Cannot read IP mode file for STMicroelectronics.X-CUBE-AZRTOS-G0.1.1.0
2025-05-18 10:29:29,484 [WARN] PackLoader:240 - Cannot read IP mode file for STMicroelectronics.X-CUBE-SAFEA1.1.2.2
2025-05-18 10:29:29,505 [WARN] PackLoader:240 - Cannot read IP mode file for STMicroelectronics.X-CUBE-NFC4.3.0.0
2025-05-18 10:29:29,534 [WARN] PackLoader:240 - Cannot read IP mode file for EmbeddedOffice.I-CUBE-FS-RTOS.1.0.1
2025-05-18 10:29:29,564 [WARN] PackLoader:240 - Cannot read IP mode file for STMicroelectronics.X-CUBE-WB05N.2.0.0
2025-05-18 10:29:29,589 [WARN] PackLoader:240 - Cannot read IP mode file for wolfSSL.I-CUBE-wolfTPM.3.8.0
2025-05-18 10:29:29,611 [WARN] PackLoader:240 - Cannot read IP mode file for STMicroelectronics.X-CUBE-TCPP.4.2.0
2025-05-18 10:29:29,632 [WARN] PackLoader:240 - Cannot read IP mode file for RealThread.X-CUBE-RT-Thread_Nano.4.1.1
2025-05-18 10:29:29,650 [WARN] PackLoader:240 - Cannot read IP mode file for STMicroelectronics.FP-ATR-SIGFOX1.3.2.0
2025-05-18 10:29:29,671 [WARN] ConditionMgr:438 - getConditionDescription Invalid condition id : Cortex-A Device cause : null
2025-05-18 10:29:29,701 [WARN] ConditionMgr:1044 - genDependencies : Invalid condition id : Cortex-A Device cause : null
2025-05-18 10:29:29,701 [WARN] ConditionMgr:1044 - genDependencies : Invalid condition id : Cortex-A Device cause : null
2025-05-18 10:29:29,701 [WARN] ConditionMgr:1044 - genDependencies : Invalid condition id : Cortex-A Device cause : null
2025-05-18 10:29:29,722 [WARN] PackLoader:240 - Cannot read IP mode file for STMicroelectronics.X-CUBE-EEPRMA1.5.1.0
2025-05-18 10:29:29,741 [WARN] PackLoader:240 - Cannot read IP mode file for wolfSSL.I-CUBE-wolfSSL.5.7.6
2025-05-18 10:29:29,760 [WARN] PackLoader:240 - Cannot read IP mode file for ITTIA_DB.I-CUBE-ITTIADB.8.9.0
2025-05-18 10:29:29,806 [WARN] PackLoader:240 - Cannot read IP mode file for SEGGER.I-CUBE-embOS.1.3.1
2025-05-18 10:29:29,876 [WARN] PackLoader:240 - Cannot read IP mode file for STMicroelectronics.X-CUBE-ALGOBUILD.1.4.0
2025-05-18 10:29:29,919 [WARN] PackLoader:240 - Cannot read IP mode file for STMicroelectronics.X-CUBE-AZRTOS-F4.1.1.0
2025-05-18 10:29:29,944 [WARN] PackLoader:240 - Cannot read IP mode file for Avnet-IotConnect.X-CUBE-IoTC-DA16k-PMOD.1.0.0
2025-05-18 10:29:29,968 [WARN] PackLoader:240 - Cannot read IP mode file for STMicroelectronics.X-CUBE-ISPU.2.1.0
2025-05-18 10:29:30,021 [WARN] PackLoader:240 - Cannot read IP mode file for STMicroelectronics.X-CUBE-AZRTOS-L5.2.0.0
2025-05-18 10:29:30,051 [WARN] PackLoader:240 - Cannot read IP mode file for STMicroelectronics.X-CUBE-NFC6.3.1.0
2025-05-18 10:29:30,077 [WARN] PackLoader:240 - Cannot read IP mode file for STMicroelectronics.X-CUBE-DPower.1.2.0
2025-05-18 10:29:30,101 [WARN] PackLoader:240 - Cannot read IP mode file for STMicroelectronics.X-CUBE-FREERTOS.1.3.1
2025-05-18 10:29:30,121 [WARN] PackLoader:240 - Cannot read IP mode file for STMicroelectronics.X-CUBE-FREERTOS.1.3.0
2025-05-18 10:29:30,146 [WARN] PackLoader:240 - Cannot read IP mode file for STMicroelectronics.X-CUBE-NFC7.1.0.1
2025-05-18 10:29:30,174 [WARN] PackLoader:240 - Cannot read IP mode file for STMicroelectronics.X-CUBE-DPower.1.3.0
2025-05-18 10:29:30,233 [WARN] ConditionMgr:438 - getConditionDescription Invalid condition id : LAN8742 Phy interface Condition cause : null
2025-05-18 10:29:30,234 [WARN] PackLoader:240 - Cannot read IP mode file for STMicroelectronics.X-CUBE-AZRTOS-L4.2.0.0
2025-05-18 10:29:30,236 [WARN] ConditionMgr:1044 - genDependencies : Invalid condition id : LAN8742 Phy interface Condition cause : null
2025-05-18 10:29:30,236 [WARN] ConditionMgr:1044 - genDependencies : Invalid condition id : LAN8742 Phy interface Condition cause : null
2025-05-18 10:29:30,237 [WARN] ConditionMgr:1044 - genDependencies : Invalid condition id : LAN8742 Phy interface Condition cause : null
2025-05-18 10:29:30,266 [WARN] PackLoader:240 - Cannot read IP mode file for STMicroelectronics.X-CUBE-SFXS2LP1.4.0.0
2025-05-18 10:29:30,315 [WARN] PackLoader:240 - Cannot read IP mode file for STMicroelectronics.X-CUBE-AZRTOS-H7.3.3.0
2025-05-18 10:29:30,352 [WARN] ConditionMgr:438 - getConditionDescription Invalid condition id : UX DEVICE CLASS RTOS Condition cause : null
2025-05-18 10:29:30,352 [WARN] ConditionMgr:438 - getConditionDescription Invalid condition id : UX DEVICE CLASS RTOS Condition cause : null
2025-05-18 10:29:30,354 [WARN] PackLoader:240 - Cannot read IP mode file for STMicroelectronics.X-CUBE-AZRTOS-WB.2.0.0
2025-05-18 10:29:30,355 [WARN] ConditionMgr:1044 - genDependencies : Invalid condition id : UX DEVICE CLASS RTOS Condition cause : null
2025-05-18 10:29:30,355 [WARN] ConditionMgr:1044 - genDependencies : Invalid condition id : UX DEVICE CLASS RTOS Condition cause : null
2025-05-18 10:29:30,356 [WARN] ConditionMgr:1044 - genDependencies : Invalid condition id : UX DEVICE CLASS RTOS Condition cause : null
2025-05-18 10:29:30,356 [WARN] ConditionMgr:1044 - genDependencies : Invalid condition id : UX DEVICE CLASS RTOS Condition cause : null
2025-05-18 10:29:30,356 [WARN] ConditionMgr:1044 - genDependencies : Invalid condition id : UX DEVICE CLASS RTOS Condition cause : null
2025-05-18 10:29:30,377 [WARN] PackLoader:240 - Cannot read IP mode file for STMicroelectronics.X-CUBE-GNSS1.7.0.1
2025-05-18 10:29:30,400 [WARN] PackLoader:240 - Cannot read IP mode file for STMicroelectronics.X-CUBE-TOUCHGFX.4.25.0
2025-05-18 10:29:30,422 [WARN] PackLoader:240 - Cannot read IP mode file for STMicroelectronics.FP-SNS-STBOX1.2.0.0
2025-05-18 10:29:30,451 [WARN] PackLoader:240 - Cannot read IP mode file for STMicroelectronics.X-CUBE-SUBG2.5.0.0
2025-05-18 10:29:30,497 [WARN] PackLoader:240 - Cannot read IP mode file for STMicroelectronics.X-CUBE-AZRTOS-H7RS.1.1.0
2025-05-18 10:29:30,524 [WARN] PackLoader:240 - Cannot read IP mode file for Cesanta.I-CUBE-Mongoose.7.13.0
2025-05-18 10:29:30,563 [WARN] PackLoader:240 - Cannot read IP mode file for STMicroelectronics.X-CUBE-AZRTOS-G4.2.0.0
2025-05-18 10:29:30,586 [WARN] PackLoader:240 - Cannot read IP mode file for wolfSSL.I-CUBE-wolfSSH.1.4.20
2025-05-18 10:29:30,608 [WARN] PackLoader:240 - Cannot read IP mode file for STMicroelectronics.X-CUBE-NFC7.2.0.0
2025-05-18 10:29:30,643 [WARN] PackLoader:240 - Cannot read IP mode file for STMicroelectronics.X-CUBE-IPS.3.1.0
2025-05-18 10:29:30,674 [WARN] PackLoader:240 - Cannot read IP mode file for STMicroelectronics.X-CUBE-ALS.1.0.2
2025-05-18 10:29:30,697 [WARN] PackLoader:240 - Cannot read IP mode file for STMicroelectronics.X-CUBE-TOUCHGFX.4.24.2
2025-05-18 10:29:30,721 [WARN] PackLoader:240 - Cannot read IP mode file for portGmbH.I-Cube-SoM-uGOAL.1.1.0
2025-05-18 10:29:30,758 [WARN] PackLoader:240 - Cannot read IP mode file for STMicroelectronics.X-CUBE-AZRTOS-H7RS.1.0.0
2025-05-18 10:29:30,788 [WARN] PackLoader:240 - Cannot read IP mode file for STMicroelectronics.X-CUBE-TOF1.3.4.2
2025-05-18 10:29:30,829 [WARN] PackLoader:240 - Cannot read IP mode file for STMicroelectronics.X-CUBE-TOF1.3.4.3
2025-05-18 10:29:30,842 [INFO] ThirdParty:978 - Integrity check success = true
2025-05-18 10:29:30,842 [INFO] IntegrityCheckThread:100 - exiting critical section [integrity check]
2025-05-18 10:29:30,842 [INFO] IntegrityCheckThread:103 - End integrity checks thread
2025-05-18 10:42:02,937 [INFO] McuFinderGlobals:63 - Set McuFinder mode to 2 (CubeIDE integrated)
2025-05-18 10:42:02,980 [INFO] MainUpdater:2872 - connection check result : 22
2025-05-18 10:42:02,997 [INFO] MainUpdater:2872 - connection check result : 22
2025-05-18 10:42:15,836 [INFO] MainUpdater:2872 - connection check result : 22
2025-05-18 10:42:17,917 [INFO] MicroXplorer:468 - Change Database Path : 
2025-05-18 10:42:17,917 [INFO] MicroXplorer:498 - Change Database Version : DB.6.0.130
2025-05-18 10:42:17,925 [WARN] ThirdParty:871 - waiting for thirdparty lock release [close project]
2025-05-18 10:42:17,925 [INFO] ThirdParty:873 - entering critical section [close project]
2025-05-18 10:42:17,928 [INFO] ThirdParty:883 - exiting critical section [close project]
2025-05-18 10:42:17,931 [INFO] PinOutPanel:1589 - setPackage(No Configuration,No Configuration)
2025-05-18 10:42:17,944 [INFO] UtilMem:75 - Begin LoadConfig() Used Memory: 249720128 Bytes (293601280)
2025-05-18 10:42:17,947 [INFO] MicroXplorer:468 - Change Database Path : 
2025-05-18 10:42:17,948 [INFO] MicroXplorer:498 - Change Database Version : DB.6.0.130
2025-05-18 10:42:17,948 [INFO] OpenFileManager:332 - Change cursor
2025-05-18 10:42:18,056 [INFO] Mcu:2035 - Initializing MCU STM32F411R(C-E)Tx STM32F411RETx STM32F411RET6
2025-05-18 10:42:19,779 [INFO] Context:748 - Trying to add GPIOservice into a context  which must be forbidden
2025-05-18 10:42:20,515 [INFO] RtosManager:555 - Registered RTOS mode: class=CMSIS, group=RTOS, mode=CMSIS_V1, owner=FREERTOS
2025-05-18 10:42:20,516 [INFO] RtosManager:555 - Registered RTOS mode: class=CMSIS, group=RTOS2, mode=CMSIS_V2, owner=FREERTOS
2025-05-18 10:42:20,516 [INFO] RtosManager:555 - Registered RTOS mode: class=RTOS, group=Core, mode=CMSIS_V1, owner=FREERTOS
2025-05-18 10:42:20,516 [INFO] RtosManager:555 - Registered RTOS mode: class=RTOS, group=Core, mode=CMSIS_V2, owner=FREERTOS
2025-05-18 10:42:20,516 [WARN] ModelIntegratedComponent:184 - Missing modes for component STMicroelectronics:FreeRTOS:0.0.1:STMicroelectronics:RTOS:FreeRTOS:Core:::10.2.0:
2025-05-18 10:42:20,530 [WARN] ModelIntegratedComponent:182 - Modes not found for component STMicroelectronics:USB_HOST:1.0.0:STMicroelectronics:USB::USB Host:Audio HS::1.0:USB_HOST_1_0_RESTRICTED_HS
2025-05-18 10:42:20,531 [WARN] ModelIntegratedComponent:188 - Modes not found for component STMicroelectronics:USB_HOST:1.0.0:STMicroelectronics:USB::USB Host:Audio HS::1.0:USB_HOST_1_0_RESTRICTED_HS
2025-05-18 10:42:20,531 [WARN] ModelIntegratedComponent:182 - Modes not found for component STMicroelectronics:USB_HOST:1.0.0:STMicroelectronics:USB::USB Host:CDC HS::1.0:USB_HOST_1_0_RESTRICTED_HS
2025-05-18 10:42:20,531 [WARN] ModelIntegratedComponent:188 - Modes not found for component STMicroelectronics:USB_HOST:1.0.0:STMicroelectronics:USB::USB Host:CDC HS::1.0:USB_HOST_1_0_RESTRICTED_HS
2025-05-18 10:42:20,531 [WARN] ModelIntegratedComponent:182 - Modes not found for component STMicroelectronics:USB_HOST:1.0.0:STMicroelectronics:USB::USB Host:MSC HS::1.0:USB_HOST_1_0_RESTRICTED_HS
2025-05-18 10:42:20,531 [WARN] ModelIntegratedComponent:188 - Modes not found for component STMicroelectronics:USB_HOST:1.0.0:STMicroelectronics:USB::USB Host:MSC HS::1.0:USB_HOST_1_0_RESTRICTED_HS
2025-05-18 10:42:20,531 [WARN] ModelIntegratedComponent:182 - Modes not found for component STMicroelectronics:USB_HOST:1.0.0:STMicroelectronics:USB::USB Host:HID HS::1.0:USB_HOST_1_0_RESTRICTED_HS
2025-05-18 10:42:20,531 [WARN] ModelIntegratedComponent:188 - Modes not found for component STMicroelectronics:USB_HOST:1.0.0:STMicroelectronics:USB::USB Host:HID HS::1.0:USB_HOST_1_0_RESTRICTED_HS
2025-05-18 10:42:20,531 [WARN] ModelIntegratedComponent:182 - Modes not found for component STMicroelectronics:USB_HOST:1.0.0:STMicroelectronics:USB::USB Host:MTP HS::1.0:USB_HOST_1_0_RESTRICTED_HS
2025-05-18 10:42:20,531 [WARN] ModelIntegratedComponent:188 - Modes not found for component STMicroelectronics:USB_HOST:1.0.0:STMicroelectronics:USB::USB Host:MTP HS::1.0:USB_HOST_1_0_RESTRICTED_HS
2025-05-18 10:42:20,541 [WARN] ModelIntegratedComponent:63 - No mode defined for component null
2025-05-18 10:42:20,542 [WARN] ModelIntegratedComponent:63 - No mode defined for component null
2025-05-18 10:42:20,542 [WARN] ModelIntegratedComponent:63 - No mode defined for component null
2025-05-18 10:42:20,542 [WARN] ModelIntegratedComponent:63 - No mode defined for component null
2025-05-18 10:42:20,542 [WARN] ModelIntegratedComponent:63 - No mode defined for component null
2025-05-18 10:42:20,542 [WARN] ModelIntegratedComponent:63 - No mode defined for component null
2025-05-18 10:42:20,542 [WARN] ModelIntegratedComponent:63 - No mode defined for component null
2025-05-18 10:42:20,542 [WARN] ModelIntegratedComponent:63 - No mode defined for component null
2025-05-18 10:42:20,542 [WARN] ModelIntegratedComponent:63 - No mode defined for component null
2025-05-18 10:42:20,542 [WARN] ModelIntegratedComponent:63 - No mode defined for component null
2025-05-18 10:42:20,542 [WARN] ModelIntegratedComponent:63 - No mode defined for component null
2025-05-18 10:42:20,542 [WARN] ModelIntegratedComponent:63 - No mode defined for component null
2025-05-18 10:42:20,542 [WARN] ModelIntegratedComponent:63 - No mode defined for component null
2025-05-18 10:42:20,543 [WARN] ModelIntegratedComponent:63 - No mode defined for component null
2025-05-18 10:42:20,543 [WARN] ModelIntegratedComponent:63 - No mode defined for component null
2025-05-18 10:42:20,543 [WARN] ModelIntegratedComponent:63 - No mode defined for component null
2025-05-18 10:42:20,543 [WARN] ModelIntegratedComponent:63 - No mode defined for component null
2025-05-18 10:42:20,543 [WARN] ModelIntegratedComponent:63 - No mode defined for component null
2025-05-18 10:42:20,543 [WARN] ModelIntegratedComponent:63 - No mode defined for component null
2025-05-18 10:42:20,543 [WARN] ModelIntegratedComponent:63 - No mode defined for component null
2025-05-18 10:42:20,543 [WARN] ModelIntegratedComponent:63 - No mode defined for component null
2025-05-18 10:42:20,543 [WARN] ModelIntegratedComponent:63 - No mode defined for component null
2025-05-18 10:42:20,543 [WARN] ModelIntegratedComponent:63 - No mode defined for component null
2025-05-18 10:42:20,543 [WARN] ModelIntegratedComponent:63 - No mode defined for component null
2025-05-18 10:42:20,543 [WARN] ModelIntegratedComponent:63 - No mode defined for component null
2025-05-18 10:42:20,543 [WARN] ModelIntegratedComponent:63 - No mode defined for component null
2025-05-18 10:42:20,543 [WARN] ModelIntegratedComponent:63 - No mode defined for component null
2025-05-18 10:42:20,543 [WARN] ModelIntegratedComponent:63 - No mode defined for component null
2025-05-18 10:42:20,545 [WARN] ModelIntegratedComponent:63 - No mode defined for component null
2025-05-18 10:42:20,545 [WARN] ModelIntegratedComponent:63 - No mode defined for component null
2025-05-18 10:42:20,545 [WARN] ModelIntegratedComponent:63 - No mode defined for component null
2025-05-18 10:42:20,545 [WARN] ModelIntegratedComponent:63 - No mode defined for component null
2025-05-18 10:42:20,545 [WARN] ModelIntegratedComponent:63 - No mode defined for component null
2025-05-18 10:42:20,545 [WARN] ModelIntegratedComponent:63 - No mode defined for component null
2025-05-18 10:42:20,545 [WARN] ModelIntegratedComponent:63 - No mode defined for component null
2025-05-18 10:42:20,545 [WARN] ModelPack:524 - Component already loaded: STMicroelectronics:HAL Drivers:0.0.0:STMicroelectronics:Device:STMicro_Driver:XSPI:HAL::0.0.1:HAL_XSPI
2025-05-18 10:42:20,615 [WARN] ModelIntegratedComponent:182 - Modes not found for component STMicroelectronics:USB_DEVICE:1.0.0:STMicroelectronics:USB::USB Device:Audio HS::1.0:USB_DEVICE_1_0_RESTRICTED_HS
2025-05-18 10:42:20,615 [WARN] ModelIntegratedComponent:188 - Modes not found for component STMicroelectronics:USB_DEVICE:1.0.0:STMicroelectronics:USB::USB Device:Audio HS::1.0:USB_DEVICE_1_0_RESTRICTED_HS
2025-05-18 10:42:20,615 [WARN] ModelIntegratedComponent:182 - Modes not found for component STMicroelectronics:USB_DEVICE:1.0.0:STMicroelectronics:USB::USB Device:CDC HS::1.0:USB_DEVICE_1_0_RESTRICTED_HS
2025-05-18 10:42:20,615 [WARN] ModelIntegratedComponent:188 - Modes not found for component STMicroelectronics:USB_DEVICE:1.0.0:STMicroelectronics:USB::USB Device:CDC HS::1.0:USB_DEVICE_1_0_RESTRICTED_HS
2025-05-18 10:42:20,615 [WARN] ModelIntegratedComponent:182 - Modes not found for component STMicroelectronics:USB_DEVICE:1.0.0:STMicroelectronics:USB::USB Device:DFU HS::1.0:USB_DEVICE_1_0_RESTRICTED_HS
2025-05-18 10:42:20,615 [WARN] ModelIntegratedComponent:188 - Modes not found for component STMicroelectronics:USB_DEVICE:1.0.0:STMicroelectronics:USB::USB Device:DFU HS::1.0:USB_DEVICE_1_0_RESTRICTED_HS
2025-05-18 10:42:20,615 [WARN] ModelIntegratedComponent:182 - Modes not found for component STMicroelectronics:USB_DEVICE:1.0.0:STMicroelectronics:USB::USB Device:HID HS::1.0:USB_DEVICE_1_0_RESTRICTED_HS
2025-05-18 10:42:20,615 [WARN] ModelIntegratedComponent:188 - Modes not found for component STMicroelectronics:USB_DEVICE:1.0.0:STMicroelectronics:USB::USB Device:HID HS::1.0:USB_DEVICE_1_0_RESTRICTED_HS
2025-05-18 10:42:20,615 [WARN] ModelIntegratedComponent:182 - Modes not found for component STMicroelectronics:USB_DEVICE:1.0.0:STMicroelectronics:USB::USB Device:Custom HID HS::1.0:USB_DEVICE_1_0_RESTRICTED_HS
2025-05-18 10:42:20,615 [WARN] ModelIntegratedComponent:188 - Modes not found for component STMicroelectronics:USB_DEVICE:1.0.0:STMicroelectronics:USB::USB Device:Custom HID HS::1.0:USB_DEVICE_1_0_RESTRICTED_HS
2025-05-18 10:42:20,616 [WARN] ModelIntegratedComponent:182 - Modes not found for component STMicroelectronics:USB_DEVICE:1.0.0:STMicroelectronics:USB::USB Device:MSC HS::1.0:USB_DEVICE_1_0_RESTRICTED_HS
2025-05-18 10:42:20,616 [WARN] ModelIntegratedComponent:188 - Modes not found for component STMicroelectronics:USB_DEVICE:1.0.0:STMicroelectronics:USB::USB Device:MSC HS::1.0:USB_DEVICE_1_0_RESTRICTED_HS
2025-05-18 10:42:20,639 [INFO] ThirdPartyModel:298 - Start build external matchings
2025-05-18 10:42:21,267 [INFO] ThirdPartyModel:316 - End build external matchings
2025-05-18 10:42:21,291 [INFO] ImportTextPane:218 - (OptionalMessage_ERROR) IP (RCC) : Parameter (48MHZClocksFreq_Value) has invalid value (84000000)
2025-05-18 10:42:21,293 [INFO] ImportTextPane:218 - (OptionalMessage_ERROR) IP (RCC) : Parameter (FLatency) has Id (AdvancedSettings) currently not set
2025-05-18 10:42:21,293 [INFO] ImportTextPane:218 - (OptionalMessage_ERROR) IP (RCC) : Parameter (RTCHSEDivFreq_Value) has invalid value (4000000)
2025-05-18 10:42:21,697 [INFO] ApiDb:581 - Connected to CubeFinder SQLite database (C:\Users\Flori\.stmcufinder\plugins\mcufinder\mcu\cube-finder-db.db)
2025-05-18 10:42:21,782 [INFO] ApiDb:668 - CubeFinder database Data Model version=2.1
2025-05-18 10:42:21,782 [INFO] ApiDb:669 - CubeFinder database Configuration version=3.0.39
2025-05-18 10:42:21,782 [INFO] ApiDb:670 - CubeFinder database generation date=2025-03-24 (1742811287)
2025-05-18 10:42:21,782 [INFO] ApiDb:671 - CubeFinder database FW Pack versions=[FP-ATR-ASTRA1_V2.0.0, FP-SNS-FLIGHT1_V5.0.2, FP-SNS-MOTENV1_V5.0.0, FP-SNS-MOTENVWB1_V1.4.0, FP-SNS-SMARTAG2_V1.2.0, FP-SNS-STBOX1_V2.0.0, STM32Cube_FW_C0_V1.4.0, STM32Cube_FW_F4_V1.28.1, STM32Cube_FW_F7_V1.17.2, STM32Cube_FW_G0_V1.6.2, STM32Cube_FW_G4_V1.6.1, STM32Cube_FW_H5_V1.5.0, STM32Cube_FW_H7RS_V1.2.0, STM32Cube_FW_H7_V1.12.1, STM32Cube_FW_L0_V1.12.2, STM32Cube_FW_L4_V1.18.1, STM32Cube_FW_L5_V1.5.1, STM32Cube_FW_N6_V1.1.0, STM32Cube_FW_U0_V1.2.0, STM32Cube_FW_U3_V1.1.0, STM32Cube_FW_U5_V1.7.0, STM32Cube_FW_WB0_V1.2.0, STM32Cube_FW_WBA_V1.6.0, STM32Cube_FW_WB_V1.22.0, STM32Cube_FW_WL3_V1.1.0, STM32Cube_FW_WL_V1.3.1, X-CUBE-ALGOBUILD_V1.4.0, X-CUBE-ALS_V1.0.2, X-CUBE-AZRTOS-F4_V1.1.0, X-CUBE-AZRTOS-F7_V1.1.0, X-CUBE-AZRTOS-G0_V1.1.0, X-CUBE-AZRTOS-G4_V2.0.0, X-CUBE-AZRTOS-H7RS_V1.0.0, X-CUBE-AZRTOS-H7_V3.3.0, X-CUBE-AZRTOS-L4_V2.0.0, X-CUBE-AZRTOS-L5_V2.0.0, X-CUBE-AZRTOS-WB_V2.0.0, X-CUBE-AZRTOS-WL_V2.0.0, X-CUBE-BLE1_V7.1.0, X-CUBE-BLE2_V3.3.0, X-CUBE-BLEMGR_V4.0.0, X-CUBE-EEPRMA1_V5.1.0, X-CUBE-FREERTOS_V1.3.0, X-CUBE-GNSS1_V6.0.0, X-CUBE-MEMS1_V11.1.0, X-CUBE-NFC4_V3.0.0, X-CUBE-NFC7_V1.0.1, X-CUBE-SFXS2LP1_V4.0.0, X-CUBE-SUBG2_V5.0.0, X-CUBE-TOF1_V3.4.2]
2025-05-18 10:42:21,961 [INFO] DbBoardsSqlite:226 - include board P-NUCLEO-WB55-NUCLEO as a kit item of type 'Nucleo-64'
2025-05-18 10:42:21,961 [INFO] DbBoardsSqlite:226 - include board P-NUCLEO-WB55-USBDONGLE as a kit item of type 'Nucleo USB Dongle'
2025-05-18 10:42:21,964 [INFO] DbBoardsSqlite:226 - include board STEVAL-IDP005V1 as a kit item of type 'Evaluation Board'
2025-05-18 10:42:21,964 [INFO] DbBoardsSqlite:226 - include board STEVAL-IDP005V2 as a kit item of type 'Evaluation Board'
2025-05-18 10:42:22,422 [INFO] ApiDb:240 - Found 858 in-development CPN: [B-G473E-ZEST1S, B-WB1M-WPAN1, B-WBA5M-WPAN, B-WL5M-SUBG1, NUCLEO-C031C6, NUCLEO-C051C8, NUCLEO-C071RB, NUCLEO-C092RC, NUCLEO-H503RB, NUCLEO-H533RE, NUCLEO-H563ZI, NUCLEO-H7S3L8, NUCLEO-N657X0-Q, NUCLEO-U031R8, NUCLEO-U083RC, NUCLEO-U385RG-Q, NUCLEO-U545RE-Q, NUCLEO-U5A5ZJ-Q, NUCLEO-WB05KZ, NUCLEO-WB07CC, NUCLEO-WB09KE, NUCLEO-WBA52CG, NUCLEO-WBA55CG, NUCLEO-WL33CC1, NUCLEO-WL33CC2, STEVAL-PROTEUS1, STEVAL-SMARTAG2, STEVAL-STWINBX1, STM320518-EVAL, STM32C0116-DK, STM32C011D6Y3TR, STM32C011D6Y6TR, STM32C011F4P3, STM32C011F4P6, STM32C011F4U3, STM32C011F4U6TR, STM32C011F6P3, STM32C011F6P6, STM32C011F6U3, STM32C011F6U6TR, STM32C011J4M3, STM32C011J4M6, STM32C011J6M3, STM32C011J6M6, STM32C0316-DK, STM32C031C4T3, STM32C031C4T6, STM32C031C4U3, STM32C031C4U6, STM32C031C6T3, STM32C031C6T6, STM32C031C6U3, STM32C031C6U6, STM32C031F4P3, STM32C031F4P6, STM32C031F6P3, STM32C031F6P6, STM32C031G4U3, STM32C031G4U6, STM32C031G6U3, STM32C031G6U6, STM32C031K4T3, STM32C031K4T6, STM32C031K4U3, STM32C031K4U6, STM32C031K6T3, STM32C031K6T6, STM32C031K6U3, STM32C031K6U6, STM32C051C6T6, STM32C051C6U6, STM32C051C8T6, STM32C051C8U6, STM32C051D8Y6TR, STM32C051F6P6, STM32C051F8P6, STM32C051G6U6, STM32C051G8U6, STM32C051K6T6, STM32C051K6U6, STM32C051K8T6, STM32C071C8T6, STM32C071C8T6N, STM32C071C8U6, STM32C071C8U6N, STM32C071CBT6, STM32C071CBT6N, STM32C071CBU6, STM32C071CBU6N, STM32C071F8P6, STM32C071F8P6N, STM32C071FBP6, STM32C071FBP6N, STM32C071FBY6TR, STM32C071G8U6, STM32C071G8U6N, STM32C071GBU6, STM32C071GBU6N, STM32C071K8T6, STM32C071K8T6N, STM32C071K8U6, STM32C071K8U6N, STM32C071KBT6, STM32C071KBT6N, STM32C071KBU6, STM32C071KBU6N, STM32C071R8T6, STM32C071R8T6N, STM32C071RBI6N, STM32C071RBT6, STM32C071RBT6N, STM32C091CBT6, STM32C091CBU6, STM32C091CCT6, STM32C091CCU6, STM32C091ECY6TR, STM32C091FBP6, STM32C091FCP6, STM32C091GBU6, STM32C091GCU6, STM32C091KBT6, STM32C091KBU6, STM32C091KCT6, STM32C091KCU6, STM32C091RBT6, STM32C091RCI6, STM32C091RCT6, STM32C092CBT6, STM32C092CBU6, STM32C092CCT6, STM32C092CCU6, STM32C092ECY6TR, STM32C092FBP6, STM32C092FCP6, STM32C092GBU6, STM32C092GCU6, STM32C092KBT6, STM32C092KBU6, STM32C092KCT6, STM32C092KCU6, STM32C092RBT6, STM32C092RCI6, STM32C092RCT6, STM32G071K8TXN, STM32G071K8UXN, STM32G081GBU6N, STM32G081KBT6N, STM32G081KBUXN, STM32G0B1CCT6N, STM32G0B1KCT6, STM32G0B1NEY6TR, STM32G0B1RCT6N, STM32G0C1CCT6, STM32G0C1CCT6N, STM32G0C1CCU6N, STM32G0C1CET6N, STM32G0C1CEU6N, STM32G0C1KCT6, STM32G0C1NEY6TR, STM32G0C1RCI6N, STM32G0C1RCT6N, STM32G0C1REI6N, STM32G0C1RET6N, STM32G0C1VCI6, STM32G0C1VEI6, STM32G411C6T3, STM32G411C6T6, STM32G411C6U3, STM32G411C6U6, STM32G411C8T3, STM32G411C8T6, STM32G411C8U3, STM32G411C8U6, STM32G411CBT3, STM32G411CBT6, STM32G411CBU3, STM32G411CBU6, STM32G411CCT3, STM32G411CCT6, STM32G411CCU3, STM32G411CCU6, STM32G411K6T3, STM32G411K6T6, STM32G411K6U3, STM32G411K6U6, STM32G411K8T3, STM32G411K8T6, STM32G411K8U3, STM32G411K8U6, STM32G411KBT3, STM32G411KBT6, STM32G411KBU3, STM32G411KBU6, STM32G411M6T3, STM32G411M6T6, STM32G411M8T3, STM32G411M8T6, STM32G411MBT3, STM32G411MBT6, STM32G411MCT3, STM32G411MCT6, STM32G411R6T3, STM32G411R6T6, STM32G411R8T3, STM32G411R8T6, STM32G411RBT3, STM32G411RBT6, STM32G411RCT3, STM32G411RCT6, STM32G414CBT3, STM32G414CBT6, STM32G414CBU3, STM32G414CBU6, STM32G414CCT3, STM32G414CCT6, STM32G414CCU3, STM32G414CCU6, STM32G414MBT3, STM32G414MBT6, STM32G414MCT3, STM32G414MCT6, STM32G414RBT3, STM32G414RBT6, STM32G414RCT3, STM32G414RCT6, STM32G414VBT3, STM32G414VBT6, STM32G414VCT3, STM32G414VCT6, STM32G431CBT3Z, STM32G431RBT3Z, STM32G471CCT6, STM32G471CCU6, STM32G471CET3, STM32G471CET6, STM32G471CEU3, STM32G471CEU6, STM32G471MCT6, STM32G471MET3, STM32G471MET6, STM32G471MEY6TR, STM32G471QCT6, STM32G471QET3, STM32G471RCT6, STM32G471RET3, STM32G471RET6, STM32G471VCH6, STM32G471VCI6, STM32G471VCT6, STM32G471VEH3, STM32G471VEH6, STM32G471VEI3, STM32G471VEI6, STM32G471VET3, STM32G471VET6, STM32G473QET3Z, STM32G473RET3Z, STM32G474CCT6, STM32G491RET3Z, STM32H503CBT6, STM32H503CBU6, STM32H503EBY6TR, STM32H503KBU6, STM32H503RBT6, STM32H523CCT6, STM32H523CCU6, STM32H523CET6, STM32H523CEU6, STM32H523HEY6TR, STM32H523RCT6, STM32H523RET6, STM32H523VCI6, STM32H523VCT6, STM32H523VEI6, STM32H523VET6, STM32H523ZCJ6, STM32H523ZCT6, STM32H523ZEJ6, STM32H523ZET6, STM32H533CET6, STM32H533CEU6, STM32H533HEY6TR, STM32H533RET6, STM32H533VEI6, STM32H533VET6, STM32H533ZEJ6, STM32H533ZET6, STM32H562AGI6, STM32H562AII6, STM32H562IGK6, STM32H562IGT6, STM32H562IIK6, STM32H562IIT6, STM32H562RGT6, STM32H562RGV6, STM32H562RIT6, STM32H562RIV6, STM32H562VGT6, STM32H562VIT6, STM32H562ZGT6, STM32H562ZIT6, STM32H563AGI6, STM32H563AII3Q, STM32H563AII6, STM32H563IGK6, STM32H563IGT6, STM32H563IIK3Q, STM32H563IIK6, STM32H563IIT3Q, STM32H563IIT6, STM32H563MIY3QTR, STM32H563RGT6, STM32H563RGV6, STM32H563RIT6, STM32H563RIV6, STM32H563VGT6, STM32H563VIT3Q, STM32H563VIT6, STM32H563ZGT6, STM32H563ZIT3Q, STM32H563ZIT6, STM32H573AII3Q, STM32H573AII6, STM32H573I-DK, STM32H573IIK3Q, STM32H573IIK6, STM32H573IIT3Q, STM32H573IIT6, STM32H573MIY3QTR, STM32H573RIT6, STM32H573RIV6, STM32H573VIT3Q, STM32H573VIT6, STM32H573ZIT3Q, STM32H573ZIT6, STM32H7R3A8I6, STM32H7R3I8K6, STM32H7R3I8T6, STM32H7R3L8H6, STM32H7R3L8H6H, STM32H7R3R8V6, STM32H7R3V8H6, STM32H7R3V8T6, STM32H7R3V8Y6TR, STM32H7R3Z8J6, STM32H7R3Z8T6, STM32H7R7A8I6, STM32H7R7I8K6, STM32H7R7I8T6, STM32H7R7L8H6, STM32H7R7L8H6H, STM32H7R7Z8J6, STM32H7S3A8I6, STM32H7S3I8K6, STM32H7S3I8T6, STM32H7S3L8H6, STM32H7S3L8H6H, STM32H7S3R8V6, STM32H7S3V8H6, STM32H7S3V8T6, STM32H7S3V8Y6TR, STM32H7S3Z8J6, STM32H7S3Z8T6, STM32H7S78-DK, STM32H7S7A8I6, STM32H7S7I8K6, STM32H7S7I8T6, STM32H7S7L8H6, STM32H7S7L8H6H, STM32H7S7Z8J6, STM32L4R5QGI6STR, STM32MP131AAE3, STM32MP131AAF3, STM32MP131AAG3, STM32MP131CAE3, STM32MP131CAF3, STM32MP131CAG3, STM32MP131DAE7, STM32MP131DAF7, STM32MP131DAG7, STM32MP131FAE7, STM32MP131FAF7, STM32MP131FAG7, STM32MP133AAE3, STM32MP133AAF3, STM32MP133AAG3, STM32MP133CAE3, STM32MP133CAF3, STM32MP133CAG3, STM32MP133DAE7, STM32MP133DAF7, STM32MP133DAG7, STM32MP133FAE7, STM32MP133FAF7, STM32MP133FAG7, STM32MP135AAE3, STM32MP135AAF3, STM32MP135AAG3, STM32MP135CAE3, STM32MP135CAF3, STM32MP135CAG3, STM32MP135DAE7, STM32MP135DAF7, STM32MP135DAG7, STM32MP135F-DK, STM32MP135FAE7, STM32MP135FAF7, STM32MP135FAF7T, STM32MP135FAF7U, STM32MP135FAG7, STM32MP231AAJ3, STM32MP231AAK3, STM32MP231AAL3, STM32MP231CAJ3, STM32MP231CAK3, STM32MP231CAL3, STM32MP231DAJ3, STM32MP231DAK3, STM32MP231DAL3, STM32MP231FAJ3, STM32MP231FAK3, STM32MP231FAL3, STM32MP233AAJ3, STM32MP233AAK3, STM32MP233AAL3, STM32MP233CAJ3, STM32MP233CAK3, STM32MP233CAL3, STM32MP233DAJ3, STM32MP233DAK3, STM32MP233DAL3, STM32MP233FAJ3, STM32MP233FAK3, STM32MP233FAL3, STM32MP235AAJ3, STM32MP235AAK3, STM32MP235AAL3, STM32MP235CAJ3, STM32MP235CAK3, STM32MP235CAL3, STM32MP235DAJ3, STM32MP235DAK3, STM32MP235DAL3, STM32MP235FAJ3, STM32MP235FAK3, STM32MP235FAL3, STM32MP251AAI3, STM32MP251AAJ3, STM32MP251AAK3, STM32MP251AAL3, STM32MP251CAI3, STM32MP251CAJ3, STM32MP251CAK3, STM32MP251CAL3, STM32MP251DAI3, STM32MP251DAJ3, STM32MP251DAK3, STM32MP251DAL3, STM32MP251FAI3, STM32MP251FAJ3, STM32MP251FAK3, STM32MP251FAL3, STM32MP253AAI3, STM32MP253AAJ3, STM32MP253AAK3, STM32MP253AAL3, STM32MP253CAI3, STM32MP253CAJ3, STM32MP253CAK3, STM32MP253CAL3, STM32MP253DAI3, STM32MP253DAJ3, STM32MP253DAK3, STM32MP253DAL3, STM32MP253FAI3, STM32MP253FAJ3, STM32MP253FAK3, STM32MP253FAL3, STM32MP255AAI3, STM32MP255AAJ3, STM32MP255AAK3, STM32MP255AAL3, STM32MP255CAI3, STM32MP255CAJ3, STM32MP255CAK3, STM32MP255CAL3, STM32MP255DAI3, STM32MP255DAJ3, STM32MP255DAK3, STM32MP255DAL3, STM32MP255FAI3, STM32MP255FAJ3, STM32MP255FAK3, STM32MP255FAL3, STM32MP257AAI3, STM32MP257AAJ3, STM32MP257AAK3, STM32MP257AAL3, STM32MP257CAI3, STM32MP257CAJ3, STM32MP257CAK3, STM32MP257CAL3, STM32MP257DAI3, STM32MP257DAJ3, STM32MP257DAK3, STM32MP257DAL3, STM32MP257F-DK, STM32MP257F-EV1, STM32MP257FAI3, STM32MP257FAJ3, STM32MP257FAK3, STM32MP257FAL3, STM32N645A0H3Q, STM32N645B0H3Q, STM32N645I0H3Q, STM32N645L0H3Q, STM32N645X0H3Q, STM32N645Z0H3Q, STM32N647A0H3Q, STM32N647B0H3Q, STM32N647I0H3Q, STM32N647L0H3Q, STM32N647X0H3Q, STM32N647Z0H3Q, STM32N655A0H3Q, STM32N655B0H3Q, STM32N655I0H3Q, STM32N655L0H3Q, STM32N655X0H3Q, STM32N655Z0H3Q, STM32N6570-DK, STM32N657A0H3Q, STM32N657B0H3Q, STM32N657I0H3Q, STM32N657L0H3Q, STM32N657X0H3Q, STM32N657Z0H3Q, STM32U031C6T6, STM32U031C6U6, STM32U031C8T6, STM32U031C8U6, STM32U031F4P6, STM32U031F6P6, STM32U031F8P6, STM32U031G6Y6TR, STM32U031G8Y6TR, STM32U031K4U6, STM32U031K6U6, STM32U031K8U6, STM32U031R6I6, STM32U031R6T6, STM32U031R8I6, STM32U031R8T6, STM32U073C8T6, STM32U073C8U6, STM32U073CBT6, STM32U073CBU6, STM32U073CCT6, STM32U073CCU6, STM32U073H8Y6TR, STM32U073HBY6TR, STM32U073HCY6TR, STM32U073K8U6, STM32U073KBU6, STM32U073KCU6, STM32U073M8I6, STM32U073M8T6, STM32U073MBI6, STM32U073MBT6, STM32U073MCI6, STM32U073MCT6, STM32U073R8I6, STM32U073R8T6, STM32U073RBI6, STM32U073RBT6, STM32U073RCI6, STM32U073RCT6, STM32U083C-DK, STM32U083CCT6, STM32U083CCU6, STM32U083HCY6TR, STM32U083KCU6, STM32U083MCI6, STM32U083MCT6, STM32U083RCI6, STM32U083RCT6, STM32U375CET6, STM32U375CET6Q, STM32U375CEU6, STM32U375CEU6Q, STM32U375CEY6QTR, STM32U375CGT6, STM32U375CGT6Q, STM32U375CGU6, STM32U375CGU6Q, STM32U375CGY6QTR, STM32U375KEU6, STM32U375KGU6, STM32U375REI6, STM32U375REI6Q, STM32U375RET6, STM32U375RET6Q, STM32U375REY6GTR, STM32U375REY6QTR, STM32U375RGI6, STM32U375RGI6Q, STM32U375RGT6, STM32U375RGT6Q, STM32U375RGY6GTR, STM32U375RGY6QTR, STM32U375VEI6, STM32U375VEI6Q, STM32U375VET6, STM32U375VET6Q, STM32U375VGI6, STM32U375VGI6Q, STM32U375VGT6, STM32U375VGT6Q, STM32U385CGT6, STM32U385CGT6Q, STM32U385CGU6, STM32U385CGU6Q, STM32U385CGY6QTR, STM32U385KGU6, STM32U385RGI6, STM32U385RGI6Q, STM32U385RGT6, STM32U385RGT6Q, STM32U385RGY6GTR, STM32U385RGY6QTR, STM32U385VGI6, STM32U385VGI6Q, STM32U385VGT6, STM32U385VGT6Q, STM32U535CBT6, STM32U535CBT6Q, STM32U535CBU6, STM32U535CBU6Q, STM32U535CCT6, STM32U535CCT6Q, STM32U535CCU6, STM32U535CCU6Q, STM32U535CET6, STM32U535CET6Q, STM32U535CEU6, STM32U535CEU6Q, STM32U535JEY6QTR, STM32U535NCY6QTR, STM32U535NEY6QTR, STM32U535RBI6, STM32U535RBI6Q, STM32U535RBT6, STM32U535RBT6Q, STM32U535RCI6, STM32U535RCI6Q, STM32U535RCT6, STM32U535RCT6Q, STM32U535REI6, STM32U535REI6Q, STM32U535RET6, STM32U535RET6Q, STM32U535VCI6, STM32U535VCI6Q, STM32U535VCT6, STM32U535VCT6Q, STM32U535VEI6, STM32U535VEI6Q, STM32U535VET6, STM32U535VET6Q, STM32U545CET6, STM32U545CET6Q, STM32U545CEU6, STM32U545CEU6Q, STM32U545JEY6QTR, STM32U545NEY6QTR, STM32U545REI6, STM32U545REI6Q, STM32U545RET6, STM32U545RET6Q, STM32U545VEI6, STM32U545VEI6Q, STM32U545VET6, STM32U545VET6Q, STM32U595AIH6, STM32U595AIH6Q, STM32U595AJH6, STM32U595AJH6Q, STM32U595QII6, STM32U595QII6Q, STM32U595QJI6, STM32U595QJI6Q, STM32U595RIT6, STM32U595RIT6Q, STM32U595RJT6, STM32U595RJT6Q, STM32U595VIT6, STM32U595VIT6Q, STM32U595VJT6, STM32U595VJT6Q, STM32U595ZIT6, STM32U595ZIT6Q, STM32U595ZIY6QTR, STM32U595ZJT6, STM32U595ZJT6Q, STM32U595ZJY6QTR, STM32U599BJY6QTR, STM32U599NIH6Q, STM32U599NJH6Q, STM32U599VIT6Q, STM32U599VJT6, STM32U599VJT6Q, STM32U599ZIT6Q, STM32U599ZIY6QTR, STM32U599ZJT6Q, STM32U599ZJY6QTR, STM32U5A5AJH6, STM32U5A5AJH6Q, STM32U5A5QII3Q , STM32U5A5QJI6, STM32U5A5QJI6Q, STM32U5A5RJT6, STM32U5A5RJT6Q, STM32U5A5VJT6, STM32U5A5VJT6Q, STM32U5A5ZJT6, STM32U5A5ZJT6Q, STM32U5A5ZJY6QTR, STM32U5A9BJY6QTR, STM32U5A9J-DK, STM32U5A9NJH6Q, STM32U5A9VJT6Q, STM32U5A9ZJT6Q, STM32U5A9ZJY6QTR, STM32U5F7VIT6, STM32U5F7VIT6Q, STM32U5F7VJT6, STM32U5F7VJT6Q, STM32U5F9BJY6QTR, STM32U5F9NJH6Q, STM32U5F9VIT6Q, STM32U5F9VJT6Q, STM32U5F9ZIJ6QTR, STM32U5F9ZIT6Q, STM32U5F9ZJJ6QTR, STM32U5F9ZJT6Q, STM32U5G7VJT6, STM32U5G7VJT6Q, STM32U5G9BJY6QTR, STM32U5G9J-DK1, STM32U5G9J-DK2, STM32U5G9NJH6Q, STM32U5G9VJT6Q, STM32U5G9ZJJ6QTR, STM32U5G9ZJT6Q, STM32WB05KZV6TR, STM32WB05KZV7TR, STM32WB05TZF6TR, STM32WB05TZF7TR, STM32WB06CCF6TR, STM32WB06CCF7TR, STM32WB06CCV6TR, STM32WB06CCV7TR, STM32WB06KCV6TR, STM32WB06KCV7TR, STM32WB07CCF6TR, STM32WB07CCF7TR, STM32WB07CCV6TR, STM32WB07CCV7TR, STM32WB07KCV6TR, STM32WB07KCV7TR, STM32WB09KEV6TR, STM32WB09KEV7TR, STM32WB09TEF6TR, STM32WB09TEF7TR, STM32WB1MMCH6, STM32WBA50KGU6, STM32WBA50KGU6TR, STM32WBA52CEU6, STM32WBA52CEU6TR, STM32WBA52CEU7, STM32WBA52CEU7TR, STM32WBA52CGU6, STM32WBA52CGU6TR, STM32WBA52CGU6U, STM32WBA52CGU7, STM32WBA52CGU7TR, STM32WBA52KEU6, STM32WBA52KEU6TR, STM32WBA52KGU6, STM32WBA52KGU6TR, STM32WBA54CEU6, STM32WBA54CEU6TR, STM32WBA54CEU7, STM32WBA54CEU7TR, STM32WBA54CGU6, STM32WBA54CGU6TR, STM32WBA54CGU7, STM32WBA54CGU7TR, STM32WBA54KEU6, STM32WBA54KEU6TR, STM32WBA54KEU7, STM32WBA54KEU7TR, STM32WBA54KGU6, STM32WBA54KGU6TR, STM32WBA54KGU7, STM32WBA54KGU7TR, STM32WBA55CEU6, STM32WBA55CEU6TR, STM32WBA55CEU7, STM32WBA55CEU7TR, STM32WBA55CGU6, STM32WBA55CGU6TR, STM32WBA55CGU6U, STM32WBA55CGU7, STM32WBA55CGU7TR, STM32WBA55G-DK1, STM32WBA55HEF6, STM32WBA55HEF7, STM32WBA55HGF6, STM32WBA55HGF7, STM32WBA55UEI6, STM32WBA55UEI6TR, STM32WBA55UEI7, STM32WBA55UEI7TR, STM32WBA55UGI6, STM32WBA55UGI6TR, STM32WBA55UGI7, STM32WBA55UGI7TR, STM32WBA5MJGH6TR, STM32WBA5MJGH6U, STM32WL33C8V6, STM32WL33C8V6TR, STM32WL33C8V7, STM32WL33C8V7TR, STM32WL33CBV6, STM32WL33CBV6TR, STM32WL33CBV7, STM32WL33CBV7TR, STM32WL33CCV6, STM32WL33CCV6TR, STM32WL33CCV7, STM32WL33CCV7A, STM32WL33CCV7ATR, STM32WL33CCV7TR, STM32WL33K8V6, STM32WL33K8V6TR, STM32WL33K8V7, STM32WL33K8V7TR, STM32WL33KBV6, STM32WL33KBV6TR, STM32WL33KBV7, STM32WL33KBV7TR, STM32WL33KCV6, STM32WL33KCV6TR, STM32WL33KCV7, STM32WL33KCV7TR, STM32WL5MOCH6, STM32WL5MOCH6TR]
2025-05-18 10:42:22,662 [INFO] BoardInfo:889 - No configuration file found for board NUCLEO-WBA65RI
2025-05-18 10:42:22,664 [INFO] DbBoards:161 - Board is not supported: NUCLEO-WBA65RI
2025-05-18 10:42:22,677 [INFO] BoardInfo:889 - No configuration file found for board P-NUCLEO-WB55
2025-05-18 10:42:22,679 [INFO] DbBoards:161 - Kit is not supported: P-NUCLEO-WB55
2025-05-18 10:42:22,686 [INFO] BoardInfo:889 - No configuration file found for board STEVAL-BFA001V1B
2025-05-18 10:42:22,687 [INFO] DbBoards:161 - Kit is not supported: STEVAL-BFA001V1B
2025-05-18 10:42:22,688 [INFO] BoardInfo:889 - No configuration file found for board STEVAL-BFA001V2B
2025-05-18 10:42:22,690 [INFO] DbBoards:161 - Kit is not supported: STEVAL-BFA001V2B
2025-05-18 10:42:22,950 [INFO] BoardInfo:889 - No configuration file found for board STM32WBA65I-DK1
2025-05-18 10:42:22,952 [INFO] DbBoards:161 - Board is not supported: STM32WBA65I-DK1
2025-05-18 10:42:22,952 [INFO] DbBoards:168 - Found 211 boards, 206 are supported
2025-05-18 10:42:22,952 [INFO] DbBoards:169 - Found 211 boards, 42 of them is supported for  Bsp
2025-05-18 10:42:22,956 [INFO] ApiDb:668 - CubeFinder database Data Model version=2.1
2025-05-18 10:42:22,956 [INFO] ApiDb:669 - CubeFinder database Configuration version=3.0.39
2025-05-18 10:42:22,956 [INFO] ApiDb:670 - CubeFinder database generation date=2025-03-24 (1742811287)
2025-05-18 10:42:22,957 [INFO] ApiDb:671 - CubeFinder database FW Pack versions=[FP-ATR-ASTRA1_V2.0.0, FP-SNS-FLIGHT1_V5.0.2, FP-SNS-MOTENV1_V5.0.0, FP-SNS-MOTENVWB1_V1.4.0, FP-SNS-SMARTAG2_V1.2.0, FP-SNS-STBOX1_V2.0.0, STM32Cube_FW_C0_V1.4.0, STM32Cube_FW_F4_V1.28.1, STM32Cube_FW_F7_V1.17.2, STM32Cube_FW_G0_V1.6.2, STM32Cube_FW_G4_V1.6.1, STM32Cube_FW_H5_V1.5.0, STM32Cube_FW_H7RS_V1.2.0, STM32Cube_FW_H7_V1.12.1, STM32Cube_FW_L0_V1.12.2, STM32Cube_FW_L4_V1.18.1, STM32Cube_FW_L5_V1.5.1, STM32Cube_FW_N6_V1.1.0, STM32Cube_FW_U0_V1.2.0, STM32Cube_FW_U3_V1.1.0, STM32Cube_FW_U5_V1.7.0, STM32Cube_FW_WB0_V1.2.0, STM32Cube_FW_WBA_V1.6.0, STM32Cube_FW_WB_V1.22.0, STM32Cube_FW_WL3_V1.1.0, STM32Cube_FW_WL_V1.3.1, X-CUBE-ALGOBUILD_V1.4.0, X-CUBE-ALS_V1.0.2, X-CUBE-AZRTOS-F4_V1.1.0, X-CUBE-AZRTOS-F7_V1.1.0, X-CUBE-AZRTOS-G0_V1.1.0, X-CUBE-AZRTOS-G4_V2.0.0, X-CUBE-AZRTOS-H7RS_V1.0.0, X-CUBE-AZRTOS-H7_V3.3.0, X-CUBE-AZRTOS-L4_V2.0.0, X-CUBE-AZRTOS-L5_V2.0.0, X-CUBE-AZRTOS-WB_V2.0.0, X-CUBE-AZRTOS-WL_V2.0.0, X-CUBE-BLE1_V7.1.0, X-CUBE-BLE2_V3.3.0, X-CUBE-BLEMGR_V4.0.0, X-CUBE-EEPRMA1_V5.1.0, X-CUBE-FREERTOS_V1.3.0, X-CUBE-GNSS1_V6.0.0, X-CUBE-MEMS1_V11.1.0, X-CUBE-NFC4_V3.0.0, X-CUBE-NFC7_V1.0.1, X-CUBE-SFXS2LP1_V4.0.0, X-CUBE-SUBG2_V5.0.0, X-CUBE-TOF1_V3.4.2]
2025-05-18 10:42:24,776 [INFO] ApiDb:240 - Found 858 in-development CPN: [B-G473E-ZEST1S, B-WB1M-WPAN1, B-WBA5M-WPAN, B-WL5M-SUBG1, NUCLEO-C031C6, NUCLEO-C051C8, NUCLEO-C071RB, NUCLEO-C092RC, NUCLEO-H503RB, NUCLEO-H533RE, NUCLEO-H563ZI, NUCLEO-H7S3L8, NUCLEO-N657X0-Q, NUCLEO-U031R8, NUCLEO-U083RC, NUCLEO-U385RG-Q, NUCLEO-U545RE-Q, NUCLEO-U5A5ZJ-Q, NUCLEO-WB05KZ, NUCLEO-WB07CC, NUCLEO-WB09KE, NUCLEO-WBA52CG, NUCLEO-WBA55CG, NUCLEO-WL33CC1, NUCLEO-WL33CC2, STEVAL-PROTEUS1, STEVAL-SMARTAG2, STEVAL-STWINBX1, STM320518-EVAL, STM32C0116-DK, STM32C011D6Y3TR, STM32C011D6Y6TR, STM32C011F4P3, STM32C011F4P6, STM32C011F4U3, STM32C011F4U6TR, STM32C011F6P3, STM32C011F6P6, STM32C011F6U3, STM32C011F6U6TR, STM32C011J4M3, STM32C011J4M6, STM32C011J6M3, STM32C011J6M6, STM32C0316-DK, STM32C031C4T3, STM32C031C4T6, STM32C031C4U3, STM32C031C4U6, STM32C031C6T3, STM32C031C6T6, STM32C031C6U3, STM32C031C6U6, STM32C031F4P3, STM32C031F4P6, STM32C031F6P3, STM32C031F6P6, STM32C031G4U3, STM32C031G4U6, STM32C031G6U3, STM32C031G6U6, STM32C031K4T3, STM32C031K4T6, STM32C031K4U3, STM32C031K4U6, STM32C031K6T3, STM32C031K6T6, STM32C031K6U3, STM32C031K6U6, STM32C051C6T6, STM32C051C6U6, STM32C051C8T6, STM32C051C8U6, STM32C051D8Y6TR, STM32C051F6P6, STM32C051F8P6, STM32C051G6U6, STM32C051G8U6, STM32C051K6T6, STM32C051K6U6, STM32C051K8T6, STM32C071C8T6, STM32C071C8T6N, STM32C071C8U6, STM32C071C8U6N, STM32C071CBT6, STM32C071CBT6N, STM32C071CBU6, STM32C071CBU6N, STM32C071F8P6, STM32C071F8P6N, STM32C071FBP6, STM32C071FBP6N, STM32C071FBY6TR, STM32C071G8U6, STM32C071G8U6N, STM32C071GBU6, STM32C071GBU6N, STM32C071K8T6, STM32C071K8T6N, STM32C071K8U6, STM32C071K8U6N, STM32C071KBT6, STM32C071KBT6N, STM32C071KBU6, STM32C071KBU6N, STM32C071R8T6, STM32C071R8T6N, STM32C071RBI6N, STM32C071RBT6, STM32C071RBT6N, STM32C091CBT6, STM32C091CBU6, STM32C091CCT6, STM32C091CCU6, STM32C091ECY6TR, STM32C091FBP6, STM32C091FCP6, STM32C091GBU6, STM32C091GCU6, STM32C091KBT6, STM32C091KBU6, STM32C091KCT6, STM32C091KCU6, STM32C091RBT6, STM32C091RCI6, STM32C091RCT6, STM32C092CBT6, STM32C092CBU6, STM32C092CCT6, STM32C092CCU6, STM32C092ECY6TR, STM32C092FBP6, STM32C092FCP6, STM32C092GBU6, STM32C092GCU6, STM32C092KBT6, STM32C092KBU6, STM32C092KCT6, STM32C092KCU6, STM32C092RBT6, STM32C092RCI6, STM32C092RCT6, STM32G071K8TXN, STM32G071K8UXN, STM32G081GBU6N, STM32G081KBT6N, STM32G081KBUXN, STM32G0B1CCT6N, STM32G0B1KCT6, STM32G0B1NEY6TR, STM32G0B1RCT6N, STM32G0C1CCT6, STM32G0C1CCT6N, STM32G0C1CCU6N, STM32G0C1CET6N, STM32G0C1CEU6N, STM32G0C1KCT6, STM32G0C1NEY6TR, STM32G0C1RCI6N, STM32G0C1RCT6N, STM32G0C1REI6N, STM32G0C1RET6N, STM32G0C1VCI6, STM32G0C1VEI6, STM32G411C6T3, STM32G411C6T6, STM32G411C6U3, STM32G411C6U6, STM32G411C8T3, STM32G411C8T6, STM32G411C8U3, STM32G411C8U6, STM32G411CBT3, STM32G411CBT6, STM32G411CBU3, STM32G411CBU6, STM32G411CCT3, STM32G411CCT6, STM32G411CCU3, STM32G411CCU6, STM32G411K6T3, STM32G411K6T6, STM32G411K6U3, STM32G411K6U6, STM32G411K8T3, STM32G411K8T6, STM32G411K8U3, STM32G411K8U6, STM32G411KBT3, STM32G411KBT6, STM32G411KBU3, STM32G411KBU6, STM32G411M6T3, STM32G411M6T6, STM32G411M8T3, STM32G411M8T6, STM32G411MBT3, STM32G411MBT6, STM32G411MCT3, STM32G411MCT6, STM32G411R6T3, STM32G411R6T6, STM32G411R8T3, STM32G411R8T6, STM32G411RBT3, STM32G411RBT6, STM32G411RCT3, STM32G411RCT6, STM32G414CBT3, STM32G414CBT6, STM32G414CBU3, STM32G414CBU6, STM32G414CCT3, STM32G414CCT6, STM32G414CCU3, STM32G414CCU6, STM32G414MBT3, STM32G414MBT6, STM32G414MCT3, STM32G414MCT6, STM32G414RBT3, STM32G414RBT6, STM32G414RCT3, STM32G414RCT6, STM32G414VBT3, STM32G414VBT6, STM32G414VCT3, STM32G414VCT6, STM32G431CBT3Z, STM32G431RBT3Z, STM32G471CCT6, STM32G471CCU6, STM32G471CET3, STM32G471CET6, STM32G471CEU3, STM32G471CEU6, STM32G471MCT6, STM32G471MET3, STM32G471MET6, STM32G471MEY6TR, STM32G471QCT6, STM32G471QET3, STM32G471RCT6, STM32G471RET3, STM32G471RET6, STM32G471VCH6, STM32G471VCI6, STM32G471VCT6, STM32G471VEH3, STM32G471VEH6, STM32G471VEI3, STM32G471VEI6, STM32G471VET3, STM32G471VET6, STM32G473QET3Z, STM32G473RET3Z, STM32G474CCT6, STM32G491RET3Z, STM32H503CBT6, STM32H503CBU6, STM32H503EBY6TR, STM32H503KBU6, STM32H503RBT6, STM32H523CCT6, STM32H523CCU6, STM32H523CET6, STM32H523CEU6, STM32H523HEY6TR, STM32H523RCT6, STM32H523RET6, STM32H523VCI6, STM32H523VCT6, STM32H523VEI6, STM32H523VET6, STM32H523ZCJ6, STM32H523ZCT6, STM32H523ZEJ6, STM32H523ZET6, STM32H533CET6, STM32H533CEU6, STM32H533HEY6TR, STM32H533RET6, STM32H533VEI6, STM32H533VET6, STM32H533ZEJ6, STM32H533ZET6, STM32H562AGI6, STM32H562AII6, STM32H562IGK6, STM32H562IGT6, STM32H562IIK6, STM32H562IIT6, STM32H562RGT6, STM32H562RGV6, STM32H562RIT6, STM32H562RIV6, STM32H562VGT6, STM32H562VIT6, STM32H562ZGT6, STM32H562ZIT6, STM32H563AGI6, STM32H563AII3Q, STM32H563AII6, STM32H563IGK6, STM32H563IGT6, STM32H563IIK3Q, STM32H563IIK6, STM32H563IIT3Q, STM32H563IIT6, STM32H563MIY3QTR, STM32H563RGT6, STM32H563RGV6, STM32H563RIT6, STM32H563RIV6, STM32H563VGT6, STM32H563VIT3Q, STM32H563VIT6, STM32H563ZGT6, STM32H563ZIT3Q, STM32H563ZIT6, STM32H573AII3Q, STM32H573AII6, STM32H573I-DK, STM32H573IIK3Q, STM32H573IIK6, STM32H573IIT3Q, STM32H573IIT6, STM32H573MIY3QTR, STM32H573RIT6, STM32H573RIV6, STM32H573VIT3Q, STM32H573VIT6, STM32H573ZIT3Q, STM32H573ZIT6, STM32H7R3A8I6, STM32H7R3I8K6, STM32H7R3I8T6, STM32H7R3L8H6, STM32H7R3L8H6H, STM32H7R3R8V6, STM32H7R3V8H6, STM32H7R3V8T6, STM32H7R3V8Y6TR, STM32H7R3Z8J6, STM32H7R3Z8T6, STM32H7R7A8I6, STM32H7R7I8K6, STM32H7R7I8T6, STM32H7R7L8H6, STM32H7R7L8H6H, STM32H7R7Z8J6, STM32H7S3A8I6, STM32H7S3I8K6, STM32H7S3I8T6, STM32H7S3L8H6, STM32H7S3L8H6H, STM32H7S3R8V6, STM32H7S3V8H6, STM32H7S3V8T6, STM32H7S3V8Y6TR, STM32H7S3Z8J6, STM32H7S3Z8T6, STM32H7S78-DK, STM32H7S7A8I6, STM32H7S7I8K6, STM32H7S7I8T6, STM32H7S7L8H6, STM32H7S7L8H6H, STM32H7S7Z8J6, STM32L4R5QGI6STR, STM32MP131AAE3, STM32MP131AAF3, STM32MP131AAG3, STM32MP131CAE3, STM32MP131CAF3, STM32MP131CAG3, STM32MP131DAE7, STM32MP131DAF7, STM32MP131DAG7, STM32MP131FAE7, STM32MP131FAF7, STM32MP131FAG7, STM32MP133AAE3, STM32MP133AAF3, STM32MP133AAG3, STM32MP133CAE3, STM32MP133CAF3, STM32MP133CAG3, STM32MP133DAE7, STM32MP133DAF7, STM32MP133DAG7, STM32MP133FAE7, STM32MP133FAF7, STM32MP133FAG7, STM32MP135AAE3, STM32MP135AAF3, STM32MP135AAG3, STM32MP135CAE3, STM32MP135CAF3, STM32MP135CAG3, STM32MP135DAE7, STM32MP135DAF7, STM32MP135DAG7, STM32MP135F-DK, STM32MP135FAE7, STM32MP135FAF7, STM32MP135FAF7T, STM32MP135FAF7U, STM32MP135FAG7, STM32MP231AAJ3, STM32MP231AAK3, STM32MP231AAL3, STM32MP231CAJ3, STM32MP231CAK3, STM32MP231CAL3, STM32MP231DAJ3, STM32MP231DAK3, STM32MP231DAL3, STM32MP231FAJ3, STM32MP231FAK3, STM32MP231FAL3, STM32MP233AAJ3, STM32MP233AAK3, STM32MP233AAL3, STM32MP233CAJ3, STM32MP233CAK3, STM32MP233CAL3, STM32MP233DAJ3, STM32MP233DAK3, STM32MP233DAL3, STM32MP233FAJ3, STM32MP233FAK3, STM32MP233FAL3, STM32MP235AAJ3, STM32MP235AAK3, STM32MP235AAL3, STM32MP235CAJ3, STM32MP235CAK3, STM32MP235CAL3, STM32MP235DAJ3, STM32MP235DAK3, STM32MP235DAL3, STM32MP235FAJ3, STM32MP235FAK3, STM32MP235FAL3, STM32MP251AAI3, STM32MP251AAJ3, STM32MP251AAK3, STM32MP251AAL3, STM32MP251CAI3, STM32MP251CAJ3, STM32MP251CAK3, STM32MP251CAL3, STM32MP251DAI3, STM32MP251DAJ3, STM32MP251DAK3, STM32MP251DAL3, STM32MP251FAI3, STM32MP251FAJ3, STM32MP251FAK3, STM32MP251FAL3, STM32MP253AAI3, STM32MP253AAJ3, STM32MP253AAK3, STM32MP253AAL3, STM32MP253CAI3, STM32MP253CAJ3, STM32MP253CAK3, STM32MP253CAL3, STM32MP253DAI3, STM32MP253DAJ3, STM32MP253DAK3, STM32MP253DAL3, STM32MP253FAI3, STM32MP253FAJ3, STM32MP253FAK3, STM32MP253FAL3, STM32MP255AAI3, STM32MP255AAJ3, STM32MP255AAK3, STM32MP255AAL3, STM32MP255CAI3, STM32MP255CAJ3, STM32MP255CAK3, STM32MP255CAL3, STM32MP255DAI3, STM32MP255DAJ3, STM32MP255DAK3, STM32MP255DAL3, STM32MP255FAI3, STM32MP255FAJ3, STM32MP255FAK3, STM32MP255FAL3, STM32MP257AAI3, STM32MP257AAJ3, STM32MP257AAK3, STM32MP257AAL3, STM32MP257CAI3, STM32MP257CAJ3, STM32MP257CAK3, STM32MP257CAL3, STM32MP257DAI3, STM32MP257DAJ3, STM32MP257DAK3, STM32MP257DAL3, STM32MP257F-DK, STM32MP257F-EV1, STM32MP257FAI3, STM32MP257FAJ3, STM32MP257FAK3, STM32MP257FAL3, STM32N645A0H3Q, STM32N645B0H3Q, STM32N645I0H3Q, STM32N645L0H3Q, STM32N645X0H3Q, STM32N645Z0H3Q, STM32N647A0H3Q, STM32N647B0H3Q, STM32N647I0H3Q, STM32N647L0H3Q, STM32N647X0H3Q, STM32N647Z0H3Q, STM32N655A0H3Q, STM32N655B0H3Q, STM32N655I0H3Q, STM32N655L0H3Q, STM32N655X0H3Q, STM32N655Z0H3Q, STM32N6570-DK, STM32N657A0H3Q, STM32N657B0H3Q, STM32N657I0H3Q, STM32N657L0H3Q, STM32N657X0H3Q, STM32N657Z0H3Q, STM32U031C6T6, STM32U031C6U6, STM32U031C8T6, STM32U031C8U6, STM32U031F4P6, STM32U031F6P6, STM32U031F8P6, STM32U031G6Y6TR, STM32U031G8Y6TR, STM32U031K4U6, STM32U031K6U6, STM32U031K8U6, STM32U031R6I6, STM32U031R6T6, STM32U031R8I6, STM32U031R8T6, STM32U073C8T6, STM32U073C8U6, STM32U073CBT6, STM32U073CBU6, STM32U073CCT6, STM32U073CCU6, STM32U073H8Y6TR, STM32U073HBY6TR, STM32U073HCY6TR, STM32U073K8U6, STM32U073KBU6, STM32U073KCU6, STM32U073M8I6, STM32U073M8T6, STM32U073MBI6, STM32U073MBT6, STM32U073MCI6, STM32U073MCT6, STM32U073R8I6, STM32U073R8T6, STM32U073RBI6, STM32U073RBT6, STM32U073RCI6, STM32U073RCT6, STM32U083C-DK, STM32U083CCT6, STM32U083CCU6, STM32U083HCY6TR, STM32U083KCU6, STM32U083MCI6, STM32U083MCT6, STM32U083RCI6, STM32U083RCT6, STM32U375CET6, STM32U375CET6Q, STM32U375CEU6, STM32U375CEU6Q, STM32U375CEY6QTR, STM32U375CGT6, STM32U375CGT6Q, STM32U375CGU6, STM32U375CGU6Q, STM32U375CGY6QTR, STM32U375KEU6, STM32U375KGU6, STM32U375REI6, STM32U375REI6Q, STM32U375RET6, STM32U375RET6Q, STM32U375REY6GTR, STM32U375REY6QTR, STM32U375RGI6, STM32U375RGI6Q, STM32U375RGT6, STM32U375RGT6Q, STM32U375RGY6GTR, STM32U375RGY6QTR, STM32U375VEI6, STM32U375VEI6Q, STM32U375VET6, STM32U375VET6Q, STM32U375VGI6, STM32U375VGI6Q, STM32U375VGT6, STM32U375VGT6Q, STM32U385CGT6, STM32U385CGT6Q, STM32U385CGU6, STM32U385CGU6Q, STM32U385CGY6QTR, STM32U385KGU6, STM32U385RGI6, STM32U385RGI6Q, STM32U385RGT6, STM32U385RGT6Q, STM32U385RGY6GTR, STM32U385RGY6QTR, STM32U385VGI6, STM32U385VGI6Q, STM32U385VGT6, STM32U385VGT6Q, STM32U535CBT6, STM32U535CBT6Q, STM32U535CBU6, STM32U535CBU6Q, STM32U535CCT6, STM32U535CCT6Q, STM32U535CCU6, STM32U535CCU6Q, STM32U535CET6, STM32U535CET6Q, STM32U535CEU6, STM32U535CEU6Q, STM32U535JEY6QTR, STM32U535NCY6QTR, STM32U535NEY6QTR, STM32U535RBI6, STM32U535RBI6Q, STM32U535RBT6, STM32U535RBT6Q, STM32U535RCI6, STM32U535RCI6Q, STM32U535RCT6, STM32U535RCT6Q, STM32U535REI6, STM32U535REI6Q, STM32U535RET6, STM32U535RET6Q, STM32U535VCI6, STM32U535VCI6Q, STM32U535VCT6, STM32U535VCT6Q, STM32U535VEI6, STM32U535VEI6Q, STM32U535VET6, STM32U535VET6Q, STM32U545CET6, STM32U545CET6Q, STM32U545CEU6, STM32U545CEU6Q, STM32U545JEY6QTR, STM32U545NEY6QTR, STM32U545REI6, STM32U545REI6Q, STM32U545RET6, STM32U545RET6Q, STM32U545VEI6, STM32U545VEI6Q, STM32U545VET6, STM32U545VET6Q, STM32U595AIH6, STM32U595AIH6Q, STM32U595AJH6, STM32U595AJH6Q, STM32U595QII6, STM32U595QII6Q, STM32U595QJI6, STM32U595QJI6Q, STM32U595RIT6, STM32U595RIT6Q, STM32U595RJT6, STM32U595RJT6Q, STM32U595VIT6, STM32U595VIT6Q, STM32U595VJT6, STM32U595VJT6Q, STM32U595ZIT6, STM32U595ZIT6Q, STM32U595ZIY6QTR, STM32U595ZJT6, STM32U595ZJT6Q, STM32U595ZJY6QTR, STM32U599BJY6QTR, STM32U599NIH6Q, STM32U599NJH6Q, STM32U599VIT6Q, STM32U599VJT6, STM32U599VJT6Q, STM32U599ZIT6Q, STM32U599ZIY6QTR, STM32U599ZJT6Q, STM32U599ZJY6QTR, STM32U5A5AJH6, STM32U5A5AJH6Q, STM32U5A5QII3Q , STM32U5A5QJI6, STM32U5A5QJI6Q, STM32U5A5RJT6, STM32U5A5RJT6Q, STM32U5A5VJT6, STM32U5A5VJT6Q, STM32U5A5ZJT6, STM32U5A5ZJT6Q, STM32U5A5ZJY6QTR, STM32U5A9BJY6QTR, STM32U5A9J-DK, STM32U5A9NJH6Q, STM32U5A9VJT6Q, STM32U5A9ZJT6Q, STM32U5A9ZJY6QTR, STM32U5F7VIT6, STM32U5F7VIT6Q, STM32U5F7VJT6, STM32U5F7VJT6Q, STM32U5F9BJY6QTR, STM32U5F9NJH6Q, STM32U5F9VIT6Q, STM32U5F9VJT6Q, STM32U5F9ZIJ6QTR, STM32U5F9ZIT6Q, STM32U5F9ZJJ6QTR, STM32U5F9ZJT6Q, STM32U5G7VJT6, STM32U5G7VJT6Q, STM32U5G9BJY6QTR, STM32U5G9J-DK1, STM32U5G9J-DK2, STM32U5G9NJH6Q, STM32U5G9VJT6Q, STM32U5G9ZJJ6QTR, STM32U5G9ZJT6Q, STM32WB05KZV6TR, STM32WB05KZV7TR, STM32WB05TZF6TR, STM32WB05TZF7TR, STM32WB06CCF6TR, STM32WB06CCF7TR, STM32WB06CCV6TR, STM32WB06CCV7TR, STM32WB06KCV6TR, STM32WB06KCV7TR, STM32WB07CCF6TR, STM32WB07CCF7TR, STM32WB07CCV6TR, STM32WB07CCV7TR, STM32WB07KCV6TR, STM32WB07KCV7TR, STM32WB09KEV6TR, STM32WB09KEV7TR, STM32WB09TEF6TR, STM32WB09TEF7TR, STM32WB1MMCH6, STM32WBA50KGU6, STM32WBA50KGU6TR, STM32WBA52CEU6, STM32WBA52CEU6TR, STM32WBA52CEU7, STM32WBA52CEU7TR, STM32WBA52CGU6, STM32WBA52CGU6TR, STM32WBA52CGU6U, STM32WBA52CGU7, STM32WBA52CGU7TR, STM32WBA52KEU6, STM32WBA52KEU6TR, STM32WBA52KGU6, STM32WBA52KGU6TR, STM32WBA54CEU6, STM32WBA54CEU6TR, STM32WBA54CEU7, STM32WBA54CEU7TR, STM32WBA54CGU6, STM32WBA54CGU6TR, STM32WBA54CGU7, STM32WBA54CGU7TR, STM32WBA54KEU6, STM32WBA54KEU6TR, STM32WBA54KEU7, STM32WBA54KEU7TR, STM32WBA54KGU6, STM32WBA54KGU6TR, STM32WBA54KGU7, STM32WBA54KGU7TR, STM32WBA55CEU6, STM32WBA55CEU6TR, STM32WBA55CEU7, STM32WBA55CEU7TR, STM32WBA55CGU6, STM32WBA55CGU6TR, STM32WBA55CGU6U, STM32WBA55CGU7, STM32WBA55CGU7TR, STM32WBA55G-DK1, STM32WBA55HEF6, STM32WBA55HEF7, STM32WBA55HGF6, STM32WBA55HGF7, STM32WBA55UEI6, STM32WBA55UEI6TR, STM32WBA55UEI7, STM32WBA55UEI7TR, STM32WBA55UGI6, STM32WBA55UGI6TR, STM32WBA55UGI7, STM32WBA55UGI7TR, STM32WBA5MJGH6TR, STM32WBA5MJGH6U, STM32WL33C8V6, STM32WL33C8V6TR, STM32WL33C8V7, STM32WL33C8V7TR, STM32WL33CBV6, STM32WL33CBV6TR, STM32WL33CBV7, STM32WL33CBV7TR, STM32WL33CCV6, STM32WL33CCV6TR, STM32WL33CCV7, STM32WL33CCV7A, STM32WL33CCV7ATR, STM32WL33CCV7TR, STM32WL33K8V6, STM32WL33K8V6TR, STM32WL33K8V7, STM32WL33K8V7TR, STM32WL33KBV6, STM32WL33KBV6TR, STM32WL33KBV7, STM32WL33KBV7TR, STM32WL33KCV6, STM32WL33KCV6TR, STM32WL33KCV7, STM32WL33KCV7TR, STM32WL5MOCH6, STM32WL5MOCH6TR]
2025-05-18 10:42:24,780 [INFO] DbMcus:218 - Found 4674 MCUs, 4674 are supported
2025-05-18 10:42:24,781 [INFO] ApiDb:423 - Load user favorites file C:\Users\Flori/.stm32cubeide/favorites.mcus.txt: 0 item(s)
2025-05-18 10:42:24,781 [INFO] ApiDb:427 - User favorites MCUs=[]
2025-05-18 10:42:24,781 [INFO] DbMcus:224 - Set 0 / 0 favorites MCUs
2025-05-18 10:42:25,208 [INFO] ApiDb:423 - Load user favorites file C:\Users\Flori/.stm32cubeide/favorites.boards.txt: 0 item(s)
2025-05-18 10:42:25,209 [INFO] ApiDb:427 - User favorites Boards=[]
2025-05-18 10:42:25,209 [INFO] DbBoards:198 - Set 0 / 0 favorites Boards
2025-05-18 10:42:25,305 [INFO] UtilMem:75 - End LoadConfig() Used Memory: 214926528 Bytes (339738624)
2025-05-18 10:42:25,481 [WARN] ThirdParty:833 - waiting for thirdparty lock release [change project]
2025-05-18 10:42:25,481 [INFO] ThirdParty:835 - entering critical section [change project]
2025-05-18 10:42:25,482 [INFO] ThirdParty:1030 - CMSIS Pack Vendor :STMicroelectronics USBPD 4.1
2025-05-18 10:42:25,482 [INFO] ThirdParty:1030 - CMSIS Pack Vendor :STMicroelectronics X-CUBE-AZRTOS-H7 3.3.0
2025-05-18 10:42:25,482 [INFO] ThirdParty:1030 - CMSIS Pack Vendor :STMicroelectronics X-CUBE-NFC9 1.0.0
2025-05-18 10:42:25,482 [INFO] ThirdParty:1030 - CMSIS Pack Vendor :STMicroelectronics USB_HOST 2.0.0
2025-05-18 10:42:25,482 [INFO] ThirdParty:1030 - CMSIS Pack Vendor :STMicroelectronics FP-SNS-MOTENVWB1 1.4.0
2025-05-18 10:42:25,482 [INFO] ThirdParty:1030 - CMSIS Pack Vendor :STMicroelectronics X-CUBE-AZRTOS-F4 1.1.0
2025-05-18 10:42:25,482 [INFO] ThirdParty:1030 - CMSIS Pack Vendor :STMicroelectronics LIBJPEG 8.0.0
2025-05-18 10:42:25,482 [INFO] ThirdParty:1030 - CMSIS Pack Vendor :STMicroelectronics FP-ATR-ASTRA1 2.0.2
2025-05-18 10:42:25,482 [INFO] ThirdParty:1030 - CMSIS Pack Vendor :STMicroelectronics X-CUBE-BLE1 7.1.0
2025-05-18 10:42:25,482 [INFO] ThirdParty:1030 - CMSIS Pack Vendor :Avnet-IotConnect X-CUBE-IoTC-DA16k-PMOD 1.0.0
2025-05-18 10:42:25,482 [INFO] ThirdParty:1030 - CMSIS Pack Vendor :STMicroelectronics X-CUBE-SMBUS 2.1.0
2025-05-18 10:42:25,482 [INFO] ThirdParty:1030 - CMSIS Pack Vendor :STMicroelectronics X-CUBE-WB05N 1.1.0
2025-05-18 10:42:25,482 [INFO] ThirdParty:1030 - CMSIS Pack Vendor :wolfSSL I-CUBE-wolfMQTT 1.19.2
2025-05-18 10:42:25,482 [INFO] ThirdParty:1030 - CMSIS Pack Vendor :STMicroelectronics USB_DEVICE 3.0.0
2025-05-18 10:42:25,482 [INFO] ThirdParty:1030 - CMSIS Pack Vendor :STMicroelectronics X-CUBE-ISPU 2.1.0
2025-05-18 10:42:25,482 [INFO] ThirdParty:1030 - CMSIS Pack Vendor :STMicroelectronics X-CUBE-AZRTOS-WB 2.0.0
2025-05-18 10:42:25,482 [INFO] ThirdParty:1030 - CMSIS Pack Vendor :STMicroelectronics X-CUBE-GNSS1 7.0.1
2025-05-18 10:42:25,482 [INFO] ThirdParty:1030 - CMSIS Pack Vendor :STMicroelectronics X-CUBE-AZRTOS-F7 1.1.0
2025-05-18 10:42:25,482 [INFO] ThirdParty:1030 - CMSIS Pack Vendor :STMicroelectronics X-CUBE-AZRTOS-L5 2.0.0
2025-05-18 10:42:25,482 [INFO] ThirdParty:1030 - CMSIS Pack Vendor :STMicroelectronics X-CUBE-TOUCHGFX 4.25.0
2025-05-18 10:42:25,483 [INFO] ThirdParty:1030 - CMSIS Pack Vendor :STMicroelectronics USB_DEVICE 2.0.0
2025-05-18 10:42:25,483 [INFO] ThirdParty:1030 - CMSIS Pack Vendor :STMicroelectronics X-CUBE-NFC6 3.1.0
2025-05-18 10:42:25,483 [INFO] ThirdParty:1030 - CMSIS Pack Vendor :STMicroelectronics FP-SNS-STBOX1 2.0.0
2025-05-18 10:42:25,483 [INFO] ThirdParty:1030 - CMSIS Pack Vendor :STMicroelectronics X-CUBE-MEMS1 11.2.0
2025-05-18 10:42:25,483 [INFO] ThirdParty:1030 - CMSIS Pack Vendor :STMicroelectronics FreeRTOS 0.0.1
2025-05-18 10:42:25,483 [INFO] ThirdParty:1030 - CMSIS Pack Vendor :STMicroelectronics X-CUBE-AZRTOS-G0 1.1.0
2025-05-18 10:42:25,483 [INFO] ThirdParty:1030 - CMSIS Pack Vendor :STMicroelectronics X-CUBE-SAFEA1 1.2.2
2025-05-18 10:42:25,483 [INFO] ThirdParty:1030 - CMSIS Pack Vendor :STMicroelectronics X-CUBE-NFC4 3.0.0
2025-05-18 10:42:25,483 [INFO] ThirdParty:1030 - CMSIS Pack Vendor :STMicroelectronics X-CUBE-DPower 1.2.0
2025-05-18 10:42:25,483 [INFO] ThirdParty:1030 - CMSIS Pack Vendor :STMicroelectronics X-CUBE-SUBG2 5.0.0
2025-05-18 10:42:25,483 [INFO] ThirdParty:1030 - CMSIS Pack Vendor :STMicroelectronics X-CUBE-AZRTOS-H7RS 1.1.0
2025-05-18 10:42:25,483 [INFO] ThirdParty:1030 - CMSIS Pack Vendor :STMicroelectronics STM32_WPAN 1.0.0
2025-05-18 10:42:25,483 [INFO] ThirdParty:1030 - CMSIS Pack Vendor :EmbeddedOffice I-CUBE-FS-RTOS 1.0.1
2025-05-18 10:42:25,483 [INFO] ThirdParty:1030 - CMSIS Pack Vendor :STMicroelectronics lwIP 2.0.3
2025-05-18 10:42:25,483 [INFO] ThirdParty:1030 - CMSIS Pack Vendor :STMicroelectronics FP-SNS-FLIGHT1 5.0.2
2025-05-18 10:42:25,483 [INFO] ThirdParty:1030 - CMSIS Pack Vendor :Cesanta I-CUBE-Mongoose 7.13.0
2025-05-18 10:42:25,483 [INFO] ThirdParty:1030 - CMSIS Pack Vendor :STMicroelectronics USB_HOST 1.0.0
2025-05-18 10:42:25,483 [INFO] ThirdParty:1030 - CMSIS Pack Vendor :Infineon AIROC-Wi-Fi-Bluetooth-STM32 1.7.0
2025-05-18 10:42:25,483 [INFO] ThirdParty:1030 - CMSIS Pack Vendor :STMicroelectronics X-CUBE-AZRTOS-G4 2.0.0
2025-05-18 10:42:25,484 [INFO] ThirdParty:1030 - CMSIS Pack Vendor :STMicroelectronics X-CUBE-WB05N 2.0.0
2025-05-18 10:42:25,484 [INFO] ThirdParty:1030 - CMSIS Pack Vendor :STMicroelectronics PDM2PCM 3.1.0
2025-05-18 10:42:25,484 [INFO] ThirdParty:1030 - CMSIS Pack Vendor :STMicroelectronics PDM2PCM 3.3.0
2025-05-18 10:42:25,484 [INFO] ThirdParty:1030 - CMSIS Pack Vendor :wolfSSL I-CUBE-wolfTPM 3.8.0
2025-05-18 10:42:25,484 [INFO] ThirdParty:1030 - CMSIS Pack Vendor :STMicroelectronics X-CUBE-DISPLAY 3.0.0
2025-05-18 10:42:25,484 [INFO] ThirdParty:1030 - CMSIS Pack Vendor :wolfSSL I-CUBE-wolfSSH 1.4.20
2025-05-18 10:42:25,484 [INFO] ThirdParty:1030 - CMSIS Pack Vendor :STMicroelectronics X-CUBE-NFC7 2.0.0
2025-05-18 10:42:25,484 [INFO] ThirdParty:1030 - CMSIS Pack Vendor :STMicroelectronics X-CUBE-TCPP 4.2.0
2025-05-18 10:42:25,484 [INFO] ThirdParty:1030 - CMSIS Pack Vendor :RealThread X-CUBE-RT-Thread_Nano 4.1.1
2025-05-18 10:42:25,484 [INFO] ThirdParty:1030 - CMSIS Pack Vendor :STMicroelectronics X-CUBE-BLE1 7.0.0
2025-05-18 10:42:25,484 [INFO] ThirdParty:1030 - CMSIS Pack Vendor :STMicroelectronics FP-ATR-SIGFOX1 3.2.0
2025-05-18 10:42:25,484 [INFO] ThirdParty:1030 - CMSIS Pack Vendor :STMicroelectronics X-CUBE-NFC10 1.0.0
2025-05-18 10:42:25,484 [INFO] ThirdParty:1030 - CMSIS Pack Vendor :quantropi X-CUBE-qispace-sdk-base 1.9.3
2025-05-18 10:42:25,484 [INFO] ThirdParty:1030 - CMSIS Pack Vendor :STMicroelectronics X-CUBE-BLEMGR 4.0.0
2025-05-18 10:42:25,484 [INFO] ThirdParty:1030 - CMSIS Pack Vendor :STMicroelectronics X-CUBE-EEPRMA1 5.1.0
2025-05-18 10:42:25,484 [INFO] ThirdParty:1030 - CMSIS Pack Vendor :STMicroelectronics X-CUBE-FREERTOS 1.3.1
2025-05-18 10:42:25,484 [INFO] ThirdParty:1030 - CMSIS Pack Vendor :STMicroelectronics HAL Drivers 0.0.0
2025-05-18 10:42:25,484 [INFO] ThirdParty:1030 - CMSIS Pack Vendor :STMicroelectronics MBEDTLS 2.16.2
2025-05-18 10:42:25,484 [INFO] ThirdParty:1030 - CMSIS Pack Vendor :STMicroelectronics X-CUBE-IPS 3.1.0
2025-05-18 10:42:25,484 [INFO] ThirdParty:1030 - CMSIS Pack Vendor :STMicroelectronics X-CUBE-ALS 1.0.2
2025-05-18 10:42:25,485 [INFO] ThirdParty:1030 - CMSIS Pack Vendor :emotas I-CUBE-CANOPEN 1.3.0
2025-05-18 10:42:25,485 [INFO] ThirdParty:1030 - CMSIS Pack Vendor :STMicroelectronics X-CUBE-FREERTOS 1.3.0
2025-05-18 10:42:25,485 [INFO] ThirdParty:1030 - CMSIS Pack Vendor :STMicroelectronics X-CUBE-NFC7 1.0.1
2025-05-18 10:42:25,485 [INFO] ThirdParty:1030 - CMSIS Pack Vendor :STMicroelectronics MBEDTLS 2.14.1
2025-05-18 10:42:25,485 [INFO] ThirdParty:1030 - CMSIS Pack Vendor :wolfSSL I-CUBE-wolfSSL 5.7.6
2025-05-18 10:42:25,485 [INFO] ThirdParty:1030 - CMSIS Pack Vendor :ITTIA_DB I-CUBE-ITTIADB 8.9.0
2025-05-18 10:42:25,485 [INFO] ThirdParty:1030 - CMSIS Pack Vendor :STMicroelectronics X-CUBE-TOUCHGFX 4.24.2
2025-05-18 10:42:25,485 [INFO] ThirdParty:1030 - CMSIS Pack Vendor :portGmbH I-Cube-SoM-uGOAL 1.1.0
2025-05-18 10:42:25,485 [INFO] ThirdParty:1030 - CMSIS Pack Vendor :STMicroelectronics X-CUBE-AI 10.0.0
2025-05-18 10:42:25,485 [INFO] ThirdParty:1030 - CMSIS Pack Vendor :STMicroelectronics ThreadX 1.0.0
2025-05-18 10:42:25,485 [INFO] ThirdParty:1030 - CMSIS Pack Vendor :STMicroelectronics FP-SNS-SMARTAG2 1.2.0
2025-05-18 10:42:25,485 [INFO] ThirdParty:1030 - CMSIS Pack Vendor :STMicroelectronics FP-SNS-FLIGHT1 5.1.0
2025-05-18 10:42:25,485 [INFO] ThirdParty:1030 - CMSIS Pack Vendor :STMicroelectronics X-CUBE-MEMS1 11.1.0
2025-05-18 10:42:25,485 [INFO] ThirdParty:1030 - CMSIS Pack Vendor :STMicroelectronics X-CUBE-AZRTOS-WL 2.0.0
2025-05-18 10:42:25,485 [INFO] ThirdParty:1030 - CMSIS Pack Vendor :SEGGER I-CUBE-embOS 1.3.1
2025-05-18 10:42:25,485 [INFO] ThirdParty:1030 - CMSIS Pack Vendor :STMicroelectronics X-CUBE-ALGOBUILD 1.4.0
2025-05-18 10:42:25,485 [INFO] ThirdParty:1030 - CMSIS Pack Vendor :STMicroelectronics X-CUBE-DPower 1.3.0
2025-05-18 10:42:25,485 [INFO] ThirdParty:1030 - CMSIS Pack Vendor :STMicroelectronics FP-SNS-MOTENV1 5.0.0
2025-05-18 10:42:25,485 [INFO] ThirdParty:1030 - CMSIS Pack Vendor :STMicroelectronics USB_DEVICE 1.0.0
2025-05-18 10:42:25,486 [INFO] ThirdParty:1030 - CMSIS Pack Vendor :STMicroelectronics X-CUBE-AZRTOS-H7RS 1.0.0
2025-05-18 10:42:25,486 [INFO] ThirdParty:1030 - CMSIS Pack Vendor :STMicroelectronics X-CUBE-AZRTOS-L4 2.0.0
2025-05-18 10:42:25,486 [INFO] ThirdParty:1030 - CMSIS Pack Vendor :STMicroelectronics ThreadX 0.0.2
2025-05-18 10:42:25,486 [INFO] ThirdParty:1030 - CMSIS Pack Vendor :WES I-CUBE-Cesium 1.3.0
2025-05-18 10:42:25,486 [INFO] ThirdParty:1030 - CMSIS Pack Vendor :STMicroelectronics lwIP 2.1.2
2025-05-18 10:42:25,486 [INFO] ThirdParty:1030 - CMSIS Pack Vendor :STMicroelectronics X-CUBE-SFXS2LP1 4.0.0
2025-05-18 10:42:25,486 [INFO] ThirdParty:1030 - CMSIS Pack Vendor :STMicroelectronics X-CUBE-BLE2 3.3.0
2025-05-18 10:42:25,486 [INFO] ThirdParty:1030 - CMSIS Pack Vendor :STMicroelectronics X-CUBE-TOF1 3.4.2
2025-05-18 10:42:25,486 [INFO] ThirdParty:1030 - CMSIS Pack Vendor :STMicroelectronics X-CUBE-TOF1 3.4.3
2025-05-18 10:42:25,486 [INFO] ThirdParty:1030 - CMSIS Pack Vendor :STMicroelectronics PDM2PCM 3.2.0
2025-05-18 10:42:25,486 [INFO] ThirdParty:841 - exiting critical section [change project]
2025-05-18 10:42:25,965 [INFO] PinOutPanel:1589 - setPackage(No Configuration,No Configuration)
2025-05-18 10:42:25,967 [INFO] PinOutPanel:1589 - setPackage(STM32F411RETx,LQFP64)
2025-05-18 10:42:26,630 [INFO] UtilMem:75 - Before build in PCC Used Memory: 232913008 Bytes (382730240)
2025-05-18 10:42:27,735 [INFO] UtilMem:75 - After build in PCC Used Memory: 296903632 Bytes (382730240)
2025-05-18 10:42:27,776 [INFO] IPUIPlugin:80 - create IPUIPlugin
2025-05-18 10:42:27,777 [INFO] IPUIPlugin:80 - create IPUIPlugin
2025-05-18 10:42:27,777 [INFO] IPUIPlugin:80 - create IPUIPlugin
2025-05-18 10:42:27,777 [INFO] IPUIPlugin:80 - create IPUIPlugin
2025-05-18 10:42:27,777 [INFO] IPUIPlugin:80 - create IPUIPlugin
2025-05-18 10:42:27,778 [INFO] IPUIPlugin:80 - create IPUIPlugin
2025-05-18 10:42:27,778 [INFO] IPUIPlugin:80 - create IPUIPlugin
2025-05-18 10:42:27,778 [INFO] IPUIPlugin:80 - create IPUIPlugin
2025-05-18 10:42:27,778 [INFO] IPUIPlugin:80 - create IPUIPlugin
2025-05-18 10:42:27,778 [INFO] IPUIPlugin:80 - create IPUIPlugin
2025-05-18 10:42:27,778 [INFO] IPUIPlugin:80 - create IPUIPlugin
2025-05-18 10:42:27,779 [INFO] IPUIPlugin:80 - create IPUIPlugin
2025-05-18 10:42:27,779 [INFO] IPUIPlugin:80 - create IPUIPlugin
2025-05-18 10:42:27,779 [INFO] IPUIPlugin:80 - create IPUIPlugin
2025-05-18 10:42:27,779 [INFO] IPUIPlugin:80 - create IPUIPlugin
2025-05-18 10:42:27,779 [INFO] IPUIPlugin:80 - create IPUIPlugin
2025-05-18 10:42:27,779 [INFO] IPUIPlugin:80 - create IPUIPlugin
2025-05-18 10:42:27,780 [INFO] IPUIPlugin:80 - create IPUIPlugin
2025-05-18 10:42:27,780 [INFO] IPUIPlugin:80 - create IPUIPlugin
2025-05-18 10:42:27,780 [INFO] IPUIPlugin:80 - create IPUIPlugin
2025-05-18 10:42:27,780 [INFO] IPUIPlugin:80 - create IPUIPlugin
2025-05-18 10:42:27,781 [INFO] IPUIPlugin:80 - create IPUIPlugin
2025-05-18 10:42:27,781 [INFO] IPUIPlugin:80 - create IPUIPlugin
2025-05-18 10:42:27,781 [INFO] IPUIPlugin:80 - create IPUIPlugin
2025-05-18 10:42:27,781 [INFO] IPUIPlugin:80 - create IPUIPlugin
2025-05-18 10:42:27,781 [INFO] IPUIPlugin:80 - create IPUIPlugin
2025-05-18 10:42:27,782 [INFO] IPUIPlugin:80 - create IPUIPlugin
2025-05-18 10:42:27,782 [INFO] IPUIPlugin:80 - create IPUIPlugin
2025-05-18 10:42:27,782 [INFO] IPUIPlugin:80 - create IPUIPlugin
2025-05-18 10:42:27,783 [INFO] IPUIPlugin:80 - create IPUIPlugin
2025-05-18 10:42:27,783 [INFO] IPUIPlugin:80 - create IPUIPlugin
2025-05-18 10:42:27,783 [INFO] IPUIPlugin:80 - create IPUIPlugin
2025-05-18 10:42:27,783 [INFO] IPUIPlugin:80 - create IPUIPlugin
2025-05-18 10:42:27,784 [INFO] IPUIPlugin:80 - create IPUIPlugin
2025-05-18 10:42:27,784 [INFO] IPUIPlugin:80 - create IPUIPlugin
2025-05-18 10:42:27,784 [INFO] IPUIPlugin:80 - create IPUIPlugin
2025-05-18 10:42:27,785 [INFO] IPUIPlugin:80 - create IPUIPlugin
2025-05-18 10:42:27,785 [INFO] IPUIPlugin:80 - create IPUIPlugin
2025-05-18 10:42:27,785 [INFO] IPUIPlugin:80 - create IPUIPlugin
2025-05-18 10:42:27,786 [INFO] IPUIPlugin:80 - create IPUIPlugin
2025-05-18 10:42:27,786 [INFO] IPUIPlugin:80 - create IPUIPlugin
2025-05-18 10:42:27,787 [INFO] IPUIPlugin:80 - create IPUIPlugin
2025-05-18 10:42:27,787 [INFO] IPUIPlugin:80 - create IPUIPlugin
2025-05-18 10:42:27,916 [INFO] ApiDbMcu:508 - Load IP Config File for PDM2PCM
2025-05-18 10:42:28,198 [INFO] CADModel:165 - CPN selected for project levelSTM32F411RET6
2025-05-18 10:42:28,199 [INFO] CADModel:114 - Register for checkConnection events
2025-05-18 10:42:28,259 [INFO] OpenFileManager:363 - Restore cursor
2025-05-18 10:44:52,748 [INFO] UtilMem:75 - End SaveConfig() Used Memory: 509851728 Bytes (530579456)
2025-05-18 10:44:52,821 [ERROR] ConfigurationRetriever:142 - IOException on connection: sw-center.st.com
2025-05-18 10:44:52,822 [ERROR] ConfigurationRetriever:142 - IOException on connection: sw-center.st.com
2025-05-18 10:44:52,823 [ERROR] ConfigurationRetriever:142 - IOException on connection: sw-center.st.com
2025-05-18 10:44:52,875 [INFO] UtilMem:75 - End SaveConfig() Used Memory: 197429312 Bytes (530579456)
2025-05-18 10:44:53,896 [INFO] UtilMem:75 - End SaveConfig() Used Memory: 228360256 Bytes (530579456)
2025-05-18 10:44:54,554 [INFO] BlockDiagram:2766 - set Specific Code input for plugin: NVIC
2025-05-18 10:44:54,554 [INFO] BlockDiagram:2766 - set Specific Code input for plugin: USART
2025-05-18 10:44:54,554 [INFO] BlockDiagram:2766 - set Specific Code input for plugin: TIM1_8
2025-05-18 10:44:54,554 [INFO] BlockDiagram:2766 - set Specific Code input for plugin: TIM1_8
2025-05-18 10:44:54,554 [INFO] BlockDiagram:2766 - set Specific Code input for plugin: SYS
2025-05-18 10:44:54,555 [INFO] BlockDiagram:2766 - set Specific Code input for plugin: GPIO
2025-05-18 10:44:54,555 [INFO] BlockDiagram:2766 - set Specific Code input for plugin: ADC
2025-05-18 10:44:54,555 [INFO] BlockDiagram:2766 - set Specific Code input for plugin: RCC
2025-05-18 10:44:54,556 [INFO] CodeGenerator:896 - code generatio: config db path: C:\ST\STM32CubeIDE_1.17.0\STM32CubeIDE\plugins\com.st.stm32cube.common.mx_6.13.0.202411220809\\db\
2025-05-18 10:44:54,772 [INFO] CodeEngine:255 - oldGeneratedFile, C:\Users\Flori\Documents\Project\Tech\IT\firmware-development\NucleoF411RE-ApplicationShield\nucleo-AppShield\MXTmpFiles\license.tmp_save
2025-05-18 10:44:55,189 [INFO] CodeEngine:279 - Generated code: C:\Users\Flori\Documents\Project\Tech\IT\firmware-development\NucleoF411RE-ApplicationShield\nucleo-AppShield\MXTmpFiles\license.tmp
2025-05-18 10:44:55,306 [INFO] CodeEngine:255 - oldGeneratedFile, C:\Users\Flori\Documents\Project\Tech\IT\firmware-development\NucleoF411RE-ApplicationShield\nucleo-AppShield\Core\Src\gpio.c_save
2025-05-18 10:44:55,521 [INFO] CodeEngine:279 - Generated code: C:\Users\Flori\Documents\Project\Tech\IT\firmware-development\NucleoF411RE-ApplicationShield\nucleo-AppShield\Core\Src\gpio.c
2025-05-18 10:44:55,549 [INFO] CodeEngine:255 - oldGeneratedFile, C:\Users\Flori\Documents\Project\Tech\IT\firmware-development\NucleoF411RE-ApplicationShield\nucleo-AppShield\Core\Inc\gpio.h_save
2025-05-18 10:44:55,668 [INFO] CodeEngine:279 - Generated code: C:\Users\Flori\Documents\Project\Tech\IT\firmware-development\NucleoF411RE-ApplicationShield\nucleo-AppShield\Core\Inc\gpio.h
2025-05-18 10:44:55,980 [INFO] CodeEngine:255 - oldGeneratedFile, C:\Users\Flori\Documents\Project\Tech\IT\firmware-development\NucleoF411RE-ApplicationShield\nucleo-AppShield\Core\Src\adc.c_save
2025-05-18 10:44:56,210 [INFO] CodeEngine:279 - Generated code: C:\Users\Flori\Documents\Project\Tech\IT\firmware-development\NucleoF411RE-ApplicationShield\nucleo-AppShield\Core\Src\adc.c
2025-05-18 10:44:56,251 [INFO] CodeEngine:255 - oldGeneratedFile, C:\Users\Flori\Documents\Project\Tech\IT\firmware-development\NucleoF411RE-ApplicationShield\nucleo-AppShield\Core\Inc\adc.h_save
2025-05-18 10:44:56,368 [INFO] CodeEngine:279 - Generated code: C:\Users\Flori\Documents\Project\Tech\IT\firmware-development\NucleoF411RE-ApplicationShield\nucleo-AppShield\Core\Inc\adc.h
2025-05-18 10:44:56,410 [INFO] CodeEngine:255 - oldGeneratedFile, C:\Users\Flori\Documents\Project\Tech\IT\firmware-development\NucleoF411RE-ApplicationShield\nucleo-AppShield\Core\Src\tim.c_save
2025-05-18 10:44:56,548 [INFO] CodeEngine:279 - Generated code: C:\Users\Flori\Documents\Project\Tech\IT\firmware-development\NucleoF411RE-ApplicationShield\nucleo-AppShield\Core\Src\tim.c
2025-05-18 10:44:56,556 [INFO] CodeEngine:255 - oldGeneratedFile, C:\Users\Flori\Documents\Project\Tech\IT\firmware-development\NucleoF411RE-ApplicationShield\nucleo-AppShield\Core\Inc\tim.h_save
2025-05-18 10:44:56,679 [INFO] CodeEngine:279 - Generated code: C:\Users\Flori\Documents\Project\Tech\IT\firmware-development\NucleoF411RE-ApplicationShield\nucleo-AppShield\Core\Inc\tim.h
2025-05-18 10:44:56,707 [INFO] CodeEngine:255 - oldGeneratedFile, C:\Users\Flori\Documents\Project\Tech\IT\firmware-development\NucleoF411RE-ApplicationShield\nucleo-AppShield\Core\Src\usart.c_save
2025-05-18 10:44:56,838 [INFO] CodeEngine:279 - Generated code: C:\Users\Flori\Documents\Project\Tech\IT\firmware-development\NucleoF411RE-ApplicationShield\nucleo-AppShield\Core\Src\usart.c
2025-05-18 10:44:56,845 [INFO] CodeEngine:255 - oldGeneratedFile, C:\Users\Flori\Documents\Project\Tech\IT\firmware-development\NucleoF411RE-ApplicationShield\nucleo-AppShield\Core\Inc\usart.h_save
2025-05-18 10:44:56,934 [INFO] CodeEngine:279 - Generated code: C:\Users\Flori\Documents\Project\Tech\IT\firmware-development\NucleoF411RE-ApplicationShield\nucleo-AppShield\Core\Inc\usart.h
2025-05-18 10:44:56,961 [INFO] CodeEngine:255 - oldGeneratedFile, C:\Users\Flori\Documents\Project\Tech\IT\firmware-development\NucleoF411RE-ApplicationShield\nucleo-AppShield\Core\Src\stm32f4xx_it.c_save
2025-05-18 10:44:57,081 [INFO] CodeEngine:279 - Generated code: C:\Users\Flori\Documents\Project\Tech\IT\firmware-development\NucleoF411RE-ApplicationShield\nucleo-AppShield\Core\Src\stm32f4xx_it.c
2025-05-18 10:44:57,123 [INFO] CodeEngine:255 - oldGeneratedFile, C:\Users\Flori\Documents\Project\Tech\IT\firmware-development\NucleoF411RE-ApplicationShield\nucleo-AppShield\Core\Inc\stm32f4xx_it.h_save
2025-05-18 10:44:57,204 [INFO] CodeEngine:279 - Generated code: C:\Users\Flori\Documents\Project\Tech\IT\firmware-development\NucleoF411RE-ApplicationShield\nucleo-AppShield\Core\Inc\stm32f4xx_it.h
2025-05-18 10:44:57,236 [INFO] CodeEngine:255 - oldGeneratedFile, C:\Users\Flori\Documents\Project\Tech\IT\firmware-development\NucleoF411RE-ApplicationShield\nucleo-AppShield\Core\Src\stm32f4xx_hal_msp.c_save
2025-05-18 10:44:57,348 [INFO] CodeEngine:279 - Generated code: C:\Users\Flori\Documents\Project\Tech\IT\firmware-development\NucleoF411RE-ApplicationShield\nucleo-AppShield\Core\Src\stm32f4xx_hal_msp.c
2025-05-18 10:44:57,370 [INFO] CodeEngine:255 - oldGeneratedFile, C:\Users\Flori\Documents\Project\Tech\IT\firmware-development\NucleoF411RE-ApplicationShield\nucleo-AppShield\MXTmpFiles\system.tmp_save
2025-05-18 10:44:57,439 [INFO] CodeEngine:279 - Generated code: C:\Users\Flori\Documents\Project\Tech\IT\firmware-development\NucleoF411RE-ApplicationShield\nucleo-AppShield\MXTmpFiles\system.tmp
2025-05-18 10:44:57,482 [INFO] CodeEngine:311 - oldGeneratedFile, C:\Users\Flori\Documents\Project\Tech\IT\firmware-development\NucleoF411RE-ApplicationShield\nucleo-AppShield\Core\Inc\stm32f4xx_hal_conf.h_save
2025-05-18 10:44:57,585 [INFO] CodeEngine:335 - Generated code: C:\Users\Flori\Documents\Project\Tech\IT\firmware-development\NucleoF411RE-ApplicationShield\nucleo-AppShield\Core\Inc\stm32f4xx_hal_conf.h
2025-05-18 10:44:57,627 [INFO] ApiDbMcu:508 - Load IP Config File for ADC1
2025-05-18 10:44:57,644 [INFO] ApiDbMcu:508 - Load IP Config File for TIM1
2025-05-18 10:44:57,660 [INFO] ApiDbMcu:508 - Load IP Config File for TIM3
2025-05-18 10:44:57,664 [INFO] ApiDbMcu:508 - Load IP Config File for USART2
2025-05-18 10:44:57,669 [INFO] ApiDbMcu:508 - Load IP Config File for RCC
2025-05-18 10:44:57,718 [INFO] CodeEngine:255 - oldGeneratedFile, C:\Users\Flori\Documents\Project\Tech\IT\firmware-development\NucleoF411RE-ApplicationShield\nucleo-AppShield\Core\Inc\main.h_save
2025-05-18 10:44:57,838 [INFO] CodeEngine:279 - Generated code: C:\Users\Flori\Documents\Project\Tech\IT\firmware-development\NucleoF411RE-ApplicationShield\nucleo-AppShield\Core\Inc\main.h
2025-05-18 10:44:57,861 [INFO] CodeEngine:255 - oldGeneratedFile, C:\Users\Flori\Documents\Project\Tech\IT\firmware-development\NucleoF411RE-ApplicationShield\nucleo-AppShield\Core\Src\main.c_save
2025-05-18 10:44:58,035 [INFO] CodeEngine:279 - Generated code: C:\Users\Flori\Documents\Project\Tech\IT\firmware-development\NucleoF411RE-ApplicationShield\nucleo-AppShield\Core\Src\main.c
2025-05-18 10:44:58,492 [INFO] ProjectBuilder:3289 - Time for Copy HAL[1] : 215mS.
2025-05-18 10:44:58,501 [INFO] ProjectBuilder:4876 - Project Generator version: 4.5.0-RC5
2025-05-18 10:44:58,589 [INFO] ConfigFileManager:1579 - The Die is : DIE431
2025-05-18 10:44:58,605 [INFO] ApiDbMcu:508 - Load IP Config File for FATFS
2025-05-18 10:44:58,619 [INFO] ApiDbMcu:508 - Load IP Config File for FREERTOS
2025-05-18 10:44:58,631 [INFO] ApiDbMcu:508 - Load IP Config File for LIBJPEG
2025-05-18 10:44:58,653 [INFO] ApiDbMcu:508 - Load IP Config File for MBEDTLS
2025-05-18 10:44:58,672 [INFO] ApiDbMcu:508 - Load IP Config File for USB_DEVICE
2025-05-18 10:44:58,687 [INFO] ApiDbMcu:508 - Load IP Config File for USB_HOST
2025-05-18 10:44:59,604 [INFO] LogOutputStream:77 - [STDOUT_REDIRECT] 
2025-05-18 10:45:01,767 [INFO] ProjectBuilder:5154 - Time for Generating toolchain IDE Files: 3266mS.
2025-05-18 10:45:01,768 [INFO] ProjectBuilder:3146 - Time for Copy CMSIS : 1mS.
2025-05-18 10:45:01,770 [INFO] ProjectBuilder:3146 - Time for Copy CMSIS : 0mS.
2025-05-18 10:57:02,344 [INFO] MainUpdater:2872 - connection check result : 22
2025-05-18 10:57:02,349 [INFO] MainUpdater:2872 - connection check result : 22
2025-05-18 10:57:09,160 [INFO] MicroXplorer:468 - Change Database Path : 
2025-05-18 10:57:09,160 [INFO] MicroXplorer:498 - Change Database Version : DB.6.0.130
2025-05-18 10:57:09,206 [ERROR] ProjectManagerView:394 - 
java.lang.NullPointerException: Cannot invoke "javax.swing.JTextField.getText()" because the return value of "java.util.List.get(int)" is null
	at com.st.microxplorer.plugins.projectmanager.gui.ProjectChoiceTab$9.caretUpdate(ProjectChoiceTab.java:2616) ~[filemanager.jar:?]
	at javax.swing.text.JTextComponent.fireCaretUpdate(JTextComponent.java:408) ~[?:?]
	at javax.swing.text.JTextComponent$MutableCaretEvent.fire(JTextComponent.java:4484) ~[?:?]
	at javax.swing.text.JTextComponent$MutableCaretEvent.stateChanged(JTextComponent.java:4506) ~[?:?]
	at javax.swing.text.DefaultCaret.fireStateChanged(DefaultCaret.java:857) ~[?:?]
	at javax.swing.text.DefaultCaret.changeCaretPosition(DefaultCaret.java:1343) ~[?:?]
	at javax.swing.text.DefaultCaret.handleSetDot(DefaultCaret.java:1242) ~[?:?]
	at javax.swing.text.DefaultCaret.setDot(DefaultCaret.java:1223) ~[?:?]
	at javax.swing.text.DefaultCaret$Handler.insertUpdate(DefaultCaret.java:1819) ~[?:?]
	at javax.swing.text.AbstractDocument.fireInsertUpdate(AbstractDocument.java:227) ~[?:?]
	at javax.swing.text.AbstractDocument.handleInsertString(AbstractDocument.java:781) ~[?:?]
	at javax.swing.text.AbstractDocument.insertString(AbstractDocument.java:740) ~[?:?]
	at javax.swing.text.PlainDocument.insertString(PlainDocument.java:131) ~[?:?]
	at javax.swing.text.AbstractDocument.replace(AbstractDocument.java:699) ~[?:?]
	at javax.swing.text.JTextComponent.setText(JTextComponent.java:1725) ~[?:?]
	at com.st.microxplorer.plugins.projectmanager.gui.ProjectChoiceTab.createHeapStackFields(ProjectChoiceTab.java:975) ~[filemanager.jar:?]
	at com.st.microxplorer.plugins.projectmanager.gui.ProjectChoiceTab.buildLinkSettingsPanel(ProjectChoiceTab.java:3666) ~[filemanager.jar:?]
	at com.st.microxplorer.plugins.projectmanager.gui.ProjectChoiceTab.defineWindowsFields(ProjectChoiceTab.java:1934) ~[filemanager.jar:?]
	at com.st.microxplorer.plugins.projectmanager.gui.ProjectChoiceTab.updateSettings(ProjectChoiceTab.java:553) ~[filemanager.jar:?]
	at com.st.microxplorer.plugins.projectmanager.gui.ProjectSettingsPanel.UpdateDialog(ProjectSettingsPanel.java:245) ~[filemanager.jar:?]
	at com.st.microxplorer.plugins.projectmanager.ProjectManagerView.propertyChange(ProjectManagerView.java:391) ~[filemanager.jar:?]
	at java.beans.PropertyChangeSupport.fire(PropertyChangeSupport.java:343) ~[?:?]
	at java.beans.PropertyChangeSupport.firePropertyChange(PropertyChangeSupport.java:335) ~[?:?]
	at java.beans.PropertyChangeSupport.firePropertyChange(PropertyChangeSupport.java:268) ~[?:?]
	at com.st.microxplorer.util.MXPropertyChangeSupport.firePropertyChange(MXPropertyChangeSupport.java:54) ~[STM32CubeMX.jar:?]
	at com.st.microxplorer.mxsystem.MxSystem.closeConfig(MxSystem.java:899) ~[STM32CubeMX.jar:?]
	at com.st.microxplorer.maingui.MainPanel.closeConfig(MainPanel.java:789) ~[STM32CubeMX.jar:?]
	at com.st.microxplorer.plugins.filemanager.engine.OpenFileManager.loadConfigurationFile(OpenFileManager.java:265) ~[filemanager.jar:?]
	at com.st.microxplorer.plugins.filemanager.engine.MainFileManager.userLoadConfig(MainFileManager.java:340) ~[filemanager.jar:?]
	at com.st.microxplorer.plugins.filemanager.engine.MainFileManager.userLoadConfig(MainFileManager.java:318) ~[filemanager.jar:?]
	at com.st.microxplorer.plugins.filemanager.FileManagerView.getSpecificTask(FileManagerView.java:246) ~[filemanager.jar:?]
	at com.st.stm32cube.common.mx.editor.CubeMxEditor.getMxTabbedPaneInstance(CubeMxEditor.java:1198) ~[com.st.stm32cube.common.mx_6.13.0.202411220809/:?]
	at com.st.stm32cube.common.mx.editor.CubeMxEditor$12$1.createSwingComponent(CubeMxEditor.java:1068) ~[com.st.stm32cube.common.mx_6.13.0.202411220809/:?]
	at com.st.stm32cube.common.mx.oss.core.awtswtbridge.EmbeddedSwingComposite.doComponentCreation(EmbeddedSwingComposite.java:492) ~[com.st.stm32cube.common.mx.oss_6.13.0.202411220809/:?]
	at com.st.stm32cube.common.mx.oss.core.awtswtbridge.EmbeddedSwingComposite$4.run(EmbeddedSwingComposite.java:291) ~[com.st.stm32cube.common.mx.oss_6.13.0.202411220809/:?]
	at com.st.stm32cube.common.mx.oss.core.awtswtbridge.AwtEnvironment$2.run(AwtEnvironment.java:166) ~[com.st.stm32cube.common.mx.oss_6.13.0.202411220809/:?]
	at java.awt.event.InvocationEvent.dispatch(InvocationEvent.java:318) ~[?:?]
	at java.awt.EventQueue.dispatchEventImpl(EventQueue.java:773) ~[?:?]
	at java.awt.EventQueue$4.run(EventQueue.java:720) ~[?:?]
	at java.awt.EventQueue$4.run(EventQueue.java:714) ~[?:?]
	at java.security.AccessController.doPrivileged(AccessController.java:400) ~[?:?]
	at java.security.ProtectionDomain$JavaSecurityAccessImpl.doIntersectionPrivilege(ProtectionDomain.java:87) ~[?:?]
	at java.awt.EventQueue.dispatchEvent(EventQueue.java:742) ~[?:?]
	at java.awt.EventDispatchThread.pumpOneEventForFilters(EventDispatchThread.java:203) ~[?:?]
	at java.awt.EventDispatchThread.pumpEventsForFilter(EventDispatchThread.java:124) ~[?:?]
	at java.awt.EventDispatchThread.pumpEventsForHierarchy(EventDispatchThread.java:113) ~[?:?]
	at java.awt.EventDispatchThread.pumpEvents(EventDispatchThread.java:109) ~[?:?]
	at java.awt.EventDispatchThread.pumpEvents(EventDispatchThread.java:101) ~[?:?]
	at java.awt.EventDispatchThread.run(EventDispatchThread.java:90) ~[?:?]
2025-05-18 10:57:09,228 [WARN] ThirdParty:871 - waiting for thirdparty lock release [close project]
2025-05-18 10:57:09,228 [INFO] ThirdParty:873 - entering critical section [close project]
2025-05-18 10:57:09,228 [INFO] ThirdParty:883 - exiting critical section [close project]
2025-05-18 10:57:09,229 [INFO] PinOutPanel:1589 - setPackage(No Configuration,No Configuration)
2025-05-18 10:57:09,260 [WARN] IpParametersView:154 - Warning: This peripheral hasn't parameters
2025-05-18 10:57:09,280 [WARN] MainPanel:289 - <html><b><center>Warning: This peripheral has no parameters to be configured<br></b></html>
2025-05-18 10:57:09,290 [ERROR] MainPanel:599 - java.lang.IndexOutOfBoundsException: Index: 0, Tab count: 0
2025-05-18 10:57:09,298 [INFO] UtilMem:75 - Begin LoadConfig() Used Memory: 308295352 Bytes (575668224)
2025-05-18 10:57:09,299 [INFO] MicroXplorer:468 - Change Database Path : 
2025-05-18 10:57:09,299 [INFO] MicroXplorer:498 - Change Database Version : DB.6.0.130
2025-05-18 10:57:09,299 [INFO] OpenFileManager:332 - Change cursor
2025-05-18 10:57:09,344 [INFO] RulesReader:64 - Compatibility file has been processed (297 Rules)
2025-05-18 10:57:09,356 [INFO] Mcu:2035 - Initializing MCU STM32F411R(C-E)Tx STM32F411RETx STM32F411RET6
2025-05-18 10:57:10,519 [INFO] Context:748 - Trying to add GPIOservice into a context  which must be forbidden
2025-05-18 10:57:11,148 [INFO] RtosManager:555 - Registered RTOS mode: class=CMSIS, group=RTOS, mode=CMSIS_V1, owner=FREERTOS
2025-05-18 10:57:11,149 [INFO] RtosManager:555 - Registered RTOS mode: class=CMSIS, group=RTOS2, mode=CMSIS_V2, owner=FREERTOS
2025-05-18 10:57:11,149 [INFO] RtosManager:555 - Registered RTOS mode: class=RTOS, group=Core, mode=CMSIS_V1, owner=FREERTOS
2025-05-18 10:57:11,149 [INFO] RtosManager:555 - Registered RTOS mode: class=RTOS, group=Core, mode=CMSIS_V2, owner=FREERTOS
2025-05-18 10:57:11,149 [WARN] ModelIntegratedComponent:184 - Missing modes for component STMicroelectronics:FreeRTOS:0.0.1:STMicroelectronics:RTOS:FreeRTOS:Core:::10.2.0:
2025-05-18 10:57:11,154 [WARN] ModelIntegratedComponent:182 - Modes not found for component STMicroelectronics:USB_HOST:1.0.0:STMicroelectronics:USB::USB Host:Audio HS::1.0:USB_HOST_1_0_RESTRICTED_HS
2025-05-18 10:57:11,154 [WARN] ModelIntegratedComponent:188 - Modes not found for component STMicroelectronics:USB_HOST:1.0.0:STMicroelectronics:USB::USB Host:Audio HS::1.0:USB_HOST_1_0_RESTRICTED_HS
2025-05-18 10:57:11,154 [WARN] ModelIntegratedComponent:182 - Modes not found for component STMicroelectronics:USB_HOST:1.0.0:STMicroelectronics:USB::USB Host:CDC HS::1.0:USB_HOST_1_0_RESTRICTED_HS
2025-05-18 10:57:11,154 [WARN] ModelIntegratedComponent:188 - Modes not found for component STMicroelectronics:USB_HOST:1.0.0:STMicroelectronics:USB::USB Host:CDC HS::1.0:USB_HOST_1_0_RESTRICTED_HS
2025-05-18 10:57:11,155 [WARN] ModelIntegratedComponent:182 - Modes not found for component STMicroelectronics:USB_HOST:1.0.0:STMicroelectronics:USB::USB Host:MSC HS::1.0:USB_HOST_1_0_RESTRICTED_HS
2025-05-18 10:57:11,155 [WARN] ModelIntegratedComponent:188 - Modes not found for component STMicroelectronics:USB_HOST:1.0.0:STMicroelectronics:USB::USB Host:MSC HS::1.0:USB_HOST_1_0_RESTRICTED_HS
2025-05-18 10:57:11,155 [WARN] ModelIntegratedComponent:182 - Modes not found for component STMicroelectronics:USB_HOST:1.0.0:STMicroelectronics:USB::USB Host:HID HS::1.0:USB_HOST_1_0_RESTRICTED_HS
2025-05-18 10:57:11,155 [WARN] ModelIntegratedComponent:188 - Modes not found for component STMicroelectronics:USB_HOST:1.0.0:STMicroelectronics:USB::USB Host:HID HS::1.0:USB_HOST_1_0_RESTRICTED_HS
2025-05-18 10:57:11,155 [WARN] ModelIntegratedComponent:182 - Modes not found for component STMicroelectronics:USB_HOST:1.0.0:STMicroelectronics:USB::USB Host:MTP HS::1.0:USB_HOST_1_0_RESTRICTED_HS
2025-05-18 10:57:11,155 [WARN] ModelIntegratedComponent:188 - Modes not found for component STMicroelectronics:USB_HOST:1.0.0:STMicroelectronics:USB::USB Host:MTP HS::1.0:USB_HOST_1_0_RESTRICTED_HS
2025-05-18 10:57:11,162 [WARN] ModelIntegratedComponent:63 - No mode defined for component null
2025-05-18 10:57:11,162 [WARN] ModelIntegratedComponent:63 - No mode defined for component null
2025-05-18 10:57:11,162 [WARN] ModelIntegratedComponent:63 - No mode defined for component null
2025-05-18 10:57:11,162 [WARN] ModelIntegratedComponent:63 - No mode defined for component null
2025-05-18 10:57:11,162 [WARN] ModelIntegratedComponent:63 - No mode defined for component null
2025-05-18 10:57:11,162 [WARN] ModelIntegratedComponent:63 - No mode defined for component null
2025-05-18 10:57:11,162 [WARN] ModelIntegratedComponent:63 - No mode defined for component null
2025-05-18 10:57:11,162 [WARN] ModelIntegratedComponent:63 - No mode defined for component null
2025-05-18 10:57:11,162 [WARN] ModelIntegratedComponent:63 - No mode defined for component null
2025-05-18 10:57:11,162 [WARN] ModelIntegratedComponent:63 - No mode defined for component null
2025-05-18 10:57:11,163 [WARN] ModelIntegratedComponent:63 - No mode defined for component null
2025-05-18 10:57:11,163 [WARN] ModelIntegratedComponent:63 - No mode defined for component null
2025-05-18 10:57:11,163 [WARN] ModelIntegratedComponent:63 - No mode defined for component null
2025-05-18 10:57:11,163 [WARN] ModelIntegratedComponent:63 - No mode defined for component null
2025-05-18 10:57:11,163 [WARN] ModelIntegratedComponent:63 - No mode defined for component null
2025-05-18 10:57:11,163 [WARN] ModelIntegratedComponent:63 - No mode defined for component null
2025-05-18 10:57:11,163 [WARN] ModelIntegratedComponent:63 - No mode defined for component null
2025-05-18 10:57:11,163 [WARN] ModelIntegratedComponent:63 - No mode defined for component null
2025-05-18 10:57:11,164 [WARN] ModelIntegratedComponent:63 - No mode defined for component null
2025-05-18 10:57:11,164 [WARN] ModelIntegratedComponent:63 - No mode defined for component null
2025-05-18 10:57:11,164 [WARN] ModelIntegratedComponent:63 - No mode defined for component null
2025-05-18 10:57:11,164 [WARN] ModelIntegratedComponent:63 - No mode defined for component null
2025-05-18 10:57:11,164 [WARN] ModelIntegratedComponent:63 - No mode defined for component null
2025-05-18 10:57:11,164 [WARN] ModelIntegratedComponent:63 - No mode defined for component null
2025-05-18 10:57:11,164 [WARN] ModelIntegratedComponent:63 - No mode defined for component null
2025-05-18 10:57:11,164 [WARN] ModelIntegratedComponent:63 - No mode defined for component null
2025-05-18 10:57:11,164 [WARN] ModelIntegratedComponent:63 - No mode defined for component null
2025-05-18 10:57:11,165 [WARN] ModelIntegratedComponent:63 - No mode defined for component null
2025-05-18 10:57:11,165 [WARN] ModelIntegratedComponent:63 - No mode defined for component null
2025-05-18 10:57:11,165 [WARN] ModelIntegratedComponent:63 - No mode defined for component null
2025-05-18 10:57:11,165 [WARN] ModelIntegratedComponent:63 - No mode defined for component null
2025-05-18 10:57:11,165 [WARN] ModelIntegratedComponent:63 - No mode defined for component null
2025-05-18 10:57:11,165 [WARN] ModelIntegratedComponent:63 - No mode defined for component null
2025-05-18 10:57:11,165 [WARN] ModelIntegratedComponent:63 - No mode defined for component null
2025-05-18 10:57:11,165 [WARN] ModelIntegratedComponent:63 - No mode defined for component null
2025-05-18 10:57:11,165 [WARN] ModelPack:524 - Component already loaded: STMicroelectronics:HAL Drivers:0.0.0:STMicroelectronics:Device:STMicro_Driver:XSPI:HAL::0.0.1:HAL_XSPI
2025-05-18 10:57:11,237 [WARN] ModelIntegratedComponent:182 - Modes not found for component STMicroelectronics:USB_DEVICE:1.0.0:STMicroelectronics:USB::USB Device:Audio HS::1.0:USB_DEVICE_1_0_RESTRICTED_HS
2025-05-18 10:57:11,237 [WARN] ModelIntegratedComponent:188 - Modes not found for component STMicroelectronics:USB_DEVICE:1.0.0:STMicroelectronics:USB::USB Device:Audio HS::1.0:USB_DEVICE_1_0_RESTRICTED_HS
2025-05-18 10:57:11,237 [WARN] ModelIntegratedComponent:182 - Modes not found for component STMicroelectronics:USB_DEVICE:1.0.0:STMicroelectronics:USB::USB Device:CDC HS::1.0:USB_DEVICE_1_0_RESTRICTED_HS
2025-05-18 10:57:11,237 [WARN] ModelIntegratedComponent:188 - Modes not found for component STMicroelectronics:USB_DEVICE:1.0.0:STMicroelectronics:USB::USB Device:CDC HS::1.0:USB_DEVICE_1_0_RESTRICTED_HS
2025-05-18 10:57:11,237 [WARN] ModelIntegratedComponent:182 - Modes not found for component STMicroelectronics:USB_DEVICE:1.0.0:STMicroelectronics:USB::USB Device:DFU HS::1.0:USB_DEVICE_1_0_RESTRICTED_HS
2025-05-18 10:57:11,237 [WARN] ModelIntegratedComponent:188 - Modes not found for component STMicroelectronics:USB_DEVICE:1.0.0:STMicroelectronics:USB::USB Device:DFU HS::1.0:USB_DEVICE_1_0_RESTRICTED_HS
2025-05-18 10:57:11,237 [WARN] ModelIntegratedComponent:182 - Modes not found for component STMicroelectronics:USB_DEVICE:1.0.0:STMicroelectronics:USB::USB Device:HID HS::1.0:USB_DEVICE_1_0_RESTRICTED_HS
2025-05-18 10:57:11,238 [WARN] ModelIntegratedComponent:188 - Modes not found for component STMicroelectronics:USB_DEVICE:1.0.0:STMicroelectronics:USB::USB Device:HID HS::1.0:USB_DEVICE_1_0_RESTRICTED_HS
2025-05-18 10:57:11,238 [WARN] ModelIntegratedComponent:182 - Modes not found for component STMicroelectronics:USB_DEVICE:1.0.0:STMicroelectronics:USB::USB Device:Custom HID HS::1.0:USB_DEVICE_1_0_RESTRICTED_HS
2025-05-18 10:57:11,238 [WARN] ModelIntegratedComponent:188 - Modes not found for component STMicroelectronics:USB_DEVICE:1.0.0:STMicroelectronics:USB::USB Device:Custom HID HS::1.0:USB_DEVICE_1_0_RESTRICTED_HS
2025-05-18 10:57:11,238 [WARN] ModelIntegratedComponent:182 - Modes not found for component STMicroelectronics:USB_DEVICE:1.0.0:STMicroelectronics:USB::USB Device:MSC HS::1.0:USB_DEVICE_1_0_RESTRICTED_HS
2025-05-18 10:57:11,238 [WARN] ModelIntegratedComponent:188 - Modes not found for component STMicroelectronics:USB_DEVICE:1.0.0:STMicroelectronics:USB::USB Device:MSC HS::1.0:USB_DEVICE_1_0_RESTRICTED_HS
2025-05-18 10:57:11,258 [INFO] ThirdPartyModel:298 - Start build external matchings
2025-05-18 10:57:12,036 [INFO] ThirdPartyModel:316 - End build external matchings
2025-05-18 10:57:12,052 [INFO] ImportTextPane:218 - (OptionalMessage_ERROR) IP (RCC) : Parameter (48MHZClocksFreq_Value) has invalid value (84000000)
2025-05-18 10:57:12,053 [INFO] ImportTextPane:218 - (OptionalMessage_ERROR) IP (RCC) : Parameter (FLatency) has Id (AdvancedSettings) currently not set
2025-05-18 10:57:12,054 [INFO] ImportTextPane:218 - (OptionalMessage_ERROR) IP (RCC) : Parameter (RTCHSEDivFreq_Value) has invalid value (4000000)
2025-05-18 10:57:12,328 [INFO] UtilMem:75 - End LoadConfig() Used Memory: 283719104 Bytes (575668224)
2025-05-18 10:57:12,409 [WARN] ThirdParty:833 - waiting for thirdparty lock release [change project]
2025-05-18 10:57:12,410 [INFO] ThirdParty:835 - entering critical section [change project]
2025-05-18 10:57:12,410 [INFO] ThirdParty:1030 - CMSIS Pack Vendor :STMicroelectronics USBPD 4.1
2025-05-18 10:57:12,410 [INFO] ThirdParty:1030 - CMSIS Pack Vendor :STMicroelectronics X-CUBE-AZRTOS-H7 3.3.0
2025-05-18 10:57:12,410 [INFO] ThirdParty:1030 - CMSIS Pack Vendor :STMicroelectronics X-CUBE-NFC9 1.0.0
2025-05-18 10:57:12,410 [INFO] ThirdParty:1030 - CMSIS Pack Vendor :STMicroelectronics USB_HOST 2.0.0
2025-05-18 10:57:12,410 [INFO] ThirdParty:1030 - CMSIS Pack Vendor :STMicroelectronics FP-SNS-MOTENVWB1 1.4.0
2025-05-18 10:57:12,411 [INFO] ThirdParty:1030 - CMSIS Pack Vendor :STMicroelectronics X-CUBE-AZRTOS-F4 1.1.0
2025-05-18 10:57:12,411 [INFO] ThirdParty:1030 - CMSIS Pack Vendor :STMicroelectronics LIBJPEG 8.0.0
2025-05-18 10:57:12,411 [INFO] ThirdParty:1030 - CMSIS Pack Vendor :STMicroelectronics FP-ATR-ASTRA1 2.0.2
2025-05-18 10:57:12,411 [INFO] ThirdParty:1030 - CMSIS Pack Vendor :STMicroelectronics X-CUBE-BLE1 7.1.0
2025-05-18 10:57:12,411 [INFO] ThirdParty:1030 - CMSIS Pack Vendor :Avnet-IotConnect X-CUBE-IoTC-DA16k-PMOD 1.0.0
2025-05-18 10:57:12,411 [INFO] ThirdParty:1030 - CMSIS Pack Vendor :STMicroelectronics X-CUBE-SMBUS 2.1.0
2025-05-18 10:57:12,411 [INFO] ThirdParty:1030 - CMSIS Pack Vendor :STMicroelectronics X-CUBE-WB05N 1.1.0
2025-05-18 10:57:12,411 [INFO] ThirdParty:1030 - CMSIS Pack Vendor :wolfSSL I-CUBE-wolfMQTT 1.19.2
2025-05-18 10:57:12,412 [INFO] ThirdParty:1030 - CMSIS Pack Vendor :STMicroelectronics USB_DEVICE 3.0.0
2025-05-18 10:57:12,412 [INFO] ThirdParty:1030 - CMSIS Pack Vendor :STMicroelectronics X-CUBE-ISPU 2.1.0
2025-05-18 10:57:12,412 [INFO] ThirdParty:1030 - CMSIS Pack Vendor :STMicroelectronics X-CUBE-AZRTOS-WB 2.0.0
2025-05-18 10:57:12,412 [INFO] ThirdParty:1030 - CMSIS Pack Vendor :STMicroelectronics X-CUBE-GNSS1 7.0.1
2025-05-18 10:57:12,412 [INFO] ThirdParty:1030 - CMSIS Pack Vendor :STMicroelectronics X-CUBE-AZRTOS-F7 1.1.0
2025-05-18 10:57:12,412 [INFO] ThirdParty:1030 - CMSIS Pack Vendor :STMicroelectronics X-CUBE-AZRTOS-L5 2.0.0
2025-05-18 10:57:12,412 [INFO] ThirdParty:1030 - CMSIS Pack Vendor :STMicroelectronics X-CUBE-TOUCHGFX 4.25.0
2025-05-18 10:57:12,413 [INFO] ThirdParty:1030 - CMSIS Pack Vendor :STMicroelectronics USB_DEVICE 2.0.0
2025-05-18 10:57:12,413 [INFO] ThirdParty:1030 - CMSIS Pack Vendor :STMicroelectronics X-CUBE-NFC6 3.1.0
2025-05-18 10:57:12,413 [INFO] ThirdParty:1030 - CMSIS Pack Vendor :STMicroelectronics FP-SNS-STBOX1 2.0.0
2025-05-18 10:57:12,413 [INFO] ThirdParty:1030 - CMSIS Pack Vendor :STMicroelectronics X-CUBE-MEMS1 11.2.0
2025-05-18 10:57:12,413 [INFO] ThirdParty:1030 - CMSIS Pack Vendor :STMicroelectronics FreeRTOS 0.0.1
2025-05-18 10:57:12,413 [INFO] ThirdParty:1030 - CMSIS Pack Vendor :STMicroelectronics X-CUBE-AZRTOS-G0 1.1.0
2025-05-18 10:57:12,413 [INFO] ThirdParty:1030 - CMSIS Pack Vendor :STMicroelectronics X-CUBE-SAFEA1 1.2.2
2025-05-18 10:57:12,413 [INFO] ThirdParty:1030 - CMSIS Pack Vendor :STMicroelectronics X-CUBE-NFC4 3.0.0
2025-05-18 10:57:12,413 [INFO] ThirdParty:1030 - CMSIS Pack Vendor :STMicroelectronics X-CUBE-DPower 1.2.0
2025-05-18 10:57:12,413 [INFO] ThirdParty:1030 - CMSIS Pack Vendor :STMicroelectronics X-CUBE-SUBG2 5.0.0
2025-05-18 10:57:12,413 [INFO] ThirdParty:1030 - CMSIS Pack Vendor :STMicroelectronics X-CUBE-AZRTOS-H7RS 1.1.0
2025-05-18 10:57:12,414 [INFO] ThirdParty:1030 - CMSIS Pack Vendor :STMicroelectronics STM32_WPAN 1.0.0
2025-05-18 10:57:12,414 [INFO] ThirdParty:1030 - CMSIS Pack Vendor :EmbeddedOffice I-CUBE-FS-RTOS 1.0.1
2025-05-18 10:57:12,414 [INFO] ThirdParty:1030 - CMSIS Pack Vendor :STMicroelectronics lwIP 2.0.3
2025-05-18 10:57:12,414 [INFO] ThirdParty:1030 - CMSIS Pack Vendor :STMicroelectronics FP-SNS-FLIGHT1 5.0.2
2025-05-18 10:57:12,414 [INFO] ThirdParty:1030 - CMSIS Pack Vendor :Cesanta I-CUBE-Mongoose 7.13.0
2025-05-18 10:57:12,414 [INFO] ThirdParty:1030 - CMSIS Pack Vendor :STMicroelectronics USB_HOST 1.0.0
2025-05-18 10:57:12,415 [INFO] ThirdParty:1030 - CMSIS Pack Vendor :Infineon AIROC-Wi-Fi-Bluetooth-STM32 1.7.0
2025-05-18 10:57:12,415 [INFO] ThirdParty:1030 - CMSIS Pack Vendor :STMicroelectronics X-CUBE-AZRTOS-G4 2.0.0
2025-05-18 10:57:12,415 [INFO] ThirdParty:1030 - CMSIS Pack Vendor :STMicroelectronics X-CUBE-WB05N 2.0.0
2025-05-18 10:57:12,415 [INFO] ThirdParty:1030 - CMSIS Pack Vendor :STMicroelectronics PDM2PCM 3.1.0
2025-05-18 10:57:12,415 [INFO] ThirdParty:1030 - CMSIS Pack Vendor :STMicroelectronics PDM2PCM 3.3.0
2025-05-18 10:57:12,415 [INFO] ThirdParty:1030 - CMSIS Pack Vendor :wolfSSL I-CUBE-wolfTPM 3.8.0
2025-05-18 10:57:12,416 [INFO] ThirdParty:1030 - CMSIS Pack Vendor :STMicroelectronics X-CUBE-DISPLAY 3.0.0
2025-05-18 10:57:12,416 [INFO] ThirdParty:1030 - CMSIS Pack Vendor :wolfSSL I-CUBE-wolfSSH 1.4.20
2025-05-18 10:57:12,419 [INFO] ThirdParty:1030 - CMSIS Pack Vendor :STMicroelectronics X-CUBE-NFC7 2.0.0
2025-05-18 10:57:12,420 [INFO] ThirdParty:1030 - CMSIS Pack Vendor :STMicroelectronics X-CUBE-TCPP 4.2.0
2025-05-18 10:57:12,420 [INFO] ThirdParty:1030 - CMSIS Pack Vendor :RealThread X-CUBE-RT-Thread_Nano 4.1.1
2025-05-18 10:57:12,421 [INFO] ThirdParty:1030 - CMSIS Pack Vendor :STMicroelectronics X-CUBE-BLE1 7.0.0
2025-05-18 10:57:12,423 [INFO] ThirdParty:1030 - CMSIS Pack Vendor :STMicroelectronics FP-ATR-SIGFOX1 3.2.0
2025-05-18 10:57:12,423 [INFO] ThirdParty:1030 - CMSIS Pack Vendor :STMicroelectronics X-CUBE-NFC10 1.0.0
2025-05-18 10:57:12,423 [INFO] ThirdParty:1030 - CMSIS Pack Vendor :quantropi X-CUBE-qispace-sdk-base 1.9.3
2025-05-18 10:57:12,424 [INFO] ThirdParty:1030 - CMSIS Pack Vendor :STMicroelectronics X-CUBE-BLEMGR 4.0.0
2025-05-18 10:57:12,424 [INFO] ThirdParty:1030 - CMSIS Pack Vendor :STMicroelectronics X-CUBE-EEPRMA1 5.1.0
2025-05-18 10:57:12,424 [INFO] ThirdParty:1030 - CMSIS Pack Vendor :STMicroelectronics X-CUBE-FREERTOS 1.3.1
2025-05-18 10:57:12,424 [INFO] ThirdParty:1030 - CMSIS Pack Vendor :STMicroelectronics HAL Drivers 0.0.0
2025-05-18 10:57:12,424 [INFO] ThirdParty:1030 - CMSIS Pack Vendor :STMicroelectronics MBEDTLS 2.16.2
2025-05-18 10:57:12,424 [INFO] ThirdParty:1030 - CMSIS Pack Vendor :STMicroelectronics X-CUBE-IPS 3.1.0
2025-05-18 10:57:12,424 [INFO] ThirdParty:1030 - CMSIS Pack Vendor :STMicroelectronics X-CUBE-ALS 1.0.2
2025-05-18 10:57:12,424 [INFO] ThirdParty:1030 - CMSIS Pack Vendor :emotas I-CUBE-CANOPEN 1.3.0
2025-05-18 10:57:12,424 [INFO] ThirdParty:1030 - CMSIS Pack Vendor :STMicroelectronics X-CUBE-FREERTOS 1.3.0
2025-05-18 10:57:12,425 [INFO] ThirdParty:1030 - CMSIS Pack Vendor :STMicroelectronics X-CUBE-NFC7 1.0.1
2025-05-18 10:57:12,425 [INFO] ThirdParty:1030 - CMSIS Pack Vendor :STMicroelectronics MBEDTLS 2.14.1
2025-05-18 10:57:12,425 [INFO] ThirdParty:1030 - CMSIS Pack Vendor :wolfSSL I-CUBE-wolfSSL 5.7.6
2025-05-18 10:57:12,425 [INFO] ThirdParty:1030 - CMSIS Pack Vendor :ITTIA_DB I-CUBE-ITTIADB 8.9.0
2025-05-18 10:57:12,425 [INFO] ThirdParty:1030 - CMSIS Pack Vendor :STMicroelectronics X-CUBE-TOUCHGFX 4.24.2
2025-05-18 10:57:12,426 [INFO] ThirdParty:1030 - CMSIS Pack Vendor :portGmbH I-Cube-SoM-uGOAL 1.1.0
2025-05-18 10:57:12,426 [INFO] ThirdParty:1030 - CMSIS Pack Vendor :STMicroelectronics X-CUBE-AI 10.0.0
2025-05-18 10:57:12,426 [INFO] ThirdParty:1030 - CMSIS Pack Vendor :STMicroelectronics ThreadX 1.0.0
2025-05-18 10:57:12,426 [INFO] ThirdParty:1030 - CMSIS Pack Vendor :STMicroelectronics FP-SNS-SMARTAG2 1.2.0
2025-05-18 10:57:12,426 [INFO] ThirdParty:1030 - CMSIS Pack Vendor :STMicroelectronics FP-SNS-FLIGHT1 5.1.0
2025-05-18 10:57:12,426 [INFO] ThirdParty:1030 - CMSIS Pack Vendor :STMicroelectronics X-CUBE-MEMS1 11.1.0
2025-05-18 10:57:12,426 [INFO] ThirdParty:1030 - CMSIS Pack Vendor :STMicroelectronics X-CUBE-AZRTOS-WL 2.0.0
2025-05-18 10:57:12,426 [INFO] ThirdParty:1030 - CMSIS Pack Vendor :SEGGER I-CUBE-embOS 1.3.1
2025-05-18 10:57:12,426 [INFO] ThirdParty:1030 - CMSIS Pack Vendor :STMicroelectronics X-CUBE-ALGOBUILD 1.4.0
2025-05-18 10:57:12,426 [INFO] ThirdParty:1030 - CMSIS Pack Vendor :STMicroelectronics X-CUBE-DPower 1.3.0
2025-05-18 10:57:12,426 [INFO] ThirdParty:1030 - CMSIS Pack Vendor :STMicroelectronics FP-SNS-MOTENV1 5.0.0
2025-05-18 10:57:12,427 [INFO] ThirdParty:1030 - CMSIS Pack Vendor :STMicroelectronics USB_DEVICE 1.0.0
2025-05-18 10:57:12,427 [INFO] ThirdParty:1030 - CMSIS Pack Vendor :STMicroelectronics X-CUBE-AZRTOS-H7RS 1.0.0
2025-05-18 10:57:12,427 [INFO] ThirdParty:1030 - CMSIS Pack Vendor :STMicroelectronics X-CUBE-AZRTOS-L4 2.0.0
2025-05-18 10:57:12,427 [INFO] ThirdParty:1030 - CMSIS Pack Vendor :STMicroelectronics ThreadX 0.0.2
2025-05-18 10:57:12,427 [INFO] ThirdParty:1030 - CMSIS Pack Vendor :WES I-CUBE-Cesium 1.3.0
2025-05-18 10:57:12,427 [INFO] ThirdParty:1030 - CMSIS Pack Vendor :STMicroelectronics lwIP 2.1.2
2025-05-18 10:57:12,427 [INFO] ThirdParty:1030 - CMSIS Pack Vendor :STMicroelectronics X-CUBE-SFXS2LP1 4.0.0
2025-05-18 10:57:12,427 [INFO] ThirdParty:1030 - CMSIS Pack Vendor :STMicroelectronics X-CUBE-BLE2 3.3.0
2025-05-18 10:57:12,428 [INFO] ThirdParty:1030 - CMSIS Pack Vendor :STMicroelectronics X-CUBE-TOF1 3.4.2
2025-05-18 10:57:12,428 [INFO] ThirdParty:1030 - CMSIS Pack Vendor :STMicroelectronics X-CUBE-TOF1 3.4.3
2025-05-18 10:57:12,428 [INFO] ThirdParty:1030 - CMSIS Pack Vendor :STMicroelectronics PDM2PCM 3.2.0
2025-05-18 10:57:12,428 [INFO] ThirdParty:841 - exiting critical section [change project]
2025-05-18 10:57:12,709 [INFO] PinOutPanel:1589 - setPackage(No Configuration,No Configuration)
2025-05-18 10:57:12,710 [INFO] PinOutPanel:1589 - setPackage(STM32F411RETx,LQFP64)
2025-05-18 10:57:12,981 [INFO] UtilMem:75 - Before build in PCC Used Memory: 420758576 Bytes (575668224)
2025-05-18 10:57:13,238 [INFO] UtilMem:75 - After build in PCC Used Memory: 464800864 Bytes (575668224)
2025-05-18 10:57:13,258 [INFO] IPUIPlugin:80 - create IPUIPlugin
2025-05-18 10:57:13,258 [INFO] IPUIPlugin:80 - create IPUIPlugin
2025-05-18 10:57:13,258 [INFO] IPUIPlugin:80 - create IPUIPlugin
2025-05-18 10:57:13,258 [INFO] IPUIPlugin:80 - create IPUIPlugin
2025-05-18 10:57:13,258 [INFO] IPUIPlugin:80 - create IPUIPlugin
2025-05-18 10:57:13,258 [INFO] IPUIPlugin:80 - create IPUIPlugin
2025-05-18 10:57:13,259 [INFO] IPUIPlugin:80 - create IPUIPlugin
2025-05-18 10:57:13,259 [INFO] IPUIPlugin:80 - create IPUIPlugin
2025-05-18 10:57:13,259 [INFO] IPUIPlugin:80 - create IPUIPlugin
2025-05-18 10:57:13,259 [INFO] IPUIPlugin:80 - create IPUIPlugin
2025-05-18 10:57:13,259 [INFO] IPUIPlugin:80 - create IPUIPlugin
2025-05-18 10:57:13,259 [INFO] IPUIPlugin:80 - create IPUIPlugin
2025-05-18 10:57:13,259 [INFO] IPUIPlugin:80 - create IPUIPlugin
2025-05-18 10:57:13,259 [INFO] IPUIPlugin:80 - create IPUIPlugin
2025-05-18 10:57:13,259 [INFO] IPUIPlugin:80 - create IPUIPlugin
2025-05-18 10:57:13,260 [INFO] IPUIPlugin:80 - create IPUIPlugin
2025-05-18 10:57:13,260 [INFO] IPUIPlugin:80 - create IPUIPlugin
2025-05-18 10:57:13,260 [INFO] IPUIPlugin:80 - create IPUIPlugin
2025-05-18 10:57:13,260 [INFO] IPUIPlugin:80 - create IPUIPlugin
2025-05-18 10:57:13,260 [INFO] IPUIPlugin:80 - create IPUIPlugin
2025-05-18 10:57:13,260 [INFO] IPUIPlugin:80 - create IPUIPlugin
2025-05-18 10:57:13,261 [INFO] IPUIPlugin:80 - create IPUIPlugin
2025-05-18 10:57:13,261 [INFO] IPUIPlugin:80 - create IPUIPlugin
2025-05-18 10:57:13,261 [INFO] IPUIPlugin:80 - create IPUIPlugin
2025-05-18 10:57:13,261 [INFO] IPUIPlugin:80 - create IPUIPlugin
2025-05-18 10:57:13,261 [INFO] IPUIPlugin:80 - create IPUIPlugin
2025-05-18 10:57:13,261 [INFO] IPUIPlugin:80 - create IPUIPlugin
2025-05-18 10:57:13,262 [INFO] IPUIPlugin:80 - create IPUIPlugin
2025-05-18 10:57:13,262 [INFO] IPUIPlugin:80 - create IPUIPlugin
2025-05-18 10:57:13,262 [INFO] IPUIPlugin:80 - create IPUIPlugin
2025-05-18 10:57:13,262 [INFO] IPUIPlugin:80 - create IPUIPlugin
2025-05-18 10:57:13,262 [INFO] IPUIPlugin:80 - create IPUIPlugin
2025-05-18 10:57:13,262 [INFO] IPUIPlugin:80 - create IPUIPlugin
2025-05-18 10:57:13,263 [INFO] IPUIPlugin:80 - create IPUIPlugin
2025-05-18 10:57:13,263 [INFO] IPUIPlugin:80 - create IPUIPlugin
2025-05-18 10:57:13,263 [INFO] IPUIPlugin:80 - create IPUIPlugin
2025-05-18 10:57:13,263 [INFO] IPUIPlugin:80 - create IPUIPlugin
2025-05-18 10:57:13,263 [INFO] IPUIPlugin:80 - create IPUIPlugin
2025-05-18 10:57:13,264 [INFO] IPUIPlugin:80 - create IPUIPlugin
2025-05-18 10:57:13,264 [INFO] IPUIPlugin:80 - create IPUIPlugin
2025-05-18 10:57:13,264 [INFO] IPUIPlugin:80 - create IPUIPlugin
2025-05-18 10:57:13,264 [INFO] IPUIPlugin:80 - create IPUIPlugin
2025-05-18 10:57:13,265 [INFO] IPUIPlugin:80 - create IPUIPlugin
2025-05-18 10:57:13,270 [INFO] ApiDbMcu:508 - Load IP Config File for PDM2PCM
2025-05-18 10:57:13,322 [INFO] CADModel:165 - CPN selected for project levelSTM32F411RET6
2025-05-18 10:57:13,322 [INFO] CADModel:114 - Register for checkConnection events
2025-05-18 10:57:13,379 [INFO] OpenFileManager:363 - Restore cursor
2025-05-18 10:57:43,523 [INFO] Gpio:277 - dependency for GPIO [ADC1, RCC, SYS, TIM1, TIM3, USART2]
2025-05-18 11:16:31,510 [ERROR] ConfigurationRetriever:142 - IOException on connection: sw-center.st.com
2025-05-18 11:16:31,511 [ERROR] ConfigurationRetriever:142 - IOException on connection: sw-center.st.com
2025-05-18 11:16:31,512 [ERROR] ConfigurationRetriever:142 - IOException on connection: sw-center.st.com
2025-05-18 11:16:32,421 [ERROR] LogOutputStream:75 - [STDERR_REDIRECT] 
2025-05-18 18:57:36,303 [INFO] Activator:176 - 


2025-05-18 18:57:36,305 [INFO] Activator:177 - !SESSION log4j initialized
2025-05-18 18:57:43,127 [INFO] LogOutputStream:77 - [STDOUT_REDIRECT] 
2025-05-18 18:57:45,493 [INFO] ApplicationProperties:184 - Using Application install path: C:\ST\STM32CubeIDE_1.17.0\STM32CubeIDE\plugins\com.st.stm32cube.common.mx_6.13.0.202411220809
2025-05-18 18:57:45,512 [INFO] DbMcusXml:78 - Set database path to: C:\ST\STM32CubeIDE_1.17.0\STM32CubeIDE\plugins\com.st.stm32cube.common.mx_6.13.0.202411220809\\db\/mcu/
2025-05-18 18:57:45,512 [INFO] ApiDb:274 - Set plugin database path to: C:\ST\STM32CubeIDE_1.17.0\STM32CubeIDE\plugins\com.st.stm32cube.common.mx_6.13.0.202411220809\\db\/plugins/boardmanager/
2025-05-18 18:57:45,513 [WARN] ApiDb:259 - Overriding images path with different value:  => C:\ST\STM32CubeIDE_1.17.0\STM32CubeIDE\plugins\com.st.stm32cube.common.mx_6.13.0.202411220809\\db\/plugins/mcufinder/images/
2025-05-18 18:57:45,523 [INFO] ApiDb:250 - Set database path to: C:\Users\Flori\.stmcufinder\plugins\mcufinder//mcu/
2025-05-18 18:57:45,525 [INFO] DbMcusAds:125 - Set database path to: C:\Users\Flori\.stmcufinder\plugins\mcufinder//mcu/
2025-05-18 18:57:45,528 [INFO] CrossReferenceDbSqlite:203 - Set database path to: C:\Users\Flori\.stmcufinder\plugins\mcufinder//mcu/cs/
2025-05-18 18:57:45,671 [INFO] RulesReader:64 - Compatibility file has been processed (297 Rules)
2025-05-18 18:57:45,774 [INFO] DbMcusXml:78 - Set database path to: C:\ST\STM32CubeIDE_1.17.0\STM32CubeIDE\plugins\com.st.stm32cube.common.mx_6.13.0.202411220809\\db\/mcu/
2025-05-18 18:57:45,774 [INFO] ApiDb:274 - Set plugin database path to: C:\ST\STM32CubeIDE_1.17.0\STM32CubeIDE\plugins\com.st.stm32cube.common.mx_6.13.0.202411220809\\db\/plugins/boardmanager/
2025-05-18 18:57:45,774 [INFO] ApiDb:261 - Set plugin images path to: C:\ST\STM32CubeIDE_1.17.0\STM32CubeIDE\plugins\com.st.stm32cube.common.mx_6.13.0.202411220809\\db\/plugins/mcufinder/images/
2025-05-18 18:57:45,774 [WARN] DbFile:41 - Overriding database path with different value: C:\Users\Flori\.stmcufinder\plugins\mcufinder/ => C:\Users\Flori\.stmcufinder\plugins\mcufinder
2025-05-18 18:57:45,774 [INFO] ApiDb:250 - Set database path to: C:\Users\Flori\.stmcufinder\plugins\mcufinder//mcu/
2025-05-18 18:57:45,775 [WARN] DbFile:41 - Overriding database path with different value: C:\Users\Flori\.stmcufinder\plugins\mcufinder/ => C:\Users\Flori\.stmcufinder\plugins\mcufinder
2025-05-18 18:57:45,775 [INFO] DbMcusAds:125 - Set database path to: C:\Users\Flori\.stmcufinder\plugins\mcufinder//mcu/
2025-05-18 18:57:45,775 [WARN] DbFile:41 - Overriding database path with different value: C:\Users\Flori\.stmcufinder\plugins\mcufinder/ => C:\Users\Flori\.stmcufinder\plugins\mcufinder
2025-05-18 18:57:45,775 [WARN] DbFile:41 - Overriding database path with different value: C:\Users\Flori\.stmcufinder\plugins\mcufinder/ => C:\Users\Flori\.stmcufinder\plugins\mcufinder
2025-05-18 18:57:45,775 [INFO] CrossReferenceDbSqlite:203 - Set database path to: C:\Users\Flori\.stmcufinder\plugins\mcufinder//mcu/cs/
2025-05-18 18:57:45,865 [INFO] MainPanel:272 - HeapMemory: 268435456
2025-05-18 18:57:46,050 [INFO] DbMcusXml:78 - Set database path to: C:\ST\STM32CubeIDE_1.17.0\STM32CubeIDE\plugins\com.st.stm32cube.common.mx_6.13.0.202411220809\\db\/mcu/
2025-05-18 18:57:46,051 [INFO] ApiDb:274 - Set plugin database path to: C:\ST\STM32CubeIDE_1.17.0\STM32CubeIDE\plugins\com.st.stm32cube.common.mx_6.13.0.202411220809\\db\/plugins/boardmanager/
2025-05-18 18:57:46,051 [INFO] ApiDb:261 - Set plugin images path to: C:\ST\STM32CubeIDE_1.17.0\STM32CubeIDE\plugins\com.st.stm32cube.common.mx_6.13.0.202411220809\\db\/plugins/mcufinder/images/
2025-05-18 18:57:46,051 [WARN] DbFile:41 - Overriding database path with different value: C:\Users\Flori\.stmcufinder\plugins\mcufinder/ => C:\Users\Flori\.stmcufinder\plugins\mcufinder
2025-05-18 18:57:46,051 [INFO] ApiDb:250 - Set database path to: C:\Users\Flori\.stmcufinder\plugins\mcufinder//mcu/
2025-05-18 18:57:46,052 [WARN] DbFile:41 - Overriding database path with different value: C:\Users\Flori\.stmcufinder\plugins\mcufinder/ => C:\Users\Flori\.stmcufinder\plugins\mcufinder
2025-05-18 18:57:46,052 [INFO] DbMcusAds:125 - Set database path to: C:\Users\Flori\.stmcufinder\plugins\mcufinder//mcu/
2025-05-18 18:57:46,052 [WARN] DbFile:41 - Overriding database path with different value: C:\Users\Flori\.stmcufinder\plugins\mcufinder/ => C:\Users\Flori\.stmcufinder\plugins\mcufinder
2025-05-18 18:57:46,052 [WARN] DbFile:41 - Overriding database path with different value: C:\Users\Flori\.stmcufinder\plugins\mcufinder/ => C:\Users\Flori\.stmcufinder\plugins\mcufinder
2025-05-18 18:57:46,052 [INFO] CrossReferenceDbSqlite:203 - Set database path to: C:\Users\Flori\.stmcufinder\plugins\mcufinder//mcu/cs/
2025-05-18 18:57:46,073 [INFO] ApplicationProperties:184 - Using Application install path: C:\ST\STM32CubeIDE_1.17.0\STM32CubeIDE\plugins\com.st.stm32cube.common.mx_6.13.0.202411220809
2025-05-18 18:57:46,074 [INFO] PluginManage:196 - Search for loadable plugins [exclusion list=, ]
2025-05-18 18:57:46,075 [INFO] PluginManage:310 - Check plugin analytics
2025-05-18 18:57:46,309 [INFO] AnalyticsPlugin:253 - Accepted Software Licenses: 
2025-05-18 18:57:46,310 [INFO] AnalyticsPlugin:255 - Accepted CMSIS Pack Licenses: 
2025-05-18 18:57:46,310 [INFO] AnalyticsPlugin:257 - Accepted Firmware Licenses: FW.F4.1.28.0
2025-05-18 18:57:46,313 [INFO] PluginManage:359 - Loaded plugin analytics (category:tool,tabindex:-1)
2025-05-18 18:57:46,314 [INFO] PluginManage:310 - Check plugin cadmodel
2025-05-18 18:57:46,338 [INFO] CADModel:105 - Init CAD model plugin
2025-05-18 18:57:46,339 [INFO] PluginManage:359 - Loaded plugin cadmodel (category:power,tabindex:5)
2025-05-18 18:57:46,339 [INFO] PluginManage:310 - Check plugin clock
2025-05-18 18:57:46,371 [INFO] PluginManage:359 - Loaded plugin clock (category:base,tabindex:2)
2025-05-18 18:57:46,372 [INFO] PluginManage:310 - Check plugin ddr
2025-05-18 18:57:46,375 [INFO] PluginManage:359 - Loaded plugin ddr (category:tool,tabindex:6)
2025-05-18 18:57:46,376 [INFO] PluginManage:310 - Check plugin filemanager
2025-05-18 18:57:46,539 [INFO] PluginManage:359 - Loaded plugin filemanager (category:base,tabindex:10)
2025-05-18 18:57:46,539 [INFO] PluginManage:310 - Check plugin ipmanager
2025-05-18 18:57:46,545 [INFO] PluginManage:359 - Loaded plugin ipmanager (category:base,tabindex:5)
2025-05-18 18:57:46,545 [INFO] PluginManage:310 - Check plugin lpbam
2025-05-18 18:57:46,564 [INFO] PluginManage:359 - Loaded plugin lpbam (category:base,tabindex:0)
2025-05-18 18:57:46,564 [INFO] PluginManage:310 - Check plugin memorymap
2025-05-18 18:57:46,596 [INFO] PluginManage:359 - Loaded plugin memorymap (category:base,tabindex:4)
2025-05-18 18:57:46,596 [INFO] PluginManage:310 - Check plugin pinoutandconfiguration
2025-05-18 18:57:46,620 [INFO] PluginManage:359 - Loaded plugin pinoutandconfiguration (category:base,tabindex:1)
2025-05-18 18:57:46,620 [INFO] PluginManage:310 - Check plugin pinoutconfig
2025-05-18 18:57:46,724 [WARN] SupportedApi:132 - Cannot load RTOS API schema: s4s-elt-must-match.1: The content of 'definitions' must match (annotation?, (simpleType | complexType)?, (unique | key | keyref)*)). A problem was found starting at: attribute.
2025-05-18 18:57:46,889 [INFO] PluginManage:359 - Loaded plugin pinoutconfig (category:base,tabindex:0)
2025-05-18 18:57:46,889 [INFO] PluginManage:310 - Check plugin power
2025-05-18 18:57:46,911 [INFO] PluginManage:359 - Loaded plugin power (category:power,tabindex:4)
2025-05-18 18:57:46,911 [INFO] PluginManage:310 - Check plugin projectmanager
2025-05-18 18:57:46,929 [INFO] PluginManage:359 - Loaded plugin projectmanager (category:projectmanager,tabindex:4)
2025-05-18 18:57:46,929 [INFO] PluginManage:310 - Check plugin rif
2025-05-18 18:57:46,950 [INFO] PluginManage:359 - Loaded plugin rif (category:base,tabindex:3)
2025-05-18 18:57:46,950 [INFO] PluginManage:310 - Check plugin thirdparty
2025-05-18 18:57:47,294 [WARN] IntegrityCheckThread:84 - waiting for thirdparty lock release [integrity check]
2025-05-18 18:57:47,294 [INFO] PluginManage:359 - Loaded plugin thirdparty (category:base,tabindex:-1)
2025-05-18 18:57:47,294 [INFO] IntegrityCheckThread:86 - entering critical section [integrity check]
2025-05-18 18:57:47,294 [INFO] PluginManage:310 - Check plugin tools
2025-05-18 18:57:47,295 [INFO] ThirdPartyUpdaterWithRetryManager:70 - Updater plugin not ready yet. [1/15]
2025-05-18 18:57:47,341 [INFO] PluginManage:359 - Loaded plugin tools (category:base,tabindex:7)
2025-05-18 18:57:47,341 [INFO] PluginManage:310 - Check plugin tutovideos
2025-05-18 18:57:47,565 [INFO] PluginManage:359 - Loaded plugin tutovideos (category:base,tabindex:-1)
2025-05-18 18:57:47,565 [INFO] PluginManage:310 - Check plugin updater
2025-05-18 18:57:47,587 [INFO] PluginManage:359 - Loaded plugin updater (category:base,tabindex:12)
2025-05-18 18:57:47,587 [INFO] PluginManage:310 - Check plugin userauth
2025-05-18 18:57:47,591 [INFO] UserAuth:118 - Init User Auth plugin
2025-05-18 18:57:47,592 [INFO] PluginManage:359 - Loaded plugin userauth (category:base,tabindex:14)
2025-05-18 18:57:47,592 [INFO] PluginManage:283 - PluginManage : Loaded plugins [18]
2025-05-18 18:57:47,828 [INFO] PinOutPanel:1589 - setPackage(No Configuration,No Configuration)
2025-05-18 18:57:47,912 [INFO] CADModel:165 - CPN selected for project level
2025-05-18 18:57:47,912 [INFO] CADModel:114 - Register for checkConnection events
2025-05-18 18:57:47,948 [INFO] IPUIPlugin:80 - create IPUIPlugin
2025-05-18 18:57:47,948 [INFO] PluginManager:220 - loadIPPluginJar : add adc
2025-05-18 18:57:47,997 [INFO] IPUIPlugin:80 - create IPUIPlugin
2025-05-18 18:57:47,997 [INFO] PluginManager:220 - loadIPPluginJar : add aes
2025-05-18 18:57:48,047 [INFO] IPUIPlugin:80 - create IPUIPlugin
2025-05-18 18:57:48,047 [INFO] PluginManager:220 - loadIPPluginJar : add can
2025-05-18 18:57:48,077 [INFO] IPUIPlugin:80 - create IPUIPlugin
2025-05-18 18:57:48,077 [INFO] PluginManager:220 - loadIPPluginJar : add comp
2025-05-18 18:57:48,121 [INFO] IPUIPlugin:80 - create IPUIPlugin
2025-05-18 18:57:48,122 [INFO] PluginManager:220 - loadIPPluginJar : add cryp
2025-05-18 18:57:48,139 [INFO] IPUIPlugin:80 - create IPUIPlugin
2025-05-18 18:57:48,139 [INFO] PluginManager:220 - loadIPPluginJar : add ddr_ctrl_phy
2025-05-18 18:57:48,183 [INFO] IPUIPlugin:80 - create IPUIPlugin
2025-05-18 18:57:48,183 [INFO] PluginManager:220 - loadIPPluginJar : add dfsdm
2025-05-18 18:57:48,200 [INFO] IPUIPlugin:80 - create IPUIPlugin
2025-05-18 18:57:48,200 [INFO] PluginManager:220 - loadIPPluginJar : add dma
2025-05-18 18:57:48,263 [INFO] IPUIPlugin:80 - create IPUIPlugin
2025-05-18 18:57:48,264 [INFO] PluginManager:220 - loadIPPluginJar : add dma3
2025-05-18 18:57:48,337 [INFO] IPUIPlugin:80 - create IPUIPlugin
2025-05-18 18:57:48,337 [INFO] PluginManager:220 - loadIPPluginJar : add extmemmanager
2025-05-18 18:57:48,391 [INFO] IPUIPlugin:80 - create IPUIPlugin
2025-05-18 18:57:48,392 [INFO] PluginManager:220 - loadIPPluginJar : add fatfs
2025-05-18 18:57:48,485 [INFO] IPUIPlugin:80 - create IPUIPlugin
2025-05-18 18:57:48,485 [INFO] PluginManager:220 - loadIPPluginJar : add fmc
2025-05-18 18:57:48,504 [INFO] IPUIPlugin:80 - create IPUIPlugin
2025-05-18 18:57:48,504 [INFO] PluginManager:220 - loadIPPluginJar : add freertos
2025-05-18 18:57:48,533 [INFO] IPUIPlugin:80 - create IPUIPlugin
2025-05-18 18:57:48,533 [INFO] PluginManager:220 - loadIPPluginJar : add genericplugin
2025-05-18 18:57:48,648 [INFO] IPUIPlugin:80 - create IPUIPlugin
2025-05-18 18:57:48,648 [INFO] PluginManager:220 - loadIPPluginJar : add gfxmmu
2025-05-18 18:57:48,803 [INFO] IPUIPlugin:80 - create IPUIPlugin
2025-05-18 18:57:48,804 [INFO] PluginManager:220 - loadIPPluginJar : add gic
2025-05-18 18:57:48,829 [INFO] IPUIPlugin:80 - create IPUIPlugin
2025-05-18 18:57:48,829 [INFO] PluginManager:220 - loadIPPluginJar : add gpio
2025-05-18 18:57:48,934 [INFO] IPUIPlugin:80 - create IPUIPlugin
2025-05-18 18:57:48,934 [INFO] PluginManager:220 - loadIPPluginJar : add gtzc
2025-05-18 18:57:48,970 [INFO] IPUIPlugin:80 - create IPUIPlugin
2025-05-18 18:57:48,970 [INFO] PluginManager:220 - loadIPPluginJar : add hash
2025-05-18 18:57:49,029 [INFO] IPUIPlugin:80 - create IPUIPlugin
2025-05-18 18:57:49,029 [INFO] PluginManager:220 - loadIPPluginJar : add i2c
2025-05-18 18:57:49,086 [INFO] IPUIPlugin:80 - create IPUIPlugin
2025-05-18 18:57:49,086 [INFO] PluginManager:220 - loadIPPluginJar : add i2s
2025-05-18 18:57:49,134 [INFO] IPUIPlugin:80 - create IPUIPlugin
2025-05-18 18:57:49,134 [INFO] PluginManager:220 - loadIPPluginJar : add i3c
2025-05-18 18:57:49,248 [INFO] IPUIPlugin:80 - create IPUIPlugin
2025-05-18 18:57:49,248 [INFO] PluginManager:220 - loadIPPluginJar : add ipddr
2025-05-18 18:57:49,372 [INFO] IPUIPlugin:80 - create IPUIPlugin
2025-05-18 18:57:49,372 [INFO] PluginManager:220 - loadIPPluginJar : add linkedlist
2025-05-18 18:57:49,412 [INFO] IPUIPlugin:80 - create IPUIPlugin
2025-05-18 18:57:49,412 [INFO] PluginManager:220 - loadIPPluginJar : add lorawan
2025-05-18 18:57:49,454 [INFO] IPUIPlugin:80 - create IPUIPlugin
2025-05-18 18:57:49,454 [INFO] PluginManager:220 - loadIPPluginJar : add ltdc
2025-05-18 18:57:49,467 [INFO] IPUIPlugin:80 - create IPUIPlugin
2025-05-18 18:57:49,468 [INFO] PluginManager:220 - loadIPPluginJar : add mdma
2025-05-18 18:57:49,480 [INFO] IPUIPlugin:80 - create IPUIPlugin
2025-05-18 18:57:49,481 [INFO] PluginManager:220 - loadIPPluginJar : add nvic
2025-05-18 18:57:49,526 [INFO] IPUIPlugin:80 - create IPUIPlugin
2025-05-18 18:57:49,526 [INFO] PluginManager:220 - loadIPPluginJar : add opamp
2025-05-18 18:57:49,596 [INFO] IPUIPlugin:80 - create IPUIPlugin
2025-05-18 18:57:49,596 [INFO] PluginManager:220 - loadIPPluginJar : add openamp
2025-05-18 18:57:49,680 [INFO] IPUIPlugin:80 - create IPUIPlugin
2025-05-18 18:57:49,680 [INFO] PluginManager:220 - loadIPPluginJar : add pdm2pcm
2025-05-18 18:57:49,702 [INFO] IPUIPlugin:80 - create IPUIPlugin
2025-05-18 18:57:49,704 [INFO] PluginManager:220 - loadIPPluginJar : add plateformsettings
2025-05-18 18:57:49,732 [INFO] IPUIPlugin:80 - create IPUIPlugin
2025-05-18 18:57:49,732 [INFO] PluginManager:220 - loadIPPluginJar : add quadspi
2025-05-18 18:57:49,762 [INFO] IPUIPlugin:80 - create IPUIPlugin
2025-05-18 18:57:49,763 [INFO] PluginManager:220 - loadIPPluginJar : add radio
2025-05-18 18:57:49,777 [INFO] IPUIPlugin:80 - create IPUIPlugin
2025-05-18 18:57:49,777 [INFO] PluginManager:220 - loadIPPluginJar : add resmgrutility
2025-05-18 18:57:49,830 [INFO] IPUIPlugin:80 - create IPUIPlugin
2025-05-18 18:57:49,830 [INFO] PluginManager:220 - loadIPPluginJar : add sai
2025-05-18 18:57:49,901 [INFO] IPUIPlugin:80 - create IPUIPlugin
2025-05-18 18:57:49,901 [INFO] PluginManager:220 - loadIPPluginJar : add spi
2025-05-18 18:57:50,005 [INFO] IPUIPlugin:80 - create IPUIPlugin
2025-05-18 18:57:50,005 [INFO] PluginManager:220 - loadIPPluginJar : add stm32_wpan
2025-05-18 18:57:50,054 [INFO] IPUIPlugin:80 - create IPUIPlugin
2025-05-18 18:57:50,054 [INFO] PluginManager:220 - loadIPPluginJar : add tim
2025-05-18 18:57:50,122 [INFO] IPUIPlugin:80 - create IPUIPlugin
2025-05-18 18:57:50,122 [INFO] PluginManager:220 - loadIPPluginJar : add touchsensing
2025-05-18 18:57:50,168 [INFO] IPUIPlugin:80 - create IPUIPlugin
2025-05-18 18:57:50,168 [INFO] PluginManager:220 - loadIPPluginJar : add tracer_emb
2025-05-18 18:57:50,196 [INFO] IPUIPlugin:80 - create IPUIPlugin
2025-05-18 18:57:50,196 [INFO] PluginManager:220 - loadIPPluginJar : add ts
2025-05-18 18:57:50,222 [INFO] IPUIPlugin:80 - create IPUIPlugin
2025-05-18 18:57:50,222 [INFO] PluginManager:220 - loadIPPluginJar : add tsc
2025-05-18 18:57:50,247 [INFO] IPUIPlugin:80 - create IPUIPlugin
2025-05-18 18:57:50,247 [INFO] PluginManager:220 - loadIPPluginJar : add ucpd
2025-05-18 18:57:50,295 [INFO] ThirdPartyUpdaterWithRetryManager:70 - Updater plugin not ready yet. [2/15]
2025-05-18 18:57:50,299 [INFO] IPUIPlugin:80 - create IPUIPlugin
2025-05-18 18:57:50,299 [INFO] PluginManager:220 - loadIPPluginJar : add usart
2025-05-18 18:57:50,349 [INFO] IPUIPlugin:80 - create IPUIPlugin
2025-05-18 18:57:50,349 [INFO] PluginManager:220 - loadIPPluginJar : add usbx
2025-05-18 18:57:50,473 [FATAL] Updater:351 - Updater called before beeing initialized
2025-05-18 18:57:50,510 [INFO] RulesReader:64 - Compatibility file has been processed (297 Rules)
2025-05-18 18:57:50,522 [INFO] RulesReader:64 - Compatibility file has been processed (297 Rules)
2025-05-18 18:57:50,531 [INFO] CADModel:165 - CPN selected for project level
2025-05-18 18:57:50,531 [INFO] CADModel:114 - Register for checkConnection events
2025-05-18 18:57:50,531 [FATAL] Updater:351 - Updater called before beeing initialized
2025-05-18 18:57:50,532 [ERROR] CADModel:125 - Updater not yet initialized, retry later 
2025-05-18 18:57:50,698 [FATAL] Updater:351 - Updater called before beeing initialized
2025-05-18 18:57:50,700 [INFO] CADModel:165 - CPN selected for project level
2025-05-18 18:57:50,701 [INFO] CADModel:114 - Register for checkConnection events
2025-05-18 18:57:50,701 [FATAL] Updater:351 - Updater called before beeing initialized
2025-05-18 18:57:50,701 [ERROR] CADModel:125 - Updater not yet initialized, retry later 
2025-05-18 18:57:50,704 [FATAL] Updater:351 - Updater called before beeing initialized
2025-05-18 18:57:50,822 [FATAL] Updater:351 - Updater called before beeing initialized
2025-05-18 18:57:50,835 [INFO] DbMcusAds:53 - JSON generation date=Thu Mar 06 15:54:22 CET 2025 (1741272862204)
2025-05-18 18:57:50,836 [FATAL] Updater:351 - Updater called before beeing initialized
2025-05-18 18:57:50,879 [WARN] DetailPanel:346 - Failed to get advertising image, set to default
2025-05-18 18:57:51,094 [FATAL] Updater:351 - Updater called before beeing initialized
2025-05-18 18:57:51,096 [FATAL] Updater:351 - Updater called before beeing initialized
2025-05-18 18:57:51,096 [FATAL] Updater:351 - Updater called before beeing initialized
2025-05-18 18:57:51,096 [WARN] DetailPanel:346 - Failed to get advertising image, set to default
2025-05-18 18:57:51,097 [FATAL] Updater:351 - Updater called before beeing initialized
2025-05-18 18:57:51,160 [ERROR] Updater:1198 - MainUpdater not yet initialized. External WinMGr cannot be set.
2025-05-18 18:57:51,170 [INFO] Updater:1134 - Updater Version found : 6.13.0
2025-05-18 18:57:51,188 [INFO] ApplicationProperties:184 - Using Application install path: C:\ST\STM32CubeIDE_1.17.0\STM32CubeIDE\plugins\com.st.stm32cube.common.mx_6.13.0.202411220809
2025-05-18 18:57:52,784 [ERROR] LogOutputStream:75 - [STDERR_REDIRECT] May 18, 2025 6:57:52 PM java.util.prefs.WindowsPreferences <init>
2025-05-18 18:57:52,785 [ERROR] LogOutputStream:75 - [STDERR_REDIRECT] WARNING: Could not open/create prefs root node Software\JavaSoft\Prefs at root 0xffffffff80000002. Windows RegCreateKeyEx(...) returned error code 5.
2025-05-18 18:57:52,785 [ERROR] LogOutputStream:75 - [STDERR_REDIRECT] 
2025-05-18 18:57:53,169 [INFO] MainUpdater:2872 - connection check result : 10
2025-05-18 18:57:53,169 [INFO] MainUpdater:3566 - Updater definition file requires update
2025-05-18 18:57:53,170 [INFO] MainUpdater:289 - Updater Check For Update Now.
2025-05-18 18:57:53,170 [INFO] MicroXplorer:498 - Change Database Version : DB.6.0.130
2025-05-18 18:57:53,207 [INFO] McuFinderGlobals:63 - Set McuFinder mode to 2 (CubeIDE integrated)
2025-05-18 18:57:53,216 [INFO] UserAuth:486 - Internet connection configuration mode: 1
2025-05-18 18:57:53,249 [INFO] JxBrowserEngine:152 - Initiate JxBrowser Engine with user profile folder
2025-05-18 18:57:53,258 [INFO] ServerAccessManage:473 - Download File updaters.zip
2025-05-18 18:57:53,296 [WARN] MainUpdater:1193 - Updater busy. Cannot search thirdparties
2025-05-18 18:57:53,296 [INFO] ThirdPartyUpdaterWithRetryManager:96 - Updater plugin is busy. [1/15]
2025-05-18 18:57:53,386 [INFO] FileExtend:240 - Unzip File : updaters.zip
2025-05-18 18:57:53,386 [INFO] FileExtend:255 - Standard Zip Deflate
2025-05-18 18:57:54,123 [INFO] ServerAccessManage:473 - Download File PacksControlFlags.xml
2025-05-18 18:57:54,277 [INFO] ServerAccessManage:473 - Download File cubemx.pidx
2025-05-18 18:57:54,578 [INFO] LoadServerUpdatesThread:375 - End of LoadServerUpdate Thread
2025-05-18 18:57:54,842 [INFO] CheckServerUpdateThread:120 - End of CheckServer Thread
2025-05-18 18:57:55,529 [INFO] WebApp:168 - Instantiating new browser for Auth
2025-05-18 18:57:56,653 [WARN] PackLoader:240 - Cannot read IP mode file for STMicroelectronics.FP-SNS-MOTENVWB1.1.4.0
2025-05-18 18:57:56,677 [WARN] PackLoader:240 - Cannot read IP mode file for STMicroelectronics.FP-ATR-ASTRA1.2.0.2
2025-05-18 18:57:56,699 [WARN] PackLoader:240 - Cannot read IP mode file for STMicroelectronics.X-CUBE-SMBUS.2.1.0
2025-05-18 18:57:56,725 [WARN] PackLoader:240 - Cannot read IP mode file for STMicroelectronics.X-CUBE-WB05N.1.1.0
2025-05-18 18:57:56,860 [WARN] PackLoader:240 - Cannot read IP mode file for STMicroelectronics.X-CUBE-AZRTOS-F7.1.1.0
2025-05-18 18:57:56,895 [WARN] PackLoader:240 - Cannot read IP mode file for STMicroelectronics.FP-SNS-FLIGHT1.5.0.2
2025-05-18 18:57:56,981 [WARN] PackLoader:240 - Cannot read IP mode file for Infineon.AIROC-Wi-Fi-Bluetooth-STM32.1.7.0
2025-05-18 18:57:57,026 [WARN] PackLoader:240 - Cannot read IP mode file for STMicroelectronics.X-CUBE-DISPLAY.3.0.0
2025-05-18 18:57:57,069 [WARN] PackLoader:240 - Cannot read IP mode file for STMicroelectronics.X-CUBE-BLE1.7.0.0
2025-05-18 18:57:57,077 [INFO] WebApp:449 - Apply proxy settings
2025-05-18 18:57:57,078 [INFO] WebApp:534 - Chromium requires no authentication
2025-05-18 18:57:57,101 [WARN] PackLoader:240 - Cannot read IP mode file for STMicroelectronics.X-CUBE-NFC10.1.0.0
2025-05-18 18:57:57,104 [INFO] WebApp:477 - Direct internet connection detected
2025-05-18 18:57:57,156 [WARN] PackLoader:240 - Cannot read IP mode file for STMicroelectronics.X-CUBE-BLEMGR.4.0.0
2025-05-18 18:57:57,177 [INFO] WebApp:880 - Register for checkConnection events
2025-05-18 18:57:57,177 [INFO] WebApp:449 - Apply proxy settings
2025-05-18 18:57:57,178 [INFO] WebApp:534 - Chromium requires no authentication
2025-05-18 18:57:57,178 [INFO] WebApp:477 - Direct internet connection detected
2025-05-18 18:57:57,191 [WARN] PackLoader:240 - Cannot read IP mode file for emotas.I-CUBE-CANOPEN.1.3.0
2025-05-18 18:57:57,216 [WARN] PackLoader:240 - Cannot read IP mode file for STMicroelectronics.X-CUBE-AI.10.0.0
2025-05-18 18:57:57,242 [WARN] PackLoader:240 - Cannot read IP mode file for STMicroelectronics.FP-SNS-SMARTAG2.1.2.0
2025-05-18 18:57:57,267 [WARN] PackLoader:240 - Cannot read IP mode file for STMicroelectronics.FP-SNS-FLIGHT1.5.1.0
2025-05-18 18:57:57,392 [WARN] PackLoader:240 - Cannot read IP mode file for STMicroelectronics.X-CUBE-MEMS1.11.1.0
2025-05-18 18:57:57,429 [INFO] WebApp:187 - Connection restablished
2025-05-18 18:57:57,702 [INFO] LogOutputStream:77 - [STDOUT_REDIRECT] 1 : Invalid condition id : UX_CORESTACK_Condition cause : null
2025-05-18 18:57:57,703 [INFO] LogOutputStream:77 - [STDOUT_REDIRECT] 1 : Invalid condition id : UX_CORESTACK_Condition cause : null
2025-05-18 18:57:57,706 [INFO] LogOutputStream:77 - [STDOUT_REDIRECT] 1 : Invalid condition id : UX_CORESTACK_Condition cause : null
2025-05-18 18:57:57,709 [INFO] LogOutputStream:77 - [STDOUT_REDIRECT] 1 : Invalid condition id : UX_CORESTACK_Condition cause : null
2025-05-18 18:57:57,711 [INFO] LogOutputStream:77 - [STDOUT_REDIRECT] 1 : Invalid condition id : UX_CORESTACK_Condition cause : null
2025-05-18 18:57:57,713 [INFO] WebApp:221 - Starting web application
2025-05-18 18:57:57,713 [INFO] WebApp:579 - Web application path used C:\ST\STM32CubeIDE_1.17.0\STM32CubeIDE\plugins\com.st.stm32cube.common.mx_6.13.0.202411220809\db\plugins\mcufinder\reactClient1\index.html
2025-05-18 18:57:57,717 [WARN] PackLoader:240 - Cannot read IP mode file for STMicroelectronics.X-CUBE-AZRTOS-WL.2.0.0
2025-05-18 18:57:57,746 [WARN] PackLoader:240 - Cannot read IP mode file for STMicroelectronics.FP-SNS-MOTENV1.5.0.0
2025-05-18 18:57:57,777 [WARN] PackLoader:240 - Cannot read IP mode file for WES.I-CUBE-Cesium.1.3.0
2025-05-18 18:57:57,802 [WARN] PackLoader:240 - Cannot read IP mode file for STMicroelectronics.X-CUBE-BLE2.3.3.0
2025-05-18 18:57:57,833 [WARN] PackLoader:240 - Cannot read IP mode file for STMicroelectronics.X-CUBE-NFC9.1.0.0
2025-05-18 18:57:57,859 [WARN] PackLoader:240 - Cannot read IP mode file for STMicroelectronics.X-CUBE-BLE1.7.1.0
2025-05-18 18:57:57,883 [WARN] PackLoader:240 - Cannot read IP mode file for wolfSSL.I-CUBE-wolfMQTT.1.19.2
2025-05-18 18:57:57,990 [WARN] PackLoader:240 - Cannot read IP mode file for STMicroelectronics.X-CUBE-MEMS1.11.2.0
2025-05-18 18:57:58,207 [WARN] PackLoader:240 - Cannot read IP mode file for STMicroelectronics.X-CUBE-AZRTOS-G0.1.1.0
2025-05-18 18:57:58,219 [INFO] UserAuth:486 - Internet connection configuration mode: 1
2025-05-18 18:57:58,241 [WARN] PackLoader:240 - Cannot read IP mode file for STMicroelectronics.X-CUBE-SAFEA1.1.2.2
2025-05-18 18:57:58,271 [WARN] PackLoader:240 - Cannot read IP mode file for STMicroelectronics.X-CUBE-NFC4.3.0.0
2025-05-18 18:57:58,305 [WARN] PackLoader:240 - Cannot read IP mode file for EmbeddedOffice.I-CUBE-FS-RTOS.1.0.1
2025-05-18 18:57:58,333 [WARN] PackLoader:240 - Cannot read IP mode file for STMicroelectronics.X-CUBE-WB05N.2.0.0
2025-05-18 18:57:58,360 [WARN] PackLoader:240 - Cannot read IP mode file for wolfSSL.I-CUBE-wolfTPM.3.8.0
2025-05-18 18:57:58,389 [WARN] PackLoader:240 - Cannot read IP mode file for STMicroelectronics.X-CUBE-TCPP.4.2.0
2025-05-18 18:57:58,416 [WARN] PackLoader:240 - Cannot read IP mode file for RealThread.X-CUBE-RT-Thread_Nano.4.1.1
2025-05-18 18:57:58,465 [WARN] PackLoader:240 - Cannot read IP mode file for STMicroelectronics.FP-ATR-SIGFOX1.3.2.0
2025-05-18 18:57:58,512 [WARN] ConditionMgr:438 - getConditionDescription Invalid condition id : Cortex-A Device cause : null
2025-05-18 18:57:58,584 [WARN] ConditionMgr:1044 - genDependencies : Invalid condition id : Cortex-A Device cause : null
2025-05-18 18:57:58,584 [WARN] ConditionMgr:1044 - genDependencies : Invalid condition id : Cortex-A Device cause : null
2025-05-18 18:57:58,585 [WARN] ConditionMgr:1044 - genDependencies : Invalid condition id : Cortex-A Device cause : null
2025-05-18 18:57:58,622 [WARN] PackLoader:240 - Cannot read IP mode file for STMicroelectronics.X-CUBE-EEPRMA1.5.1.0
2025-05-18 18:57:58,648 [WARN] PackLoader:240 - Cannot read IP mode file for wolfSSL.I-CUBE-wolfSSL.5.7.6
2025-05-18 18:57:58,674 [WARN] PackLoader:240 - Cannot read IP mode file for ITTIA_DB.I-CUBE-ITTIADB.8.9.0
2025-05-18 18:57:58,730 [WARN] PackLoader:240 - Cannot read IP mode file for SEGGER.I-CUBE-embOS.1.3.1
2025-05-18 18:57:58,806 [WARN] PackLoader:240 - Cannot read IP mode file for STMicroelectronics.X-CUBE-ALGOBUILD.1.4.0
2025-05-18 18:57:58,857 [WARN] PackLoader:240 - Cannot read IP mode file for STMicroelectronics.X-CUBE-AZRTOS-F4.1.1.0
2025-05-18 18:57:58,886 [WARN] PackLoader:240 - Cannot read IP mode file for Avnet-IotConnect.X-CUBE-IoTC-DA16k-PMOD.1.0.0
2025-05-18 18:57:58,911 [WARN] PackLoader:240 - Cannot read IP mode file for STMicroelectronics.X-CUBE-ISPU.2.1.0
2025-05-18 18:57:58,961 [WARN] PackLoader:240 - Cannot read IP mode file for STMicroelectronics.X-CUBE-AZRTOS-L5.2.0.0
2025-05-18 18:57:58,995 [WARN] PackLoader:240 - Cannot read IP mode file for STMicroelectronics.X-CUBE-NFC6.3.1.0
2025-05-18 18:57:59,022 [WARN] PackLoader:240 - Cannot read IP mode file for STMicroelectronics.X-CUBE-DPower.1.2.0
2025-05-18 18:57:59,049 [WARN] PackLoader:240 - Cannot read IP mode file for STMicroelectronics.X-CUBE-FREERTOS.1.3.1
2025-05-18 18:57:59,074 [WARN] PackLoader:240 - Cannot read IP mode file for STMicroelectronics.X-CUBE-FREERTOS.1.3.0
2025-05-18 18:57:59,099 [WARN] PackLoader:240 - Cannot read IP mode file for STMicroelectronics.X-CUBE-NFC7.1.0.1
2025-05-18 18:57:59,126 [WARN] PackLoader:240 - Cannot read IP mode file for STMicroelectronics.X-CUBE-DPower.1.3.0
2025-05-18 18:57:59,175 [WARN] ConditionMgr:438 - getConditionDescription Invalid condition id : LAN8742 Phy interface Condition cause : null
2025-05-18 18:57:59,176 [WARN] PackLoader:240 - Cannot read IP mode file for STMicroelectronics.X-CUBE-AZRTOS-L4.2.0.0
2025-05-18 18:57:59,178 [WARN] ConditionMgr:1044 - genDependencies : Invalid condition id : LAN8742 Phy interface Condition cause : null
2025-05-18 18:57:59,178 [WARN] ConditionMgr:1044 - genDependencies : Invalid condition id : LAN8742 Phy interface Condition cause : null
2025-05-18 18:57:59,179 [WARN] ConditionMgr:1044 - genDependencies : Invalid condition id : LAN8742 Phy interface Condition cause : null
2025-05-18 18:57:59,207 [WARN] PackLoader:240 - Cannot read IP mode file for STMicroelectronics.X-CUBE-SFXS2LP1.4.0.0
2025-05-18 18:57:59,261 [WARN] PackLoader:240 - Cannot read IP mode file for STMicroelectronics.X-CUBE-AZRTOS-H7.3.3.0
2025-05-18 18:57:59,308 [WARN] ConditionMgr:438 - getConditionDescription Invalid condition id : UX DEVICE CLASS RTOS Condition cause : null
2025-05-18 18:57:59,308 [WARN] ConditionMgr:438 - getConditionDescription Invalid condition id : UX DEVICE CLASS RTOS Condition cause : null
2025-05-18 18:57:59,311 [WARN] PackLoader:240 - Cannot read IP mode file for STMicroelectronics.X-CUBE-AZRTOS-WB.2.0.0
2025-05-18 18:57:59,312 [WARN] ConditionMgr:1044 - genDependencies : Invalid condition id : UX DEVICE CLASS RTOS Condition cause : null
2025-05-18 18:57:59,312 [WARN] ConditionMgr:1044 - genDependencies : Invalid condition id : UX DEVICE CLASS RTOS Condition cause : null
2025-05-18 18:57:59,313 [WARN] ConditionMgr:1044 - genDependencies : Invalid condition id : UX DEVICE CLASS RTOS Condition cause : null
2025-05-18 18:57:59,314 [WARN] ConditionMgr:1044 - genDependencies : Invalid condition id : UX DEVICE CLASS RTOS Condition cause : null
2025-05-18 18:57:59,314 [WARN] ConditionMgr:1044 - genDependencies : Invalid condition id : UX DEVICE CLASS RTOS Condition cause : null
2025-05-18 18:57:59,340 [WARN] PackLoader:240 - Cannot read IP mode file for STMicroelectronics.X-CUBE-GNSS1.7.0.1
2025-05-18 18:57:59,366 [WARN] PackLoader:240 - Cannot read IP mode file for STMicroelectronics.X-CUBE-TOUCHGFX.4.25.0
2025-05-18 18:57:59,392 [WARN] PackLoader:240 - Cannot read IP mode file for STMicroelectronics.FP-SNS-STBOX1.2.0.0
2025-05-18 18:57:59,427 [WARN] PackLoader:240 - Cannot read IP mode file for STMicroelectronics.X-CUBE-SUBG2.5.0.0
2025-05-18 18:57:59,485 [WARN] PackLoader:240 - Cannot read IP mode file for STMicroelectronics.X-CUBE-AZRTOS-H7RS.1.1.0
2025-05-18 18:57:59,512 [WARN] PackLoader:240 - Cannot read IP mode file for Cesanta.I-CUBE-Mongoose.7.13.0
2025-05-18 18:57:59,554 [WARN] PackLoader:240 - Cannot read IP mode file for STMicroelectronics.X-CUBE-AZRTOS-G4.2.0.0
2025-05-18 18:57:59,579 [WARN] PackLoader:240 - Cannot read IP mode file for wolfSSL.I-CUBE-wolfSSH.1.4.20
2025-05-18 18:57:59,604 [WARN] PackLoader:240 - Cannot read IP mode file for STMicroelectronics.X-CUBE-NFC7.2.0.0
2025-05-18 18:57:59,640 [WARN] PackLoader:240 - Cannot read IP mode file for STMicroelectronics.X-CUBE-IPS.3.1.0
2025-05-18 18:57:59,672 [WARN] PackLoader:240 - Cannot read IP mode file for STMicroelectronics.X-CUBE-ALS.1.0.2
2025-05-18 18:57:59,696 [WARN] PackLoader:240 - Cannot read IP mode file for STMicroelectronics.X-CUBE-TOUCHGFX.4.24.2
2025-05-18 18:57:59,725 [WARN] PackLoader:240 - Cannot read IP mode file for portGmbH.I-Cube-SoM-uGOAL.1.1.0
2025-05-18 18:57:59,769 [WARN] PackLoader:240 - Cannot read IP mode file for STMicroelectronics.X-CUBE-AZRTOS-H7RS.1.0.0
2025-05-18 18:57:59,806 [WARN] PackLoader:240 - Cannot read IP mode file for STMicroelectronics.X-CUBE-TOF1.3.4.2
2025-05-18 18:57:59,856 [WARN] PackLoader:240 - Cannot read IP mode file for STMicroelectronics.X-CUBE-TOF1.3.4.3
2025-05-18 18:57:59,873 [INFO] ThirdParty:978 - Integrity check success = true
2025-05-18 18:57:59,873 [INFO] IntegrityCheckThread:100 - exiting critical section [integrity check]
2025-05-18 18:57:59,873 [INFO] IntegrityCheckThread:103 - End integrity checks thread
2025-05-18 18:58:38,914 [INFO] WebApp:190 - Connection lost
2025-05-18 18:58:47,934 [INFO] WebApp:187 - Connection restablished
2025-05-18 19:01:58,435 [INFO] WebApp:190 - Connection lost
2025-05-18 19:01:58,598 [INFO] WebApp:187 - Connection restablished
2025-05-18 19:02:00,219 [ERROR] LogOutputStream:75 - [STDERR_REDIRECT] 19:02:00.215 ERROR Chromium process exit code: -1,073,741,819
2025-05-18 19:02:00,219 [ERROR] LogOutputStream:75 - [STDERR_REDIRECT] 
2025-05-18 19:02:00,221 [ERROR] LogOutputStream:75 - [STDERR_REDIRECT] 19:02:00.220 ERROR Crash dump dir: C:\Users\Flori\AppData\Local\JxBrowser\7.39.2\CrashReports
2025-05-18 19:02:00,221 [ERROR] LogOutputStream:75 - [STDERR_REDIRECT] 
2025-05-18 19:02:00,222 [ERROR] WebApp:398 - JxBrowser engine crashed! Exit code: -1073741819
2025-05-18 19:52:37,862 [ERROR] LogOutputStream:75 - [STDERR_REDIRECT] 
2025-05-18 19:52:37,864 [ERROR] LogOutputStream:75 - [STDERR_REDIRECT] 
